2026-06-29 11:51:44,673 - INFO - Database initialized
2026-07-10 19:37:24,699 - INFO - Database initialized
2026-07-10 19:55:12,936 - ERROR - /command error: 415 Unsupported Media Type: Did not attempt to load JSON data because the request Content-Type was not 'application/json'.
Traceback (most recent call last):
  File "C:\laragon\www\Drone-Dashboard-Website\serverWithForwardV2.py", line 251, in command_route
    payload = request.json
              ^^^^^^^^^^^^
  File "C:\Users\varsz\AppData\Local\Programs\Python\Python313\Lib\site-packages\werkzeug\wrappers\request.py", line 560, in json
    return self.get_json()
           ~~~~~~~~~~~~~^^
  File "C:\Users\varsz\AppData\Local\Programs\Python\Python313\Lib\site-packages\werkzeug\wrappers\request.py", line 604, in get_json
    return self.on_json_loading_failed(None)
           ~~~~~~~~~~~~~~~~~~~~~~~~~~~^^^^^^
  File "C:\Users\varsz\AppData\Local\Programs\Python\Python313\Lib\site-packages\flask\wrappers.py", line 131, in on_json_loading_failed
    return super().on_json_loading_failed(e)
           ~~~~~~~~~~~~~~~~~~~~~~~~~~~~~~^^^
  File "C:\Users\varsz\AppData\Local\Programs\Python\Python313\Lib\site-packages\werkzeug\wrappers\request.py", line 647, in on_json_loading_failed
    raise UnsupportedMediaType(
    ...<2 lines>...
    )
werkzeug.exceptions.UnsupportedMediaType: 415 Unsupported Media Type: Did not attempt to load JSON data because the request Content-Type was not 'application/json'.
2026-07-10 19:57:23,619 - ERROR - /data POST error: 400 Bad Request: The browser (or proxy) sent a request that this server could not understand.
Traceback (most recent call last):
  File "C:\Users\varsz\AppData\Local\Programs\Python\Python313\Lib\site-packages\werkzeug\wrappers\request.py", line 611, in get_json
    rv = self.json_module.loads(data)
  File "C:\Users\varsz\AppData\Local\Programs\Python\Python313\Lib\site-packages\flask\json\provider.py", line 187, in loads
    return json.loads(s, **kwargs)
           ~~~~~~~~~~^^^^^^^^^^^^^
  File "C:\Users\varsz\AppData\Local\Programs\Python\Python313\Lib\json\__init__.py", line 346, in loads
    return _default_decoder.decode(s)
           ~~~~~~~~~~~~~~~~~~~~~~~^^^
  File "C:\Users\varsz\AppData\Local\Programs\Python\Python313\Lib\json\decoder.py", line 345, in decode
    obj, end = self.raw_decode(s, idx=_w(s, 0).end())
               ~~~~~~~~~~~~~~~^^^^^^^^^^^^^^^^^^^^^^^
  File "C:\Users\varsz\AppData\Local\Programs\Python\Python313\Lib\json\decoder.py", line 361, in raw_decode
    obj, end = self.scan_once(s, idx)
               ~~~~~~~~~~~~~~^^^^^^^^
json.decoder.JSONDecodeError: Expecting property name enclosed in double quotes: line 2 column 1 (char 3)

During handling of the above exception, another exception occurred:

Traceback (most recent call last):
  File "C:\Users\varsz\AppData\Local\Programs\Python\Python313\Lib\site-packages\flask\wrappers.py", line 131, in on_json_loading_failed
    return super().on_json_loading_failed(e)
           ~~~~~~~~~~~~~~~~~~~~~~~~~~~~~~^^^
  File "C:\Users\varsz\AppData\Local\Programs\Python\Python313\Lib\site-packages\werkzeug\wrappers\request.py", line 645, in on_json_loading_failed
    raise BadRequest(f"Failed to decode JSON object: {e}")
werkzeug.exceptions.BadRequest: 400 Bad Request: Failed to decode JSON object: Expecting property name enclosed in double quotes: line 2 column 1 (char 3)

The above exception was the direct cause of the following exception:

Traceback (most recent call last):
  File "C:\laragon\www\Drone-Dashboard-Website\serverWithForwardV2.py", line 156, in data_route
    data = request.get_json(force=True)
  File "C:\Users\varsz\AppData\Local\Programs\Python\Python313\Lib\site-packages\werkzeug\wrappers\request.py", line 620, in get_json
    rv = self.on_json_loading_failed(e)
  File "C:\Users\varsz\AppData\Local\Programs\Python\Python313\Lib\site-packages\flask\wrappers.py", line 136, in on_json_loading_failed
    raise BadRequest() from e
werkzeug.exceptions.BadRequest: 400 Bad Request: The browser (or proxy) sent a request that this server could not understand.
2026-07-11 12:02:31,301 - INFO - Database initialized
2026-07-11 12:13:18,672 - INFO - Database initialized
2026-07-11 12:49:23,135 - INFO - Database initialized
2026-07-11 12:50:02,720 - INFO - Cancel requested; command queue cleared
2026-07-11 12:50:16,714 - INFO - Cancel requested; command queue cleared
2026-07-11 12:50:18,148 - INFO - Cancel requested; command queue cleared
2026-07-11 12:50:18,657 - INFO - Cancel requested; command queue cleared
2026-07-11 13:03:10,987 - INFO - Database initialized
2026-07-11 13:09:25,703 - INFO - Database initialized
2026-07-11 13:11:45,249 - INFO - Cancel requested; command queue cleared
2026-07-11 13:11:45,428 - INFO - Cancel requested; command queue cleared
2026-07-11 13:11:45,578 - INFO - Cancel requested; command queue cleared
2026-07-11 13:11:45,755 - INFO - Cancel requested; command queue cleared
2026-07-11 13:11:45,885 - INFO - Cancel requested; command queue cleared
2026-07-11 13:31:17,905 - INFO - Database initialized
2026-07-11 13:44:32,865 - INFO - Cancel requested; command queue cleared
2026-07-11 14:02:29,852 - INFO - Database initialized
2026-07-11 15:30:24,857 - INFO - Cancel requested; command queue cleared
2026-07-11 15:30:25,017 - INFO - Cancel requested; command queue cleared
2026-07-11 15:30:25,140 - INFO - Cancel requested; command queue cleared
2026-07-11 15:30:25,256 - INFO - Cancel requested; command queue cleared
2026-07-11 15:30:25,403 - INFO - Cancel requested; command queue cleared
2026-07-11 15:30:25,512 - INFO - Cancel requested; command queue cleared
2026-07-11 15:30:25,731 - INFO - Cancel requested; command queue cleared
2026-07-11 15:30:25,792 - INFO - Cancel requested; command queue cleared
2026-07-11 15:30:25,995 - INFO - Cancel requested; command queue cleared
2026-07-11 15:30:26,197 - INFO - Cancel requested; command queue cleared
2026-07-11 15:30:26,490 - INFO - Cancel requested; command queue cleared
2026-07-11 15:30:26,696 - INFO - Cancel requested; command queue cleared
2026-07-11 15:31:15,302 - INFO - Cancel requested; command queue cleared
2026-07-11 15:31:55,244 - INFO - Cancel requested; command queue cleared
2026-07-11 16:22:08,974 - INFO - Cancel requested; command queue cleared
2026-07-11 16:22:10,904 - INFO - Cancel requested; command queue cleared
2026-07-11 16:22:11,057 - INFO - Cancel requested; command queue cleared
2026-07-11 16:22:11,203 - INFO - Cancel requested; command queue cleared
2026-07-11 16:22:11,370 - INFO - Cancel requested; command queue cleared
2026-07-11 16:22:11,544 - INFO - Cancel requested; command queue cleared
2026-07-11 16:22:11,669 - INFO - Cancel requested; command queue cleared
2026-07-11 16:22:11,784 - INFO - Cancel requested; command queue cleared
2026-07-11 16:22:11,927 - INFO - Cancel requested; command queue cleared
2026-07-11 16:22:12,071 - INFO - Cancel requested; command queue cleared
2026-07-11 16:22:12,182 - INFO - Cancel requested; command queue cleared
2026-07-11 16:22:12,306 - INFO - Cancel requested; command queue cleared
2026-07-11 16:22:12,432 - INFO - Cancel requested; command queue cleared
2026-07-11 16:22:12,586 - INFO - Cancel requested; command queue cleared
2026-07-11 16:22:12,729 - INFO - Cancel requested; command queue cleared
2026-07-11 16:22:12,951 - INFO - Cancel requested; command queue cleared
2026-07-11 16:23:53,464 - INFO - Cancel requested; command queue cleared
2026-07-11 16:23:53,907 - INFO - Cancel requested; command queue cleared
2026-07-11 16:23:55,079 - INFO - Cancel requested; command queue cleared
2026-07-11 16:23:55,223 - INFO - Cancel requested; command queue cleared
2026-07-11 16:23:55,346 - INFO - Cancel requested; command queue cleared
2026-07-11 16:23:55,554 - INFO - Cancel requested; command queue cleared
2026-07-11 16:26:19,706 - INFO - Cancel requested; command queue cleared
2026-07-11 16:26:20,127 - INFO - Cancel requested; command queue cleared
2026-07-11 16:26:26,960 - INFO - Cancel requested; command queue cleared
2026-07-11 16:26:27,084 - INFO - Cancel requested; command queue cleared
2026-07-11 16:26:27,208 - INFO - Cancel requested; command queue cleared
2026-07-11 16:26:27,365 - INFO - Cancel requested; command queue cleared
2026-07-11 16:26:27,491 - INFO - Cancel requested; command queue cleared
2026-07-11 16:26:27,632 - INFO - Cancel requested; command queue cleared
2026-07-11 16:26:27,771 - INFO - Cancel requested; command queue cleared
2026-07-11 16:26:27,987 - INFO - Cancel requested; command queue cleared
2026-07-11 17:34:12,580 - INFO - Database initialized
2026-07-13 15:41:58,827 - INFO - Database initialized
2026-07-13 16:08:53,527 - INFO - Database initialized
2026-07-13 16:12:41,605 - INFO - Database initialized
2026-07-13 20:04:12,504 - INFO - Database initialized
2026-07-13 20:15:14,540 - INFO - Cancel requested; command queue cleared
2026-07-13 20:15:15,442 - INFO - Cancel requested; command queue cleared
2026-07-13 20:15:21,256 - INFO - Cancel requested; command queue cleared
2026-07-14 12:18:06,380 - ERROR - Failed to init database: 2003: Can't connect to MySQL server on 'localhost:3306' (10061 No connection could be made because the target machine actively refused it)
Traceback (most recent call last):
  File "C:\Users\varsz\AppData\Local\Programs\Python\Python313\Lib\site-packages\mysql\connector\network.py", line 509, in open_connection
    self.sock.connect(sockaddr)
    ~~~~~~~~~~~~~~~~~^^^^^^^^^^
ConnectionRefusedError: [WinError 10061] No connection could be made because the target machine actively refused it

During handling of the above exception, another exception occurred:

Traceback (most recent call last):
  File "C:\laragon\www\Drone-Dashboard-Website\serverWithForwardV2.py", line 66, in initiate_database
    conn = mysql.connector.connect(
        host=DB_CONFIG["host"],
        user=DB_CONFIG["user"],
        password=DB_CONFIG["password"],
    )
  File "C:\Users\varsz\AppData\Local\Programs\Python\Python313\Lib\site-packages\mysql\connector\__init__.py", line 179, in connect
    return MySQLConnection(*args, **kwargs)
  File "C:\Users\varsz\AppData\Local\Programs\Python\Python313\Lib\site-packages\mysql\connector\connection.py", line 95, in __init__
    self.connect(**kwargs)
    ~~~~~~~~~~~~^^^^^^^^^^
  File "C:\Users\varsz\AppData\Local\Programs\Python\Python313\Lib\site-packages\mysql\connector\abstracts.py", line 716, in connect
    self._open_connection()
    ~~~~~~~~~~~~~~~~~~~~~^^
  File "C:\Users\varsz\AppData\Local\Programs\Python\Python313\Lib\site-packages\mysql\connector\connection.py", line 206, in _open_connection
    self._socket.open_connection()
    ~~~~~~~~~~~~~~~~~~~~~~~~~~~~^^
  File "C:\Users\varsz\AppData\Local\Programs\Python\Python313\Lib\site-packages\mysql\connector\network.py", line 511, in open_connection
    raise errors.InterfaceError(
        errno=2003, values=(self.get_address(), _strioerror(err)))
mysql.connector.errors.InterfaceError: 2003: Can't connect to MySQL server on 'localhost:3306' (10061 No connection could be made because the target machine actively refused it)
2026-07-14 12:23:10,651 - ERROR - /recent error: 2003: Can't connect to MySQL server on 'localhost:3306' (10061 No connection could be made because the target machine actively refused it)
Traceback (most recent call last):
  File "C:\Users\varsz\AppData\Local\Programs\Python\Python313\Lib\site-packages\mysql\connector\network.py", line 509, in open_connection
    self.sock.connect(sockaddr)
    ~~~~~~~~~~~~~~~~~^^^^^^^^^^
ConnectionRefusedError: [WinError 10061] No connection could be made because the target machine actively refused it

During handling of the above exception, another exception occurred:

Traceback (most recent call last):
  File "C:\laragon\www\Drone-Dashboard-Website\serverWithForwardV2.py", line 245, in recent_route
    conn = connect_database()
  File "C:\laragon\www\Drone-Dashboard-Website\serverWithForwardV2.py", line 101, in connect_database
    return mysql.connector.connect(
           ~~~~~~~~~~~~~~~~~~~~~~~^
        host=DB_CONFIG["host"],
        ^^^^^^^^^^^^^^^^^^^^^^^
    ...<2 lines>...
        database=DB_CONFIG["database"],
        ^^^^^^^^^^^^^^^^^^^^^^^^^^^^^^^
    )
    ^
  File "C:\Users\varsz\AppData\Local\Programs\Python\Python313\Lib\site-packages\mysql\connector\__init__.py", line 179, in connect
    return MySQLConnection(*args, **kwargs)
  File "C:\Users\varsz\AppData\Local\Programs\Python\Python313\Lib\site-packages\mysql\connector\connection.py", line 95, in __init__
    self.connect(**kwargs)
    ~~~~~~~~~~~~^^^^^^^^^^
  File "C:\Users\varsz\AppData\Local\Programs\Python\Python313\Lib\site-packages\mysql\connector\abstracts.py", line 716, in connect
    self._open_connection()
    ~~~~~~~~~~~~~~~~~~~~~^^
  File "C:\Users\varsz\AppData\Local\Programs\Python\Python313\Lib\site-packages\mysql\connector\connection.py", line 206, in _open_connection
    self._socket.open_connection()
    ~~~~~~~~~~~~~~~~~~~~~~~~~~~~^^
  File "C:\Users\varsz\AppData\Local\Programs\Python\Python313\Lib\site-packages\mysql\connector\network.py", line 511, in open_connection
    raise errors.InterfaceError(
        errno=2003, values=(self.get_address(), _strioerror(err)))
mysql.connector.errors.InterfaceError: 2003: Can't connect to MySQL server on 'localhost:3306' (10061 No connection could be made because the target machine actively refused it)
2026-07-14 12:23:13,588 - ERROR - /recent error: 2003: Can't connect to MySQL server on 'localhost:3306' (10061 No connection could be made because the target machine actively refused it)
Traceback (most recent call last):
  File "C:\Users\varsz\AppData\Local\Programs\Python\Python313\Lib\site-packages\mysql\connector\network.py", line 509, in open_connection
    self.sock.connect(sockaddr)
    ~~~~~~~~~~~~~~~~~^^^^^^^^^^
ConnectionRefusedError: [WinError 10061] No connection could be made because the target machine actively refused it

During handling of the above exception, another exception occurred:

Traceback (most recent call last):
  File "C:\laragon\www\Drone-Dashboard-Website\serverWithForwardV2.py", line 245, in recent_route
    conn = connect_database()
  File "C:\laragon\www\Drone-Dashboard-Website\serverWithForwardV2.py", line 101, in connect_database
    return mysql.connector.connect(
           ~~~~~~~~~~~~~~~~~~~~~~~^
        host=DB_CONFIG["host"],
        ^^^^^^^^^^^^^^^^^^^^^^^
    ...<2 lines>...
        database=DB_CONFIG["database"],
        ^^^^^^^^^^^^^^^^^^^^^^^^^^^^^^^
    )
    ^
  File "C:\Users\varsz\AppData\Local\Programs\Python\Python313\Lib\site-packages\mysql\connector\__init__.py", line 179, in connect
    return MySQLConnection(*args, **kwargs)
  File "C:\Users\varsz\AppData\Local\Programs\Python\Python313\Lib\site-packages\mysql\connector\connection.py", line 95, in __init__
    self.connect(**kwargs)
    ~~~~~~~~~~~~^^^^^^^^^^
  File "C:\Users\varsz\AppData\Local\Programs\Python\Python313\Lib\site-packages\mysql\connector\abstracts.py", line 716, in connect
    self._open_connection()
    ~~~~~~~~~~~~~~~~~~~~~^^
  File "C:\Users\varsz\AppData\Local\Programs\Python\Python313\Lib\site-packages\mysql\connector\connection.py", line 206, in _open_connection
    self._socket.open_connection()
    ~~~~~~~~~~~~~~~~~~~~~~~~~~~~^^
  File "C:\Users\varsz\AppData\Local\Programs\Python\Python313\Lib\site-packages\mysql\connector\network.py", line 511, in open_connection
    raise errors.InterfaceError(
        errno=2003, values=(self.get_address(), _strioerror(err)))
mysql.connector.errors.InterfaceError: 2003: Can't connect to MySQL server on 'localhost:3306' (10061 No connection could be made because the target machine actively refused it)
2026-07-14 12:23:16,572 - ERROR - /recent error: 2003: Can't connect to MySQL server on 'localhost:3306' (10061 No connection could be made because the target machine actively refused it)
Traceback (most recent call last):
  File "C:\Users\varsz\AppData\Local\Programs\Python\Python313\Lib\site-packages\mysql\connector\network.py", line 509, in open_connection
    self.sock.connect(sockaddr)
    ~~~~~~~~~~~~~~~~~^^^^^^^^^^
ConnectionRefusedError: [WinError 10061] No connection could be made because the target machine actively refused it

During handling of the above exception, another exception occurred:

Traceback (most recent call last):
  File "C:\laragon\www\Drone-Dashboard-Website\serverWithForwardV2.py", line 245, in recent_route
    conn = connect_database()
  File "C:\laragon\www\Drone-Dashboard-Website\serverWithForwardV2.py", line 101, in connect_database
    return mysql.connector.connect(
           ~~~~~~~~~~~~~~~~~~~~~~~^
        host=DB_CONFIG["host"],
        ^^^^^^^^^^^^^^^^^^^^^^^
    ...<2 lines>...
        database=DB_CONFIG["database"],
        ^^^^^^^^^^^^^^^^^^^^^^^^^^^^^^^
    )
    ^
  File "C:\Users\varsz\AppData\Local\Programs\Python\Python313\Lib\site-packages\mysql\connector\__init__.py", line 179, in connect
    return MySQLConnection(*args, **kwargs)
  File "C:\Users\varsz\AppData\Local\Programs\Python\Python313\Lib\site-packages\mysql\connector\connection.py", line 95, in __init__
    self.connect(**kwargs)
    ~~~~~~~~~~~~^^^^^^^^^^
  File "C:\Users\varsz\AppData\Local\Programs\Python\Python313\Lib\site-packages\mysql\connector\abstracts.py", line 716, in connect
    self._open_connection()
    ~~~~~~~~~~~~~~~~~~~~~^^
  File "C:\Users\varsz\AppData\Local\Programs\Python\Python313\Lib\site-packages\mysql\connector\connection.py", line 206, in _open_connection
    self._socket.open_connection()
    ~~~~~~~~~~~~~~~~~~~~~~~~~~~~^^
  File "C:\Users\varsz\AppData\Local\Programs\Python\Python313\Lib\site-packages\mysql\connector\network.py", line 511, in open_connection
    raise errors.InterfaceError(
        errno=2003, values=(self.get_address(), _strioerror(err)))
mysql.connector.errors.InterfaceError: 2003: Can't connect to MySQL server on 'localhost:3306' (10061 No connection could be made because the target machine actively refused it)
2026-07-14 12:23:19,593 - ERROR - /recent error: 2003: Can't connect to MySQL server on 'localhost:3306' (10061 No connection could be made because the target machine actively refused it)
Traceback (most recent call last):
  File "C:\Users\varsz\AppData\Local\Programs\Python\Python313\Lib\site-packages\mysql\connector\network.py", line 509, in open_connection
    self.sock.connect(sockaddr)
    ~~~~~~~~~~~~~~~~~^^^^^^^^^^
ConnectionRefusedError: [WinError 10061] No connection could be made because the target machine actively refused it

During handling of the above exception, another exception occurred:

Traceback (most recent call last):
  File "C:\laragon\www\Drone-Dashboard-Website\serverWithForwardV2.py", line 245, in recent_route
    conn = connect_database()
  File "C:\laragon\www\Drone-Dashboard-Website\serverWithForwardV2.py", line 101, in connect_database
    return mysql.connector.connect(
           ~~~~~~~~~~~~~~~~~~~~~~~^
        host=DB_CONFIG["host"],
        ^^^^^^^^^^^^^^^^^^^^^^^
    ...<2 lines>...
        database=DB_CONFIG["database"],
        ^^^^^^^^^^^^^^^^^^^^^^^^^^^^^^^
    )
    ^
  File "C:\Users\varsz\AppData\Local\Programs\Python\Python313\Lib\site-packages\mysql\connector\__init__.py", line 179, in connect
    return MySQLConnection(*args, **kwargs)
  File "C:\Users\varsz\AppData\Local\Programs\Python\Python313\Lib\site-packages\mysql\connector\connection.py", line 95, in __init__
    self.connect(**kwargs)
    ~~~~~~~~~~~~^^^^^^^^^^
  File "C:\Users\varsz\AppData\Local\Programs\Python\Python313\Lib\site-packages\mysql\connector\abstracts.py", line 716, in connect
    self._open_connection()
    ~~~~~~~~~~~~~~~~~~~~~^^
  File "C:\Users\varsz\AppData\Local\Programs\Python\Python313\Lib\site-packages\mysql\connector\connection.py", line 206, in _open_connection
    self._socket.open_connection()
    ~~~~~~~~~~~~~~~~~~~~~~~~~~~~^^
  File "C:\Users\varsz\AppData\Local\Programs\Python\Python313\Lib\site-packages\mysql\connector\network.py", line 511, in open_connection
    raise errors.InterfaceError(
        errno=2003, values=(self.get_address(), _strioerror(err)))
mysql.connector.errors.InterfaceError: 2003: Can't connect to MySQL server on 'localhost:3306' (10061 No connection could be made because the target machine actively refused it)
2026-07-14 12:23:22,584 - ERROR - /recent error: 2003: Can't connect to MySQL server on 'localhost:3306' (10061 No connection could be made because the target machine actively refused it)
Traceback (most recent call last):
  File "C:\Users\varsz\AppData\Local\Programs\Python\Python313\Lib\site-packages\mysql\connector\network.py", line 509, in open_connection
    self.sock.connect(sockaddr)
    ~~~~~~~~~~~~~~~~~^^^^^^^^^^
ConnectionRefusedError: [WinError 10061] No connection could be made because the target machine actively refused it

During handling of the above exception, another exception occurred:

Traceback (most recent call last):
  File "C:\laragon\www\Drone-Dashboard-Website\serverWithForwardV2.py", line 245, in recent_route
    conn = connect_database()
  File "C:\laragon\www\Drone-Dashboard-Website\serverWithForwardV2.py", line 101, in connect_database
    return mysql.connector.connect(
           ~~~~~~~~~~~~~~~~~~~~~~~^
        host=DB_CONFIG["host"],
        ^^^^^^^^^^^^^^^^^^^^^^^
    ...<2 lines>...
        database=DB_CONFIG["database"],
        ^^^^^^^^^^^^^^^^^^^^^^^^^^^^^^^
    )
    ^
  File "C:\Users\varsz\AppData\Local\Programs\Python\Python313\Lib\site-packages\mysql\connector\__init__.py", line 179, in connect
    return MySQLConnection(*args, **kwargs)
  File "C:\Users\varsz\AppData\Local\Programs\Python\Python313\Lib\site-packages\mysql\connector\connection.py", line 95, in __init__
    self.connect(**kwargs)
    ~~~~~~~~~~~~^^^^^^^^^^
  File "C:\Users\varsz\AppData\Local\Programs\Python\Python313\Lib\site-packages\mysql\connector\abstracts.py", line 716, in connect
    self._open_connection()
    ~~~~~~~~~~~~~~~~~~~~~^^
  File "C:\Users\varsz\AppData\Local\Programs\Python\Python313\Lib\site-packages\mysql\connector\connection.py", line 206, in _open_connection
    self._socket.open_connection()
    ~~~~~~~~~~~~~~~~~~~~~~~~~~~~^^
  File "C:\Users\varsz\AppData\Local\Programs\Python\Python313\Lib\site-packages\mysql\connector\network.py", line 511, in open_connection
    raise errors.InterfaceError(
        errno=2003, values=(self.get_address(), _strioerror(err)))
mysql.connector.errors.InterfaceError: 2003: Can't connect to MySQL server on 'localhost:3306' (10061 No connection could be made because the target machine actively refused it)
2026-07-14 12:23:25,575 - ERROR - /recent error: 2003: Can't connect to MySQL server on 'localhost:3306' (10061 No connection could be made because the target machine actively refused it)
Traceback (most recent call last):
  File "C:\Users\varsz\AppData\Local\Programs\Python\Python313\Lib\site-packages\mysql\connector\network.py", line 509, in open_connection
    self.sock.connect(sockaddr)
    ~~~~~~~~~~~~~~~~~^^^^^^^^^^
ConnectionRefusedError: [WinError 10061] No connection could be made because the target machine actively refused it

During handling of the above exception, another exception occurred:

Traceback (most recent call last):
  File "C:\laragon\www\Drone-Dashboard-Website\serverWithForwardV2.py", line 245, in recent_route
    conn = connect_database()
  File "C:\laragon\www\Drone-Dashboard-Website\serverWithForwardV2.py", line 101, in connect_database
    return mysql.connector.connect(
           ~~~~~~~~~~~~~~~~~~~~~~~^
        host=DB_CONFIG["host"],
        ^^^^^^^^^^^^^^^^^^^^^^^
    ...<2 lines>...
        database=DB_CONFIG["database"],
        ^^^^^^^^^^^^^^^^^^^^^^^^^^^^^^^
    )
    ^
  File "C:\Users\varsz\AppData\Local\Programs\Python\Python313\Lib\site-packages\mysql\connector\__init__.py", line 179, in connect
    return MySQLConnection(*args, **kwargs)
  File "C:\Users\varsz\AppData\Local\Programs\Python\Python313\Lib\site-packages\mysql\connector\connection.py", line 95, in __init__
    self.connect(**kwargs)
    ~~~~~~~~~~~~^^^^^^^^^^
  File "C:\Users\varsz\AppData\Local\Programs\Python\Python313\Lib\site-packages\mysql\connector\abstracts.py", line 716, in connect
    self._open_connection()
    ~~~~~~~~~~~~~~~~~~~~~^^
  File "C:\Users\varsz\AppData\Local\Programs\Python\Python313\Lib\site-packages\mysql\connector\connection.py", line 206, in _open_connection
    self._socket.open_connection()
    ~~~~~~~~~~~~~~~~~~~~~~~~~~~~^^
  File "C:\Users\varsz\AppData\Local\Programs\Python\Python313\Lib\site-packages\mysql\connector\network.py", line 511, in open_connection
    raise errors.InterfaceError(
        errno=2003, values=(self.get_address(), _strioerror(err)))
mysql.connector.errors.InterfaceError: 2003: Can't connect to MySQL server on 'localhost:3306' (10061 No connection could be made because the target machine actively refused it)
2026-07-14 12:23:28,587 - ERROR - /recent error: 2003: Can't connect to MySQL server on 'localhost:3306' (10061 No connection could be made because the target machine actively refused it)
Traceback (most recent call last):
  File "C:\Users\varsz\AppData\Local\Programs\Python\Python313\Lib\site-packages\mysql\connector\network.py", line 509, in open_connection
    self.sock.connect(sockaddr)
    ~~~~~~~~~~~~~~~~~^^^^^^^^^^
ConnectionRefusedError: [WinError 10061] No connection could be made because the target machine actively refused it

During handling of the above exception, another exception occurred:

Traceback (most recent call last):
  File "C:\laragon\www\Drone-Dashboard-Website\serverWithForwardV2.py", line 245, in recent_route
    conn = connect_database()
  File "C:\laragon\www\Drone-Dashboard-Website\serverWithForwardV2.py", line 101, in connect_database
    return mysql.connector.connect(
           ~~~~~~~~~~~~~~~~~~~~~~~^
        host=DB_CONFIG["host"],
        ^^^^^^^^^^^^^^^^^^^^^^^
    ...<2 lines>...
        database=DB_CONFIG["database"],
        ^^^^^^^^^^^^^^^^^^^^^^^^^^^^^^^
    )
    ^
  File "C:\Users\varsz\AppData\Local\Programs\Python\Python313\Lib\site-packages\mysql\connector\__init__.py", line 179, in connect
    return MySQLConnection(*args, **kwargs)
  File "C:\Users\varsz\AppData\Local\Programs\Python\Python313\Lib\site-packages\mysql\connector\connection.py", line 95, in __init__
    self.connect(**kwargs)
    ~~~~~~~~~~~~^^^^^^^^^^
  File "C:\Users\varsz\AppData\Local\Programs\Python\Python313\Lib\site-packages\mysql\connector\abstracts.py", line 716, in connect
    self._open_connection()
    ~~~~~~~~~~~~~~~~~~~~~^^
  File "C:\Users\varsz\AppData\Local\Programs\Python\Python313\Lib\site-packages\mysql\connector\connection.py", line 206, in _open_connection
    self._socket.open_connection()
    ~~~~~~~~~~~~~~~~~~~~~~~~~~~~^^
  File "C:\Users\varsz\AppData\Local\Programs\Python\Python313\Lib\site-packages\mysql\connector\network.py", line 511, in open_connection
    raise errors.InterfaceError(
        errno=2003, values=(self.get_address(), _strioerror(err)))
mysql.connector.errors.InterfaceError: 2003: Can't connect to MySQL server on 'localhost:3306' (10061 No connection could be made because the target machine actively refused it)
2026-07-14 12:23:31,599 - ERROR - /recent error: 2003: Can't connect to MySQL server on 'localhost:3306' (10061 No connection could be made because the target machine actively refused it)
Traceback (most recent call last):
  File "C:\Users\varsz\AppData\Local\Programs\Python\Python313\Lib\site-packages\mysql\connector\network.py", line 509, in open_connection
    self.sock.connect(sockaddr)
    ~~~~~~~~~~~~~~~~~^^^^^^^^^^
ConnectionRefusedError: [WinError 10061] No connection could be made because the target machine actively refused it

During handling of the above exception, another exception occurred:

Traceback (most recent call last):
  File "C:\laragon\www\Drone-Dashboard-Website\serverWithForwardV2.py", line 245, in recent_route
    conn = connect_database()
  File "C:\laragon\www\Drone-Dashboard-Website\serverWithForwardV2.py", line 101, in connect_database
    return mysql.connector.connect(
           ~~~~~~~~~~~~~~~~~~~~~~~^
        host=DB_CONFIG["host"],
        ^^^^^^^^^^^^^^^^^^^^^^^
    ...<2 lines>...
        database=DB_CONFIG["database"],
        ^^^^^^^^^^^^^^^^^^^^^^^^^^^^^^^
    )
    ^
  File "C:\Users\varsz\AppData\Local\Programs\Python\Python313\Lib\site-packages\mysql\connector\__init__.py", line 179, in connect
    return MySQLConnection(*args, **kwargs)
  File "C:\Users\varsz\AppData\Local\Programs\Python\Python313\Lib\site-packages\mysql\connector\connection.py", line 95, in __init__
    self.connect(**kwargs)
    ~~~~~~~~~~~~^^^^^^^^^^
  File "C:\Users\varsz\AppData\Local\Programs\Python\Python313\Lib\site-packages\mysql\connector\abstracts.py", line 716, in connect
    self._open_connection()
    ~~~~~~~~~~~~~~~~~~~~~^^
  File "C:\Users\varsz\AppData\Local\Programs\Python\Python313\Lib\site-packages\mysql\connector\connection.py", line 206, in _open_connection
    self._socket.open_connection()
    ~~~~~~~~~~~~~~~~~~~~~~~~~~~~^^
  File "C:\Users\varsz\AppData\Local\Programs\Python\Python313\Lib\site-packages\mysql\connector\network.py", line 511, in open_connection
    raise errors.InterfaceError(
        errno=2003, values=(self.get_address(), _strioerror(err)))
mysql.connector.errors.InterfaceError: 2003: Can't connect to MySQL server on 'localhost:3306' (10061 No connection could be made because the target machine actively refused it)
2026-07-14 12:23:34,592 - ERROR - /recent error: 2003: Can't connect to MySQL server on 'localhost:3306' (10061 No connection could be made because the target machine actively refused it)
Traceback (most recent call last):
  File "C:\Users\varsz\AppData\Local\Programs\Python\Python313\Lib\site-packages\mysql\connector\network.py", line 509, in open_connection
    self.sock.connect(sockaddr)
    ~~~~~~~~~~~~~~~~~^^^^^^^^^^
ConnectionRefusedError: [WinError 10061] No connection could be made because the target machine actively refused it

During handling of the above exception, another exception occurred:

Traceback (most recent call last):
  File "C:\laragon\www\Drone-Dashboard-Website\serverWithForwardV2.py", line 245, in recent_route
    conn = connect_database()
  File "C:\laragon\www\Drone-Dashboard-Website\serverWithForwardV2.py", line 101, in connect_database
    return mysql.connector.connect(
           ~~~~~~~~~~~~~~~~~~~~~~~^
        host=DB_CONFIG["host"],
        ^^^^^^^^^^^^^^^^^^^^^^^
    ...<2 lines>...
        database=DB_CONFIG["database"],
        ^^^^^^^^^^^^^^^^^^^^^^^^^^^^^^^
    )
    ^
  File "C:\Users\varsz\AppData\Local\Programs\Python\Python313\Lib\site-packages\mysql\connector\__init__.py", line 179, in connect
    return MySQLConnection(*args, **kwargs)
  File "C:\Users\varsz\AppData\Local\Programs\Python\Python313\Lib\site-packages\mysql\connector\connection.py", line 95, in __init__
    self.connect(**kwargs)
    ~~~~~~~~~~~~^^^^^^^^^^
  File "C:\Users\varsz\AppData\Local\Programs\Python\Python313\Lib\site-packages\mysql\connector\abstracts.py", line 716, in connect
    self._open_connection()
    ~~~~~~~~~~~~~~~~~~~~~^^
  File "C:\Users\varsz\AppData\Local\Programs\Python\Python313\Lib\site-packages\mysql\connector\connection.py", line 206, in _open_connection
    self._socket.open_connection()
    ~~~~~~~~~~~~~~~~~~~~~~~~~~~~^^
  File "C:\Users\varsz\AppData\Local\Programs\Python\Python313\Lib\site-packages\mysql\connector\network.py", line 511, in open_connection
    raise errors.InterfaceError(
        errno=2003, values=(self.get_address(), _strioerror(err)))
mysql.connector.errors.InterfaceError: 2003: Can't connect to MySQL server on 'localhost:3306' (10061 No connection could be made because the target machine actively refused it)
2026-07-14 12:23:37,590 - ERROR - /recent error: 2003: Can't connect to MySQL server on 'localhost:3306' (10061 No connection could be made because the target machine actively refused it)
Traceback (most recent call last):
  File "C:\Users\varsz\AppData\Local\Programs\Python\Python313\Lib\site-packages\mysql\connector\network.py", line 509, in open_connection
    self.sock.connect(sockaddr)
    ~~~~~~~~~~~~~~~~~^^^^^^^^^^
ConnectionRefusedError: [WinError 10061] No connection could be made because the target machine actively refused it

During handling of the above exception, another exception occurred:

Traceback (most recent call last):
  File "C:\laragon\www\Drone-Dashboard-Website\serverWithForwardV2.py", line 245, in recent_route
    conn = connect_database()
  File "C:\laragon\www\Drone-Dashboard-Website\serverWithForwardV2.py", line 101, in connect_database
    return mysql.connector.connect(
           ~~~~~~~~~~~~~~~~~~~~~~~^
        host=DB_CONFIG["host"],
        ^^^^^^^^^^^^^^^^^^^^^^^
    ...<2 lines>...
        database=DB_CONFIG["database"],
        ^^^^^^^^^^^^^^^^^^^^^^^^^^^^^^^
    )
    ^
  File "C:\Users\varsz\AppData\Local\Programs\Python\Python313\Lib\site-packages\mysql\connector\__init__.py", line 179, in connect
    return MySQLConnection(*args, **kwargs)
  File "C:\Users\varsz\AppData\Local\Programs\Python\Python313\Lib\site-packages\mysql\connector\connection.py", line 95, in __init__
    self.connect(**kwargs)
    ~~~~~~~~~~~~^^^^^^^^^^
  File "C:\Users\varsz\AppData\Local\Programs\Python\Python313\Lib\site-packages\mysql\connector\abstracts.py", line 716, in connect
    self._open_connection()
    ~~~~~~~~~~~~~~~~~~~~~^^
  File "C:\Users\varsz\AppData\Local\Programs\Python\Python313\Lib\site-packages\mysql\connector\connection.py", line 206, in _open_connection
    self._socket.open_connection()
    ~~~~~~~~~~~~~~~~~~~~~~~~~~~~^^
  File "C:\Users\varsz\AppData\Local\Programs\Python\Python313\Lib\site-packages\mysql\connector\network.py", line 511, in open_connection
    raise errors.InterfaceError(
        errno=2003, values=(self.get_address(), _strioerror(err)))
mysql.connector.errors.InterfaceError: 2003: Can't connect to MySQL server on 'localhost:3306' (10061 No connection could be made because the target machine actively refused it)
2026-07-14 12:23:40,600 - ERROR - /recent error: 2003: Can't connect to MySQL server on 'localhost:3306' (10061 No connection could be made because the target machine actively refused it)
Traceback (most recent call last):
  File "C:\Users\varsz\AppData\Local\Programs\Python\Python313\Lib\site-packages\mysql\connector\network.py", line 509, in open_connection
    self.sock.connect(sockaddr)
    ~~~~~~~~~~~~~~~~~^^^^^^^^^^
ConnectionRefusedError: [WinError 10061] No connection could be made because the target machine actively refused it

During handling of the above exception, another exception occurred:

Traceback (most recent call last):
  File "C:\laragon\www\Drone-Dashboard-Website\serverWithForwardV2.py", line 245, in recent_route
    conn = connect_database()
  File "C:\laragon\www\Drone-Dashboard-Website\serverWithForwardV2.py", line 101, in connect_database
    return mysql.connector.connect(
           ~~~~~~~~~~~~~~~~~~~~~~~^
        host=DB_CONFIG["host"],
        ^^^^^^^^^^^^^^^^^^^^^^^
    ...<2 lines>...
        database=DB_CONFIG["database"],
        ^^^^^^^^^^^^^^^^^^^^^^^^^^^^^^^
    )
    ^
  File "C:\Users\varsz\AppData\Local\Programs\Python\Python313\Lib\site-packages\mysql\connector\__init__.py", line 179, in connect
    return MySQLConnection(*args, **kwargs)
  File "C:\Users\varsz\AppData\Local\Programs\Python\Python313\Lib\site-packages\mysql\connector\connection.py", line 95, in __init__
    self.connect(**kwargs)
    ~~~~~~~~~~~~^^^^^^^^^^
  File "C:\Users\varsz\AppData\Local\Programs\Python\Python313\Lib\site-packages\mysql\connector\abstracts.py", line 716, in connect
    self._open_connection()
    ~~~~~~~~~~~~~~~~~~~~~^^
  File "C:\Users\varsz\AppData\Local\Programs\Python\Python313\Lib\site-packages\mysql\connector\connection.py", line 206, in _open_connection
    self._socket.open_connection()
    ~~~~~~~~~~~~~~~~~~~~~~~~~~~~^^
  File "C:\Users\varsz\AppData\Local\Programs\Python\Python313\Lib\site-packages\mysql\connector\network.py", line 511, in open_connection
    raise errors.InterfaceError(
        errno=2003, values=(self.get_address(), _strioerror(err)))
mysql.connector.errors.InterfaceError: 2003: Can't connect to MySQL server on 'localhost:3306' (10061 No connection could be made because the target machine actively refused it)
2026-07-14 12:23:43,610 - ERROR - /recent error: 2003: Can't connect to MySQL server on 'localhost:3306' (10061 No connection could be made because the target machine actively refused it)
Traceback (most recent call last):
  File "C:\Users\varsz\AppData\Local\Programs\Python\Python313\Lib\site-packages\mysql\connector\network.py", line 509, in open_connection
    self.sock.connect(sockaddr)
    ~~~~~~~~~~~~~~~~~^^^^^^^^^^
ConnectionRefusedError: [WinError 10061] No connection could be made because the target machine actively refused it

During handling of the above exception, another exception occurred:

Traceback (most recent call last):
  File "C:\laragon\www\Drone-Dashboard-Website\serverWithForwardV2.py", line 245, in recent_route
    conn = connect_database()
  File "C:\laragon\www\Drone-Dashboard-Website\serverWithForwardV2.py", line 101, in connect_database
    return mysql.connector.connect(
           ~~~~~~~~~~~~~~~~~~~~~~~^
        host=DB_CONFIG["host"],
        ^^^^^^^^^^^^^^^^^^^^^^^
    ...<2 lines>...
        database=DB_CONFIG["database"],
        ^^^^^^^^^^^^^^^^^^^^^^^^^^^^^^^
    )
    ^
  File "C:\Users\varsz\AppData\Local\Programs\Python\Python313\Lib\site-packages\mysql\connector\__init__.py", line 179, in connect
    return MySQLConnection(*args, **kwargs)
  File "C:\Users\varsz\AppData\Local\Programs\Python\Python313\Lib\site-packages\mysql\connector\connection.py", line 95, in __init__
    self.connect(**kwargs)
    ~~~~~~~~~~~~^^^^^^^^^^
  File "C:\Users\varsz\AppData\Local\Programs\Python\Python313\Lib\site-packages\mysql\connector\abstracts.py", line 716, in connect
    self._open_connection()
    ~~~~~~~~~~~~~~~~~~~~~^^
  File "C:\Users\varsz\AppData\Local\Programs\Python\Python313\Lib\site-packages\mysql\connector\connection.py", line 206, in _open_connection
    self._socket.open_connection()
    ~~~~~~~~~~~~~~~~~~~~~~~~~~~~^^
  File "C:\Users\varsz\AppData\Local\Programs\Python\Python313\Lib\site-packages\mysql\connector\network.py", line 511, in open_connection
    raise errors.InterfaceError(
        errno=2003, values=(self.get_address(), _strioerror(err)))
mysql.connector.errors.InterfaceError: 2003: Can't connect to MySQL server on 'localhost:3306' (10061 No connection could be made because the target machine actively refused it)
2026-07-14 12:23:46,595 - ERROR - /recent error: 2003: Can't connect to MySQL server on 'localhost:3306' (10061 No connection could be made because the target machine actively refused it)
Traceback (most recent call last):
  File "C:\Users\varsz\AppData\Local\Programs\Python\Python313\Lib\site-packages\mysql\connector\network.py", line 509, in open_connection
    self.sock.connect(sockaddr)
    ~~~~~~~~~~~~~~~~~^^^^^^^^^^
ConnectionRefusedError: [WinError 10061] No connection could be made because the target machine actively refused it

During handling of the above exception, another exception occurred:

Traceback (most recent call last):
  File "C:\laragon\www\Drone-Dashboard-Website\serverWithForwardV2.py", line 245, in recent_route
    conn = connect_database()
  File "C:\laragon\www\Drone-Dashboard-Website\serverWithForwardV2.py", line 101, in connect_database
    return mysql.connector.connect(
           ~~~~~~~~~~~~~~~~~~~~~~~^
        host=DB_CONFIG["host"],
        ^^^^^^^^^^^^^^^^^^^^^^^
    ...<2 lines>...
        database=DB_CONFIG["database"],
        ^^^^^^^^^^^^^^^^^^^^^^^^^^^^^^^
    )
    ^
  File "C:\Users\varsz\AppData\Local\Programs\Python\Python313\Lib\site-packages\mysql\connector\__init__.py", line 179, in connect
    return MySQLConnection(*args, **kwargs)
  File "C:\Users\varsz\AppData\Local\Programs\Python\Python313\Lib\site-packages\mysql\connector\connection.py", line 95, in __init__
    self.connect(**kwargs)
    ~~~~~~~~~~~~^^^^^^^^^^
  File "C:\Users\varsz\AppData\Local\Programs\Python\Python313\Lib\site-packages\mysql\connector\abstracts.py", line 716, in connect
    self._open_connection()
    ~~~~~~~~~~~~~~~~~~~~~^^
  File "C:\Users\varsz\AppData\Local\Programs\Python\Python313\Lib\site-packages\mysql\connector\connection.py", line 206, in _open_connection
    self._socket.open_connection()
    ~~~~~~~~~~~~~~~~~~~~~~~~~~~~^^
  File "C:\Users\varsz\AppData\Local\Programs\Python\Python313\Lib\site-packages\mysql\connector\network.py", line 511, in open_connection
    raise errors.InterfaceError(
        errno=2003, values=(self.get_address(), _strioerror(err)))
mysql.connector.errors.InterfaceError: 2003: Can't connect to MySQL server on 'localhost:3306' (10061 No connection could be made because the target machine actively refused it)
2026-07-14 12:23:49,598 - ERROR - /recent error: 2003: Can't connect to MySQL server on 'localhost:3306' (10061 No connection could be made because the target machine actively refused it)
Traceback (most recent call last):
  File "C:\Users\varsz\AppData\Local\Programs\Python\Python313\Lib\site-packages\mysql\connector\network.py", line 509, in open_connection
    self.sock.connect(sockaddr)
    ~~~~~~~~~~~~~~~~~^^^^^^^^^^
ConnectionRefusedError: [WinError 10061] No connection could be made because the target machine actively refused it

During handling of the above exception, another exception occurred:

Traceback (most recent call last):
  File "C:\laragon\www\Drone-Dashboard-Website\serverWithForwardV2.py", line 245, in recent_route
    conn = connect_database()
  File "C:\laragon\www\Drone-Dashboard-Website\serverWithForwardV2.py", line 101, in connect_database
    return mysql.connector.connect(
           ~~~~~~~~~~~~~~~~~~~~~~~^
        host=DB_CONFIG["host"],
        ^^^^^^^^^^^^^^^^^^^^^^^
    ...<2 lines>...
        database=DB_CONFIG["database"],
        ^^^^^^^^^^^^^^^^^^^^^^^^^^^^^^^
    )
    ^
  File "C:\Users\varsz\AppData\Local\Programs\Python\Python313\Lib\site-packages\mysql\connector\__init__.py", line 179, in connect
    return MySQLConnection(*args, **kwargs)
  File "C:\Users\varsz\AppData\Local\Programs\Python\Python313\Lib\site-packages\mysql\connector\connection.py", line 95, in __init__
    self.connect(**kwargs)
    ~~~~~~~~~~~~^^^^^^^^^^
  File "C:\Users\varsz\AppData\Local\Programs\Python\Python313\Lib\site-packages\mysql\connector\abstracts.py", line 716, in connect
    self._open_connection()
    ~~~~~~~~~~~~~~~~~~~~~^^
  File "C:\Users\varsz\AppData\Local\Programs\Python\Python313\Lib\site-packages\mysql\connector\connection.py", line 206, in _open_connection
    self._socket.open_connection()
    ~~~~~~~~~~~~~~~~~~~~~~~~~~~~^^
  File "C:\Users\varsz\AppData\Local\Programs\Python\Python313\Lib\site-packages\mysql\connector\network.py", line 511, in open_connection
    raise errors.InterfaceError(
        errno=2003, values=(self.get_address(), _strioerror(err)))
mysql.connector.errors.InterfaceError: 2003: Can't connect to MySQL server on 'localhost:3306' (10061 No connection could be made because the target machine actively refused it)
2026-07-14 12:23:52,606 - ERROR - /recent error: 2003: Can't connect to MySQL server on 'localhost:3306' (10061 No connection could be made because the target machine actively refused it)
Traceback (most recent call last):
  File "C:\Users\varsz\AppData\Local\Programs\Python\Python313\Lib\site-packages\mysql\connector\network.py", line 509, in open_connection
    self.sock.connect(sockaddr)
    ~~~~~~~~~~~~~~~~~^^^^^^^^^^
ConnectionRefusedError: [WinError 10061] No connection could be made because the target machine actively refused it

During handling of the above exception, another exception occurred:

Traceback (most recent call last):
  File "C:\laragon\www\Drone-Dashboard-Website\serverWithForwardV2.py", line 245, in recent_route
    conn = connect_database()
  File "C:\laragon\www\Drone-Dashboard-Website\serverWithForwardV2.py", line 101, in connect_database
    return mysql.connector.connect(
           ~~~~~~~~~~~~~~~~~~~~~~~^
        host=DB_CONFIG["host"],
        ^^^^^^^^^^^^^^^^^^^^^^^
    ...<2 lines>...
        database=DB_CONFIG["database"],
        ^^^^^^^^^^^^^^^^^^^^^^^^^^^^^^^
    )
    ^
  File "C:\Users\varsz\AppData\Local\Programs\Python\Python313\Lib\site-packages\mysql\connector\__init__.py", line 179, in connect
    return MySQLConnection(*args, **kwargs)
  File "C:\Users\varsz\AppData\Local\Programs\Python\Python313\Lib\site-packages\mysql\connector\connection.py", line 95, in __init__
    self.connect(**kwargs)
    ~~~~~~~~~~~~^^^^^^^^^^
  File "C:\Users\varsz\AppData\Local\Programs\Python\Python313\Lib\site-packages\mysql\connector\abstracts.py", line 716, in connect
    self._open_connection()
    ~~~~~~~~~~~~~~~~~~~~~^^
  File "C:\Users\varsz\AppData\Local\Programs\Python\Python313\Lib\site-packages\mysql\connector\connection.py", line 206, in _open_connection
    self._socket.open_connection()
    ~~~~~~~~~~~~~~~~~~~~~~~~~~~~^^
  File "C:\Users\varsz\AppData\Local\Programs\Python\Python313\Lib\site-packages\mysql\connector\network.py", line 511, in open_connection
    raise errors.InterfaceError(
        errno=2003, values=(self.get_address(), _strioerror(err)))
mysql.connector.errors.InterfaceError: 2003: Can't connect to MySQL server on 'localhost:3306' (10061 No connection could be made because the target machine actively refused it)
2026-07-14 12:23:55,603 - ERROR - /recent error: 2003: Can't connect to MySQL server on 'localhost:3306' (10061 No connection could be made because the target machine actively refused it)
Traceback (most recent call last):
  File "C:\Users\varsz\AppData\Local\Programs\Python\Python313\Lib\site-packages\mysql\connector\network.py", line 509, in open_connection
    self.sock.connect(sockaddr)
    ~~~~~~~~~~~~~~~~~^^^^^^^^^^
ConnectionRefusedError: [WinError 10061] No connection could be made because the target machine actively refused it

During handling of the above exception, another exception occurred:

Traceback (most recent call last):
  File "C:\laragon\www\Drone-Dashboard-Website\serverWithForwardV2.py", line 245, in recent_route
    conn = connect_database()
  File "C:\laragon\www\Drone-Dashboard-Website\serverWithForwardV2.py", line 101, in connect_database
    return mysql.connector.connect(
           ~~~~~~~~~~~~~~~~~~~~~~~^
        host=DB_CONFIG["host"],
        ^^^^^^^^^^^^^^^^^^^^^^^
    ...<2 lines>...
        database=DB_CONFIG["database"],
        ^^^^^^^^^^^^^^^^^^^^^^^^^^^^^^^
    )
    ^
  File "C:\Users\varsz\AppData\Local\Programs\Python\Python313\Lib\site-packages\mysql\connector\__init__.py", line 179, in connect
    return MySQLConnection(*args, **kwargs)
  File "C:\Users\varsz\AppData\Local\Programs\Python\Python313\Lib\site-packages\mysql\connector\connection.py", line 95, in __init__
    self.connect(**kwargs)
    ~~~~~~~~~~~~^^^^^^^^^^
  File "C:\Users\varsz\AppData\Local\Programs\Python\Python313\Lib\site-packages\mysql\connector\abstracts.py", line 716, in connect
    self._open_connection()
    ~~~~~~~~~~~~~~~~~~~~~^^
  File "C:\Users\varsz\AppData\Local\Programs\Python\Python313\Lib\site-packages\mysql\connector\connection.py", line 206, in _open_connection
    self._socket.open_connection()
    ~~~~~~~~~~~~~~~~~~~~~~~~~~~~^^
  File "C:\Users\varsz\AppData\Local\Programs\Python\Python313\Lib\site-packages\mysql\connector\network.py", line 511, in open_connection
    raise errors.InterfaceError(
        errno=2003, values=(self.get_address(), _strioerror(err)))
mysql.connector.errors.InterfaceError: 2003: Can't connect to MySQL server on 'localhost:3306' (10061 No connection could be made because the target machine actively refused it)
2026-07-14 12:23:58,597 - ERROR - /recent error: 2003: Can't connect to MySQL server on 'localhost:3306' (10061 No connection could be made because the target machine actively refused it)
Traceback (most recent call last):
  File "C:\Users\varsz\AppData\Local\Programs\Python\Python313\Lib\site-packages\mysql\connector\network.py", line 509, in open_connection
    self.sock.connect(sockaddr)
    ~~~~~~~~~~~~~~~~~^^^^^^^^^^
ConnectionRefusedError: [WinError 10061] No connection could be made because the target machine actively refused it

During handling of the above exception, another exception occurred:

Traceback (most recent call last):
  File "C:\laragon\www\Drone-Dashboard-Website\serverWithForwardV2.py", line 245, in recent_route
    conn = connect_database()
  File "C:\laragon\www\Drone-Dashboard-Website\serverWithForwardV2.py", line 101, in connect_database
    return mysql.connector.connect(
           ~~~~~~~~~~~~~~~~~~~~~~~^
        host=DB_CONFIG["host"],
        ^^^^^^^^^^^^^^^^^^^^^^^
    ...<2 lines>...
        database=DB_CONFIG["database"],
        ^^^^^^^^^^^^^^^^^^^^^^^^^^^^^^^
    )
    ^
  File "C:\Users\varsz\AppData\Local\Programs\Python\Python313\Lib\site-packages\mysql\connector\__init__.py", line 179, in connect
    return MySQLConnection(*args, **kwargs)
  File "C:\Users\varsz\AppData\Local\Programs\Python\Python313\Lib\site-packages\mysql\connector\connection.py", line 95, in __init__
    self.connect(**kwargs)
    ~~~~~~~~~~~~^^^^^^^^^^
  File "C:\Users\varsz\AppData\Local\Programs\Python\Python313\Lib\site-packages\mysql\connector\abstracts.py", line 716, in connect
    self._open_connection()
    ~~~~~~~~~~~~~~~~~~~~~^^
  File "C:\Users\varsz\AppData\Local\Programs\Python\Python313\Lib\site-packages\mysql\connector\connection.py", line 206, in _open_connection
    self._socket.open_connection()
    ~~~~~~~~~~~~~~~~~~~~~~~~~~~~^^
  File "C:\Users\varsz\AppData\Local\Programs\Python\Python313\Lib\site-packages\mysql\connector\network.py", line 511, in open_connection
    raise errors.InterfaceError(
        errno=2003, values=(self.get_address(), _strioerror(err)))
mysql.connector.errors.InterfaceError: 2003: Can't connect to MySQL server on 'localhost:3306' (10061 No connection could be made because the target machine actively refused it)
2026-07-14 12:24:01,628 - ERROR - /recent error: 2003: Can't connect to MySQL server on 'localhost:3306' (10061 No connection could be made because the target machine actively refused it)
Traceback (most recent call last):
  File "C:\Users\varsz\AppData\Local\Programs\Python\Python313\Lib\site-packages\mysql\connector\network.py", line 509, in open_connection
    self.sock.connect(sockaddr)
    ~~~~~~~~~~~~~~~~~^^^^^^^^^^
ConnectionRefusedError: [WinError 10061] No connection could be made because the target machine actively refused it

During handling of the above exception, another exception occurred:

Traceback (most recent call last):
  File "C:\laragon\www\Drone-Dashboard-Website\serverWithForwardV2.py", line 245, in recent_route
    conn = connect_database()
  File "C:\laragon\www\Drone-Dashboard-Website\serverWithForwardV2.py", line 101, in connect_database
    return mysql.connector.connect(
           ~~~~~~~~~~~~~~~~~~~~~~~^
        host=DB_CONFIG["host"],
        ^^^^^^^^^^^^^^^^^^^^^^^
    ...<2 lines>...
        database=DB_CONFIG["database"],
        ^^^^^^^^^^^^^^^^^^^^^^^^^^^^^^^
    )
    ^
  File "C:\Users\varsz\AppData\Local\Programs\Python\Python313\Lib\site-packages\mysql\connector\__init__.py", line 179, in connect
    return MySQLConnection(*args, **kwargs)
  File "C:\Users\varsz\AppData\Local\Programs\Python\Python313\Lib\site-packages\mysql\connector\connection.py", line 95, in __init__
    self.connect(**kwargs)
    ~~~~~~~~~~~~^^^^^^^^^^
  File "C:\Users\varsz\AppData\Local\Programs\Python\Python313\Lib\site-packages\mysql\connector\abstracts.py", line 716, in connect
    self._open_connection()
    ~~~~~~~~~~~~~~~~~~~~~^^
  File "C:\Users\varsz\AppData\Local\Programs\Python\Python313\Lib\site-packages\mysql\connector\connection.py", line 206, in _open_connection
    self._socket.open_connection()
    ~~~~~~~~~~~~~~~~~~~~~~~~~~~~^^
  File "C:\Users\varsz\AppData\Local\Programs\Python\Python313\Lib\site-packages\mysql\connector\network.py", line 511, in open_connection
    raise errors.InterfaceError(
        errno=2003, values=(self.get_address(), _strioerror(err)))
mysql.connector.errors.InterfaceError: 2003: Can't connect to MySQL server on 'localhost:3306' (10061 No connection could be made because the target machine actively refused it)
2026-07-14 12:24:04,633 - ERROR - /recent error: 2003: Can't connect to MySQL server on 'localhost:3306' (10061 No connection could be made because the target machine actively refused it)
Traceback (most recent call last):
  File "C:\Users\varsz\AppData\Local\Programs\Python\Python313\Lib\site-packages\mysql\connector\network.py", line 509, in open_connection
    self.sock.connect(sockaddr)
    ~~~~~~~~~~~~~~~~~^^^^^^^^^^
ConnectionRefusedError: [WinError 10061] No connection could be made because the target machine actively refused it

During handling of the above exception, another exception occurred:

Traceback (most recent call last):
  File "C:\laragon\www\Drone-Dashboard-Website\serverWithForwardV2.py", line 245, in recent_route
    conn = connect_database()
  File "C:\laragon\www\Drone-Dashboard-Website\serverWithForwardV2.py", line 101, in connect_database
    return mysql.connector.connect(
           ~~~~~~~~~~~~~~~~~~~~~~~^
        host=DB_CONFIG["host"],
        ^^^^^^^^^^^^^^^^^^^^^^^
    ...<2 lines>...
        database=DB_CONFIG["database"],
        ^^^^^^^^^^^^^^^^^^^^^^^^^^^^^^^
    )
    ^
  File "C:\Users\varsz\AppData\Local\Programs\Python\Python313\Lib\site-packages\mysql\connector\__init__.py", line 179, in connect
    return MySQLConnection(*args, **kwargs)
  File "C:\Users\varsz\AppData\Local\Programs\Python\Python313\Lib\site-packages\mysql\connector\connection.py", line 95, in __init__
    self.connect(**kwargs)
    ~~~~~~~~~~~~^^^^^^^^^^
  File "C:\Users\varsz\AppData\Local\Programs\Python\Python313\Lib\site-packages\mysql\connector\abstracts.py", line 716, in connect
    self._open_connection()
    ~~~~~~~~~~~~~~~~~~~~~^^
  File "C:\Users\varsz\AppData\Local\Programs\Python\Python313\Lib\site-packages\mysql\connector\connection.py", line 206, in _open_connection
    self._socket.open_connection()
    ~~~~~~~~~~~~~~~~~~~~~~~~~~~~^^
  File "C:\Users\varsz\AppData\Local\Programs\Python\Python313\Lib\site-packages\mysql\connector\network.py", line 511, in open_connection
    raise errors.InterfaceError(
        errno=2003, values=(self.get_address(), _strioerror(err)))
mysql.connector.errors.InterfaceError: 2003: Can't connect to MySQL server on 'localhost:3306' (10061 No connection could be made because the target machine actively refused it)
2026-07-14 12:24:07,636 - ERROR - /recent error: 2003: Can't connect to MySQL server on 'localhost:3306' (10061 No connection could be made because the target machine actively refused it)
Traceback (most recent call last):
  File "C:\Users\varsz\AppData\Local\Programs\Python\Python313\Lib\site-packages\mysql\connector\network.py", line 509, in open_connection
    self.sock.connect(sockaddr)
    ~~~~~~~~~~~~~~~~~^^^^^^^^^^
ConnectionRefusedError: [WinError 10061] No connection could be made because the target machine actively refused it

During handling of the above exception, another exception occurred:

Traceback (most recent call last):
  File "C:\laragon\www\Drone-Dashboard-Website\serverWithForwardV2.py", line 245, in recent_route
    conn = connect_database()
  File "C:\laragon\www\Drone-Dashboard-Website\serverWithForwardV2.py", line 101, in connect_database
    return mysql.connector.connect(
           ~~~~~~~~~~~~~~~~~~~~~~~^
        host=DB_CONFIG["host"],
        ^^^^^^^^^^^^^^^^^^^^^^^
    ...<2 lines>...
        database=DB_CONFIG["database"],
        ^^^^^^^^^^^^^^^^^^^^^^^^^^^^^^^
    )
    ^
  File "C:\Users\varsz\AppData\Local\Programs\Python\Python313\Lib\site-packages\mysql\connector\__init__.py", line 179, in connect
    return MySQLConnection(*args, **kwargs)
  File "C:\Users\varsz\AppData\Local\Programs\Python\Python313\Lib\site-packages\mysql\connector\connection.py", line 95, in __init__
    self.connect(**kwargs)
    ~~~~~~~~~~~~^^^^^^^^^^
  File "C:\Users\varsz\AppData\Local\Programs\Python\Python313\Lib\site-packages\mysql\connector\abstracts.py", line 716, in connect
    self._open_connection()
    ~~~~~~~~~~~~~~~~~~~~~^^
  File "C:\Users\varsz\AppData\Local\Programs\Python\Python313\Lib\site-packages\mysql\connector\connection.py", line 206, in _open_connection
    self._socket.open_connection()
    ~~~~~~~~~~~~~~~~~~~~~~~~~~~~^^
  File "C:\Users\varsz\AppData\Local\Programs\Python\Python313\Lib\site-packages\mysql\connector\network.py", line 511, in open_connection
    raise errors.InterfaceError(
        errno=2003, values=(self.get_address(), _strioerror(err)))
mysql.connector.errors.InterfaceError: 2003: Can't connect to MySQL server on 'localhost:3306' (10061 No connection could be made because the target machine actively refused it)
2026-07-14 12:24:10,625 - ERROR - /recent error: 2003: Can't connect to MySQL server on 'localhost:3306' (10061 No connection could be made because the target machine actively refused it)
Traceback (most recent call last):
  File "C:\Users\varsz\AppData\Local\Programs\Python\Python313\Lib\site-packages\mysql\connector\network.py", line 509, in open_connection
    self.sock.connect(sockaddr)
    ~~~~~~~~~~~~~~~~~^^^^^^^^^^
ConnectionRefusedError: [WinError 10061] No connection could be made because the target machine actively refused it

During handling of the above exception, another exception occurred:

Traceback (most recent call last):
  File "C:\laragon\www\Drone-Dashboard-Website\serverWithForwardV2.py", line 245, in recent_route
    conn = connect_database()
  File "C:\laragon\www\Drone-Dashboard-Website\serverWithForwardV2.py", line 101, in connect_database
    return mysql.connector.connect(
           ~~~~~~~~~~~~~~~~~~~~~~~^
        host=DB_CONFIG["host"],
        ^^^^^^^^^^^^^^^^^^^^^^^
    ...<2 lines>...
        database=DB_CONFIG["database"],
        ^^^^^^^^^^^^^^^^^^^^^^^^^^^^^^^
    )
    ^
  File "C:\Users\varsz\AppData\Local\Programs\Python\Python313\Lib\site-packages\mysql\connector\__init__.py", line 179, in connect
    return MySQLConnection(*args, **kwargs)
  File "C:\Users\varsz\AppData\Local\Programs\Python\Python313\Lib\site-packages\mysql\connector\connection.py", line 95, in __init__
    self.connect(**kwargs)
    ~~~~~~~~~~~~^^^^^^^^^^
  File "C:\Users\varsz\AppData\Local\Programs\Python\Python313\Lib\site-packages\mysql\connector\abstracts.py", line 716, in connect
    self._open_connection()
    ~~~~~~~~~~~~~~~~~~~~~^^
  File "C:\Users\varsz\AppData\Local\Programs\Python\Python313\Lib\site-packages\mysql\connector\connection.py", line 206, in _open_connection
    self._socket.open_connection()
    ~~~~~~~~~~~~~~~~~~~~~~~~~~~~^^
  File "C:\Users\varsz\AppData\Local\Programs\Python\Python313\Lib\site-packages\mysql\connector\network.py", line 511, in open_connection
    raise errors.InterfaceError(
        errno=2003, values=(self.get_address(), _strioerror(err)))
mysql.connector.errors.InterfaceError: 2003: Can't connect to MySQL server on 'localhost:3306' (10061 No connection could be made because the target machine actively refused it)
2026-07-14 12:24:13,607 - ERROR - /recent error: 2003: Can't connect to MySQL server on 'localhost:3306' (10061 No connection could be made because the target machine actively refused it)
Traceback (most recent call last):
  File "C:\Users\varsz\AppData\Local\Programs\Python\Python313\Lib\site-packages\mysql\connector\network.py", line 509, in open_connection
    self.sock.connect(sockaddr)
    ~~~~~~~~~~~~~~~~~^^^^^^^^^^
ConnectionRefusedError: [WinError 10061] No connection could be made because the target machine actively refused it

During handling of the above exception, another exception occurred:

Traceback (most recent call last):
  File "C:\laragon\www\Drone-Dashboard-Website\serverWithForwardV2.py", line 245, in recent_route
    conn = connect_database()
  File "C:\laragon\www\Drone-Dashboard-Website\serverWithForwardV2.py", line 101, in connect_database
    return mysql.connector.connect(
           ~~~~~~~~~~~~~~~~~~~~~~~^
        host=DB_CONFIG["host"],
        ^^^^^^^^^^^^^^^^^^^^^^^
    ...<2 lines>...
        database=DB_CONFIG["database"],
        ^^^^^^^^^^^^^^^^^^^^^^^^^^^^^^^
    )
    ^
  File "C:\Users\varsz\AppData\Local\Programs\Python\Python313\Lib\site-packages\mysql\connector\__init__.py", line 179, in connect
    return MySQLConnection(*args, **kwargs)
  File "C:\Users\varsz\AppData\Local\Programs\Python\Python313\Lib\site-packages\mysql\connector\connection.py", line 95, in __init__
    self.connect(**kwargs)
    ~~~~~~~~~~~~^^^^^^^^^^
  File "C:\Users\varsz\AppData\Local\Programs\Python\Python313\Lib\site-packages\mysql\connector\abstracts.py", line 716, in connect
    self._open_connection()
    ~~~~~~~~~~~~~~~~~~~~~^^
  File "C:\Users\varsz\AppData\Local\Programs\Python\Python313\Lib\site-packages\mysql\connector\connection.py", line 206, in _open_connection
    self._socket.open_connection()
    ~~~~~~~~~~~~~~~~~~~~~~~~~~~~^^
  File "C:\Users\varsz\AppData\Local\Programs\Python\Python313\Lib\site-packages\mysql\connector\network.py", line 511, in open_connection
    raise errors.InterfaceError(
        errno=2003, values=(self.get_address(), _strioerror(err)))
mysql.connector.errors.InterfaceError: 2003: Can't connect to MySQL server on 'localhost:3306' (10061 No connection could be made because the target machine actively refused it)
2026-07-14 12:24:16,629 - ERROR - /recent error: 2003: Can't connect to MySQL server on 'localhost:3306' (10061 No connection could be made because the target machine actively refused it)
Traceback (most recent call last):
  File "C:\Users\varsz\AppData\Local\Programs\Python\Python313\Lib\site-packages\mysql\connector\network.py", line 509, in open_connection
    self.sock.connect(sockaddr)
    ~~~~~~~~~~~~~~~~~^^^^^^^^^^
ConnectionRefusedError: [WinError 10061] No connection could be made because the target machine actively refused it

During handling of the above exception, another exception occurred:

Traceback (most recent call last):
  File "C:\laragon\www\Drone-Dashboard-Website\serverWithForwardV2.py", line 245, in recent_route
    conn = connect_database()
  File "C:\laragon\www\Drone-Dashboard-Website\serverWithForwardV2.py", line 101, in connect_database
    return mysql.connector.connect(
           ~~~~~~~~~~~~~~~~~~~~~~~^
        host=DB_CONFIG["host"],
        ^^^^^^^^^^^^^^^^^^^^^^^
    ...<2 lines>...
        database=DB_CONFIG["database"],
        ^^^^^^^^^^^^^^^^^^^^^^^^^^^^^^^
    )
    ^
  File "C:\Users\varsz\AppData\Local\Programs\Python\Python313\Lib\site-packages\mysql\connector\__init__.py", line 179, in connect
    return MySQLConnection(*args, **kwargs)
  File "C:\Users\varsz\AppData\Local\Programs\Python\Python313\Lib\site-packages\mysql\connector\connection.py", line 95, in __init__
    self.connect(**kwargs)
    ~~~~~~~~~~~~^^^^^^^^^^
  File "C:\Users\varsz\AppData\Local\Programs\Python\Python313\Lib\site-packages\mysql\connector\abstracts.py", line 716, in connect
    self._open_connection()
    ~~~~~~~~~~~~~~~~~~~~~^^
  File "C:\Users\varsz\AppData\Local\Programs\Python\Python313\Lib\site-packages\mysql\connector\connection.py", line 206, in _open_connection
    self._socket.open_connection()
    ~~~~~~~~~~~~~~~~~~~~~~~~~~~~^^
  File "C:\Users\varsz\AppData\Local\Programs\Python\Python313\Lib\site-packages\mysql\connector\network.py", line 511, in open_connection
    raise errors.InterfaceError(
        errno=2003, values=(self.get_address(), _strioerror(err)))
mysql.connector.errors.InterfaceError: 2003: Can't connect to MySQL server on 'localhost:3306' (10061 No connection could be made because the target machine actively refused it)
2026-07-14 12:24:19,617 - ERROR - /recent error: 2003: Can't connect to MySQL server on 'localhost:3306' (10061 No connection could be made because the target machine actively refused it)
Traceback (most recent call last):
  File "C:\Users\varsz\AppData\Local\Programs\Python\Python313\Lib\site-packages\mysql\connector\network.py", line 509, in open_connection
    self.sock.connect(sockaddr)
    ~~~~~~~~~~~~~~~~~^^^^^^^^^^
ConnectionRefusedError: [WinError 10061] No connection could be made because the target machine actively refused it

During handling of the above exception, another exception occurred:

Traceback (most recent call last):
  File "C:\laragon\www\Drone-Dashboard-Website\serverWithForwardV2.py", line 245, in recent_route
    conn = connect_database()
  File "C:\laragon\www\Drone-Dashboard-Website\serverWithForwardV2.py", line 101, in connect_database
    return mysql.connector.connect(
           ~~~~~~~~~~~~~~~~~~~~~~~^
        host=DB_CONFIG["host"],
        ^^^^^^^^^^^^^^^^^^^^^^^
    ...<2 lines>...
        database=DB_CONFIG["database"],
        ^^^^^^^^^^^^^^^^^^^^^^^^^^^^^^^
    )
    ^
  File "C:\Users\varsz\AppData\Local\Programs\Python\Python313\Lib\site-packages\mysql\connector\__init__.py", line 179, in connect
    return MySQLConnection(*args, **kwargs)
  File "C:\Users\varsz\AppData\Local\Programs\Python\Python313\Lib\site-packages\mysql\connector\connection.py", line 95, in __init__
    self.connect(**kwargs)
    ~~~~~~~~~~~~^^^^^^^^^^
  File "C:\Users\varsz\AppData\Local\Programs\Python\Python313\Lib\site-packages\mysql\connector\abstracts.py", line 716, in connect
    self._open_connection()
    ~~~~~~~~~~~~~~~~~~~~~^^
  File "C:\Users\varsz\AppData\Local\Programs\Python\Python313\Lib\site-packages\mysql\connector\connection.py", line 206, in _open_connection
    self._socket.open_connection()
    ~~~~~~~~~~~~~~~~~~~~~~~~~~~~^^
  File "C:\Users\varsz\AppData\Local\Programs\Python\Python313\Lib\site-packages\mysql\connector\network.py", line 511, in open_connection
    raise errors.InterfaceError(
        errno=2003, values=(self.get_address(), _strioerror(err)))
mysql.connector.errors.InterfaceError: 2003: Can't connect to MySQL server on 'localhost:3306' (10061 No connection could be made because the target machine actively refused it)
2026-07-14 12:24:22,615 - ERROR - /recent error: 2003: Can't connect to MySQL server on 'localhost:3306' (10061 No connection could be made because the target machine actively refused it)
Traceback (most recent call last):
  File "C:\Users\varsz\AppData\Local\Programs\Python\Python313\Lib\site-packages\mysql\connector\network.py", line 509, in open_connection
    self.sock.connect(sockaddr)
    ~~~~~~~~~~~~~~~~~^^^^^^^^^^
ConnectionRefusedError: [WinError 10061] No connection could be made because the target machine actively refused it

During handling of the above exception, another exception occurred:

Traceback (most recent call last):
  File "C:\laragon\www\Drone-Dashboard-Website\serverWithForwardV2.py", line 245, in recent_route
    conn = connect_database()
  File "C:\laragon\www\Drone-Dashboard-Website\serverWithForwardV2.py", line 101, in connect_database
    return mysql.connector.connect(
           ~~~~~~~~~~~~~~~~~~~~~~~^
        host=DB_CONFIG["host"],
        ^^^^^^^^^^^^^^^^^^^^^^^
    ...<2 lines>...
        database=DB_CONFIG["database"],
        ^^^^^^^^^^^^^^^^^^^^^^^^^^^^^^^
    )
    ^
  File "C:\Users\varsz\AppData\Local\Programs\Python\Python313\Lib\site-packages\mysql\connector\__init__.py", line 179, in connect
    return MySQLConnection(*args, **kwargs)
  File "C:\Users\varsz\AppData\Local\Programs\Python\Python313\Lib\site-packages\mysql\connector\connection.py", line 95, in __init__
    self.connect(**kwargs)
    ~~~~~~~~~~~~^^^^^^^^^^
  File "C:\Users\varsz\AppData\Local\Programs\Python\Python313\Lib\site-packages\mysql\connector\abstracts.py", line 716, in connect
    self._open_connection()
    ~~~~~~~~~~~~~~~~~~~~~^^
  File "C:\Users\varsz\AppData\Local\Programs\Python\Python313\Lib\site-packages\mysql\connector\connection.py", line 206, in _open_connection
    self._socket.open_connection()
    ~~~~~~~~~~~~~~~~~~~~~~~~~~~~^^
  File "C:\Users\varsz\AppData\Local\Programs\Python\Python313\Lib\site-packages\mysql\connector\network.py", line 511, in open_connection
    raise errors.InterfaceError(
        errno=2003, values=(self.get_address(), _strioerror(err)))
mysql.connector.errors.InterfaceError: 2003: Can't connect to MySQL server on 'localhost:3306' (10061 No connection could be made because the target machine actively refused it)
2026-07-14 12:24:25,648 - ERROR - /recent error: 2003: Can't connect to MySQL server on 'localhost:3306' (10061 No connection could be made because the target machine actively refused it)
Traceback (most recent call last):
  File "C:\Users\varsz\AppData\Local\Programs\Python\Python313\Lib\site-packages\mysql\connector\network.py", line 509, in open_connection
    self.sock.connect(sockaddr)
    ~~~~~~~~~~~~~~~~~^^^^^^^^^^
ConnectionRefusedError: [WinError 10061] No connection could be made because the target machine actively refused it

During handling of the above exception, another exception occurred:

Traceback (most recent call last):
  File "C:\laragon\www\Drone-Dashboard-Website\serverWithForwardV2.py", line 245, in recent_route
    conn = connect_database()
  File "C:\laragon\www\Drone-Dashboard-Website\serverWithForwardV2.py", line 101, in connect_database
    return mysql.connector.connect(
           ~~~~~~~~~~~~~~~~~~~~~~~^
        host=DB_CONFIG["host"],
        ^^^^^^^^^^^^^^^^^^^^^^^
    ...<2 lines>...
        database=DB_CONFIG["database"],
        ^^^^^^^^^^^^^^^^^^^^^^^^^^^^^^^
    )
    ^
  File "C:\Users\varsz\AppData\Local\Programs\Python\Python313\Lib\site-packages\mysql\connector\__init__.py", line 179, in connect
    return MySQLConnection(*args, **kwargs)
  File "C:\Users\varsz\AppData\Local\Programs\Python\Python313\Lib\site-packages\mysql\connector\connection.py", line 95, in __init__
    self.connect(**kwargs)
    ~~~~~~~~~~~~^^^^^^^^^^
  File "C:\Users\varsz\AppData\Local\Programs\Python\Python313\Lib\site-packages\mysql\connector\abstracts.py", line 716, in connect
    self._open_connection()
    ~~~~~~~~~~~~~~~~~~~~~^^
  File "C:\Users\varsz\AppData\Local\Programs\Python\Python313\Lib\site-packages\mysql\connector\connection.py", line 206, in _open_connection
    self._socket.open_connection()
    ~~~~~~~~~~~~~~~~~~~~~~~~~~~~^^
  File "C:\Users\varsz\AppData\Local\Programs\Python\Python313\Lib\site-packages\mysql\connector\network.py", line 511, in open_connection
    raise errors.InterfaceError(
        errno=2003, values=(self.get_address(), _strioerror(err)))
mysql.connector.errors.InterfaceError: 2003: Can't connect to MySQL server on 'localhost:3306' (10061 No connection could be made because the target machine actively refused it)
2026-07-14 12:24:28,649 - ERROR - /recent error: 2003: Can't connect to MySQL server on 'localhost:3306' (10061 No connection could be made because the target machine actively refused it)
Traceback (most recent call last):
  File "C:\Users\varsz\AppData\Local\Programs\Python\Python313\Lib\site-packages\mysql\connector\network.py", line 509, in open_connection
    self.sock.connect(sockaddr)
    ~~~~~~~~~~~~~~~~~^^^^^^^^^^
ConnectionRefusedError: [WinError 10061] No connection could be made because the target machine actively refused it

During handling of the above exception, another exception occurred:

Traceback (most recent call last):
  File "C:\laragon\www\Drone-Dashboard-Website\serverWithForwardV2.py", line 245, in recent_route
    conn = connect_database()
  File "C:\laragon\www\Drone-Dashboard-Website\serverWithForwardV2.py", line 101, in connect_database
    return mysql.connector.connect(
           ~~~~~~~~~~~~~~~~~~~~~~~^
        host=DB_CONFIG["host"],
        ^^^^^^^^^^^^^^^^^^^^^^^
    ...<2 lines>...
        database=DB_CONFIG["database"],
        ^^^^^^^^^^^^^^^^^^^^^^^^^^^^^^^
    )
    ^
  File "C:\Users\varsz\AppData\Local\Programs\Python\Python313\Lib\site-packages\mysql\connector\__init__.py", line 179, in connect
    return MySQLConnection(*args, **kwargs)
  File "C:\Users\varsz\AppData\Local\Programs\Python\Python313\Lib\site-packages\mysql\connector\connection.py", line 95, in __init__
    self.connect(**kwargs)
    ~~~~~~~~~~~~^^^^^^^^^^
  File "C:\Users\varsz\AppData\Local\Programs\Python\Python313\Lib\site-packages\mysql\connector\abstracts.py", line 716, in connect
    self._open_connection()
    ~~~~~~~~~~~~~~~~~~~~~^^
  File "C:\Users\varsz\AppData\Local\Programs\Python\Python313\Lib\site-packages\mysql\connector\connection.py", line 206, in _open_connection
    self._socket.open_connection()
    ~~~~~~~~~~~~~~~~~~~~~~~~~~~~^^
  File "C:\Users\varsz\AppData\Local\Programs\Python\Python313\Lib\site-packages\mysql\connector\network.py", line 511, in open_connection
    raise errors.InterfaceError(
        errno=2003, values=(self.get_address(), _strioerror(err)))
mysql.connector.errors.InterfaceError: 2003: Can't connect to MySQL server on 'localhost:3306' (10061 No connection could be made because the target machine actively refused it)
2026-07-14 12:24:31,636 - ERROR - /recent error: 2003: Can't connect to MySQL server on 'localhost:3306' (10061 No connection could be made because the target machine actively refused it)
Traceback (most recent call last):
  File "C:\Users\varsz\AppData\Local\Programs\Python\Python313\Lib\site-packages\mysql\connector\network.py", line 509, in open_connection
    self.sock.connect(sockaddr)
    ~~~~~~~~~~~~~~~~~^^^^^^^^^^
ConnectionRefusedError: [WinError 10061] No connection could be made because the target machine actively refused it

During handling of the above exception, another exception occurred:

Traceback (most recent call last):
  File "C:\laragon\www\Drone-Dashboard-Website\serverWithForwardV2.py", line 245, in recent_route
    conn = connect_database()
  File "C:\laragon\www\Drone-Dashboard-Website\serverWithForwardV2.py", line 101, in connect_database
    return mysql.connector.connect(
           ~~~~~~~~~~~~~~~~~~~~~~~^
        host=DB_CONFIG["host"],
        ^^^^^^^^^^^^^^^^^^^^^^^
    ...<2 lines>...
        database=DB_CONFIG["database"],
        ^^^^^^^^^^^^^^^^^^^^^^^^^^^^^^^
    )
    ^
  File "C:\Users\varsz\AppData\Local\Programs\Python\Python313\Lib\site-packages\mysql\connector\__init__.py", line 179, in connect
    return MySQLConnection(*args, **kwargs)
  File "C:\Users\varsz\AppData\Local\Programs\Python\Python313\Lib\site-packages\mysql\connector\connection.py", line 95, in __init__
    self.connect(**kwargs)
    ~~~~~~~~~~~~^^^^^^^^^^
  File "C:\Users\varsz\AppData\Local\Programs\Python\Python313\Lib\site-packages\mysql\connector\abstracts.py", line 716, in connect
    self._open_connection()
    ~~~~~~~~~~~~~~~~~~~~~^^
  File "C:\Users\varsz\AppData\Local\Programs\Python\Python313\Lib\site-packages\mysql\connector\connection.py", line 206, in _open_connection
    self._socket.open_connection()
    ~~~~~~~~~~~~~~~~~~~~~~~~~~~~^^
  File "C:\Users\varsz\AppData\Local\Programs\Python\Python313\Lib\site-packages\mysql\connector\network.py", line 511, in open_connection
    raise errors.InterfaceError(
        errno=2003, values=(self.get_address(), _strioerror(err)))
mysql.connector.errors.InterfaceError: 2003: Can't connect to MySQL server on 'localhost:3306' (10061 No connection could be made because the target machine actively refused it)
2026-07-14 12:24:34,655 - ERROR - /recent error: 2003: Can't connect to MySQL server on 'localhost:3306' (10061 No connection could be made because the target machine actively refused it)
Traceback (most recent call last):
  File "C:\Users\varsz\AppData\Local\Programs\Python\Python313\Lib\site-packages\mysql\connector\network.py", line 509, in open_connection
    self.sock.connect(sockaddr)
    ~~~~~~~~~~~~~~~~~^^^^^^^^^^
ConnectionRefusedError: [WinError 10061] No connection could be made because the target machine actively refused it

During handling of the above exception, another exception occurred:

Traceback (most recent call last):
  File "C:\laragon\www\Drone-Dashboard-Website\serverWithForwardV2.py", line 245, in recent_route
    conn = connect_database()
  File "C:\laragon\www\Drone-Dashboard-Website\serverWithForwardV2.py", line 101, in connect_database
    return mysql.connector.connect(
           ~~~~~~~~~~~~~~~~~~~~~~~^
        host=DB_CONFIG["host"],
        ^^^^^^^^^^^^^^^^^^^^^^^
    ...<2 lines>...
        database=DB_CONFIG["database"],
        ^^^^^^^^^^^^^^^^^^^^^^^^^^^^^^^
    )
    ^
  File "C:\Users\varsz\AppData\Local\Programs\Python\Python313\Lib\site-packages\mysql\connector\__init__.py", line 179, in connect
    return MySQLConnection(*args, **kwargs)
  File "C:\Users\varsz\AppData\Local\Programs\Python\Python313\Lib\site-packages\mysql\connector\connection.py", line 95, in __init__
    self.connect(**kwargs)
    ~~~~~~~~~~~~^^^^^^^^^^
  File "C:\Users\varsz\AppData\Local\Programs\Python\Python313\Lib\site-packages\mysql\connector\abstracts.py", line 716, in connect
    self._open_connection()
    ~~~~~~~~~~~~~~~~~~~~~^^
  File "C:\Users\varsz\AppData\Local\Programs\Python\Python313\Lib\site-packages\mysql\connector\connection.py", line 206, in _open_connection
    self._socket.open_connection()
    ~~~~~~~~~~~~~~~~~~~~~~~~~~~~^^
  File "C:\Users\varsz\AppData\Local\Programs\Python\Python313\Lib\site-packages\mysql\connector\network.py", line 511, in open_connection
    raise errors.InterfaceError(
        errno=2003, values=(self.get_address(), _strioerror(err)))
mysql.connector.errors.InterfaceError: 2003: Can't connect to MySQL server on 'localhost:3306' (10061 No connection could be made because the target machine actively refused it)
2026-07-14 12:24:37,658 - ERROR - /recent error: 2003: Can't connect to MySQL server on 'localhost:3306' (10061 No connection could be made because the target machine actively refused it)
Traceback (most recent call last):
  File "C:\Users\varsz\AppData\Local\Programs\Python\Python313\Lib\site-packages\mysql\connector\network.py", line 509, in open_connection
    self.sock.connect(sockaddr)
    ~~~~~~~~~~~~~~~~~^^^^^^^^^^
ConnectionRefusedError: [WinError 10061] No connection could be made because the target machine actively refused it

During handling of the above exception, another exception occurred:

Traceback (most recent call last):
  File "C:\laragon\www\Drone-Dashboard-Website\serverWithForwardV2.py", line 245, in recent_route
    conn = connect_database()
  File "C:\laragon\www\Drone-Dashboard-Website\serverWithForwardV2.py", line 101, in connect_database
    return mysql.connector.connect(
           ~~~~~~~~~~~~~~~~~~~~~~~^
        host=DB_CONFIG["host"],
        ^^^^^^^^^^^^^^^^^^^^^^^
    ...<2 lines>...
        database=DB_CONFIG["database"],
        ^^^^^^^^^^^^^^^^^^^^^^^^^^^^^^^
    )
    ^
  File "C:\Users\varsz\AppData\Local\Programs\Python\Python313\Lib\site-packages\mysql\connector\__init__.py", line 179, in connect
    return MySQLConnection(*args, **kwargs)
  File "C:\Users\varsz\AppData\Local\Programs\Python\Python313\Lib\site-packages\mysql\connector\connection.py", line 95, in __init__
    self.connect(**kwargs)
    ~~~~~~~~~~~~^^^^^^^^^^
  File "C:\Users\varsz\AppData\Local\Programs\Python\Python313\Lib\site-packages\mysql\connector\abstracts.py", line 716, in connect
    self._open_connection()
    ~~~~~~~~~~~~~~~~~~~~~^^
  File "C:\Users\varsz\AppData\Local\Programs\Python\Python313\Lib\site-packages\mysql\connector\connection.py", line 206, in _open_connection
    self._socket.open_connection()
    ~~~~~~~~~~~~~~~~~~~~~~~~~~~~^^
  File "C:\Users\varsz\AppData\Local\Programs\Python\Python313\Lib\site-packages\mysql\connector\network.py", line 511, in open_connection
    raise errors.InterfaceError(
        errno=2003, values=(self.get_address(), _strioerror(err)))
mysql.connector.errors.InterfaceError: 2003: Can't connect to MySQL server on 'localhost:3306' (10061 No connection could be made because the target machine actively refused it)
2026-07-14 12:24:40,648 - ERROR - /recent error: 2003: Can't connect to MySQL server on 'localhost:3306' (10061 No connection could be made because the target machine actively refused it)
Traceback (most recent call last):
  File "C:\Users\varsz\AppData\Local\Programs\Python\Python313\Lib\site-packages\mysql\connector\network.py", line 509, in open_connection
    self.sock.connect(sockaddr)
    ~~~~~~~~~~~~~~~~~^^^^^^^^^^
ConnectionRefusedError: [WinError 10061] No connection could be made because the target machine actively refused it

During handling of the above exception, another exception occurred:

Traceback (most recent call last):
  File "C:\laragon\www\Drone-Dashboard-Website\serverWithForwardV2.py", line 245, in recent_route
    conn = connect_database()
  File "C:\laragon\www\Drone-Dashboard-Website\serverWithForwardV2.py", line 101, in connect_database
    return mysql.connector.connect(
           ~~~~~~~~~~~~~~~~~~~~~~~^
        host=DB_CONFIG["host"],
        ^^^^^^^^^^^^^^^^^^^^^^^
    ...<2 lines>...
        database=DB_CONFIG["database"],
        ^^^^^^^^^^^^^^^^^^^^^^^^^^^^^^^
    )
    ^
  File "C:\Users\varsz\AppData\Local\Programs\Python\Python313\Lib\site-packages\mysql\connector\__init__.py", line 179, in connect
    return MySQLConnection(*args, **kwargs)
  File "C:\Users\varsz\AppData\Local\Programs\Python\Python313\Lib\site-packages\mysql\connector\connection.py", line 95, in __init__
    self.connect(**kwargs)
    ~~~~~~~~~~~~^^^^^^^^^^
  File "C:\Users\varsz\AppData\Local\Programs\Python\Python313\Lib\site-packages\mysql\connector\abstracts.py", line 716, in connect
    self._open_connection()
    ~~~~~~~~~~~~~~~~~~~~~^^
  File "C:\Users\varsz\AppData\Local\Programs\Python\Python313\Lib\site-packages\mysql\connector\connection.py", line 206, in _open_connection
    self._socket.open_connection()
    ~~~~~~~~~~~~~~~~~~~~~~~~~~~~^^
  File "C:\Users\varsz\AppData\Local\Programs\Python\Python313\Lib\site-packages\mysql\connector\network.py", line 511, in open_connection
    raise errors.InterfaceError(
        errno=2003, values=(self.get_address(), _strioerror(err)))
mysql.connector.errors.InterfaceError: 2003: Can't connect to MySQL server on 'localhost:3306' (10061 No connection could be made because the target machine actively refused it)
2026-07-14 12:24:43,650 - ERROR - /recent error: 2003: Can't connect to MySQL server on 'localhost:3306' (10061 No connection could be made because the target machine actively refused it)
Traceback (most recent call last):
  File "C:\Users\varsz\AppData\Local\Programs\Python\Python313\Lib\site-packages\mysql\connector\network.py", line 509, in open_connection
    self.sock.connect(sockaddr)
    ~~~~~~~~~~~~~~~~~^^^^^^^^^^
ConnectionRefusedError: [WinError 10061] No connection could be made because the target machine actively refused it

During handling of the above exception, another exception occurred:

Traceback (most recent call last):
  File "C:\laragon\www\Drone-Dashboard-Website\serverWithForwardV2.py", line 245, in recent_route
    conn = connect_database()
  File "C:\laragon\www\Drone-Dashboard-Website\serverWithForwardV2.py", line 101, in connect_database
    return mysql.connector.connect(
           ~~~~~~~~~~~~~~~~~~~~~~~^
        host=DB_CONFIG["host"],
        ^^^^^^^^^^^^^^^^^^^^^^^
    ...<2 lines>...
        database=DB_CONFIG["database"],
        ^^^^^^^^^^^^^^^^^^^^^^^^^^^^^^^
    )
    ^
  File "C:\Users\varsz\AppData\Local\Programs\Python\Python313\Lib\site-packages\mysql\connector\__init__.py", line 179, in connect
    return MySQLConnection(*args, **kwargs)
  File "C:\Users\varsz\AppData\Local\Programs\Python\Python313\Lib\site-packages\mysql\connector\connection.py", line 95, in __init__
    self.connect(**kwargs)
    ~~~~~~~~~~~~^^^^^^^^^^
  File "C:\Users\varsz\AppData\Local\Programs\Python\Python313\Lib\site-packages\mysql\connector\abstracts.py", line 716, in connect
    self._open_connection()
    ~~~~~~~~~~~~~~~~~~~~~^^
  File "C:\Users\varsz\AppData\Local\Programs\Python\Python313\Lib\site-packages\mysql\connector\connection.py", line 206, in _open_connection
    self._socket.open_connection()
    ~~~~~~~~~~~~~~~~~~~~~~~~~~~~^^
  File "C:\Users\varsz\AppData\Local\Programs\Python\Python313\Lib\site-packages\mysql\connector\network.py", line 511, in open_connection
    raise errors.InterfaceError(
        errno=2003, values=(self.get_address(), _strioerror(err)))
mysql.connector.errors.InterfaceError: 2003: Can't connect to MySQL server on 'localhost:3306' (10061 No connection could be made because the target machine actively refused it)
2026-07-14 12:24:46,659 - ERROR - /recent error: 2003: Can't connect to MySQL server on 'localhost:3306' (10061 No connection could be made because the target machine actively refused it)
Traceback (most recent call last):
  File "C:\Users\varsz\AppData\Local\Programs\Python\Python313\Lib\site-packages\mysql\connector\network.py", line 509, in open_connection
    self.sock.connect(sockaddr)
    ~~~~~~~~~~~~~~~~~^^^^^^^^^^
ConnectionRefusedError: [WinError 10061] No connection could be made because the target machine actively refused it

During handling of the above exception, another exception occurred:

Traceback (most recent call last):
  File "C:\laragon\www\Drone-Dashboard-Website\serverWithForwardV2.py", line 245, in recent_route
    conn = connect_database()
  File "C:\laragon\www\Drone-Dashboard-Website\serverWithForwardV2.py", line 101, in connect_database
    return mysql.connector.connect(
           ~~~~~~~~~~~~~~~~~~~~~~~^
        host=DB_CONFIG["host"],
        ^^^^^^^^^^^^^^^^^^^^^^^
    ...<2 lines>...
        database=DB_CONFIG["database"],
        ^^^^^^^^^^^^^^^^^^^^^^^^^^^^^^^
    )
    ^
  File "C:\Users\varsz\AppData\Local\Programs\Python\Python313\Lib\site-packages\mysql\connector\__init__.py", line 179, in connect
    return MySQLConnection(*args, **kwargs)
  File "C:\Users\varsz\AppData\Local\Programs\Python\Python313\Lib\site-packages\mysql\connector\connection.py", line 95, in __init__
    self.connect(**kwargs)
    ~~~~~~~~~~~~^^^^^^^^^^
  File "C:\Users\varsz\AppData\Local\Programs\Python\Python313\Lib\site-packages\mysql\connector\abstracts.py", line 716, in connect
    self._open_connection()
    ~~~~~~~~~~~~~~~~~~~~~^^
  File "C:\Users\varsz\AppData\Local\Programs\Python\Python313\Lib\site-packages\mysql\connector\connection.py", line 206, in _open_connection
    self._socket.open_connection()
    ~~~~~~~~~~~~~~~~~~~~~~~~~~~~^^
  File "C:\Users\varsz\AppData\Local\Programs\Python\Python313\Lib\site-packages\mysql\connector\network.py", line 511, in open_connection
    raise errors.InterfaceError(
        errno=2003, values=(self.get_address(), _strioerror(err)))
mysql.connector.errors.InterfaceError: 2003: Can't connect to MySQL server on 'localhost:3306' (10061 No connection could be made because the target machine actively refused it)
2026-07-14 12:24:49,661 - ERROR - /recent error: 2003: Can't connect to MySQL server on 'localhost:3306' (10061 No connection could be made because the target machine actively refused it)
Traceback (most recent call last):
  File "C:\Users\varsz\AppData\Local\Programs\Python\Python313\Lib\site-packages\mysql\connector\network.py", line 509, in open_connection
    self.sock.connect(sockaddr)
    ~~~~~~~~~~~~~~~~~^^^^^^^^^^
ConnectionRefusedError: [WinError 10061] No connection could be made because the target machine actively refused it

During handling of the above exception, another exception occurred:

Traceback (most recent call last):
  File "C:\laragon\www\Drone-Dashboard-Website\serverWithForwardV2.py", line 245, in recent_route
    conn = connect_database()
  File "C:\laragon\www\Drone-Dashboard-Website\serverWithForwardV2.py", line 101, in connect_database
    return mysql.connector.connect(
           ~~~~~~~~~~~~~~~~~~~~~~~^
        host=DB_CONFIG["host"],
        ^^^^^^^^^^^^^^^^^^^^^^^
    ...<2 lines>...
        database=DB_CONFIG["database"],
        ^^^^^^^^^^^^^^^^^^^^^^^^^^^^^^^
    )
    ^
  File "C:\Users\varsz\AppData\Local\Programs\Python\Python313\Lib\site-packages\mysql\connector\__init__.py", line 179, in connect
    return MySQLConnection(*args, **kwargs)
  File "C:\Users\varsz\AppData\Local\Programs\Python\Python313\Lib\site-packages\mysql\connector\connection.py", line 95, in __init__
    self.connect(**kwargs)
    ~~~~~~~~~~~~^^^^^^^^^^
  File "C:\Users\varsz\AppData\Local\Programs\Python\Python313\Lib\site-packages\mysql\connector\abstracts.py", line 716, in connect
    self._open_connection()
    ~~~~~~~~~~~~~~~~~~~~~^^
  File "C:\Users\varsz\AppData\Local\Programs\Python\Python313\Lib\site-packages\mysql\connector\connection.py", line 206, in _open_connection
    self._socket.open_connection()
    ~~~~~~~~~~~~~~~~~~~~~~~~~~~~^^
  File "C:\Users\varsz\AppData\Local\Programs\Python\Python313\Lib\site-packages\mysql\connector\network.py", line 511, in open_connection
    raise errors.InterfaceError(
        errno=2003, values=(self.get_address(), _strioerror(err)))
mysql.connector.errors.InterfaceError: 2003: Can't connect to MySQL server on 'localhost:3306' (10061 No connection could be made because the target machine actively refused it)
2026-07-14 12:24:52,662 - ERROR - /recent error: 2003: Can't connect to MySQL server on 'localhost:3306' (10061 No connection could be made because the target machine actively refused it)
Traceback (most recent call last):
  File "C:\Users\varsz\AppData\Local\Programs\Python\Python313\Lib\site-packages\mysql\connector\network.py", line 509, in open_connection
    self.sock.connect(sockaddr)
    ~~~~~~~~~~~~~~~~~^^^^^^^^^^
ConnectionRefusedError: [WinError 10061] No connection could be made because the target machine actively refused it

During handling of the above exception, another exception occurred:

Traceback (most recent call last):
  File "C:\laragon\www\Drone-Dashboard-Website\serverWithForwardV2.py", line 245, in recent_route
    conn = connect_database()
  File "C:\laragon\www\Drone-Dashboard-Website\serverWithForwardV2.py", line 101, in connect_database
    return mysql.connector.connect(
           ~~~~~~~~~~~~~~~~~~~~~~~^
        host=DB_CONFIG["host"],
        ^^^^^^^^^^^^^^^^^^^^^^^
    ...<2 lines>...
        database=DB_CONFIG["database"],
        ^^^^^^^^^^^^^^^^^^^^^^^^^^^^^^^
    )
    ^
  File "C:\Users\varsz\AppData\Local\Programs\Python\Python313\Lib\site-packages\mysql\connector\__init__.py", line 179, in connect
    return MySQLConnection(*args, **kwargs)
  File "C:\Users\varsz\AppData\Local\Programs\Python\Python313\Lib\site-packages\mysql\connector\connection.py", line 95, in __init__
    self.connect(**kwargs)
    ~~~~~~~~~~~~^^^^^^^^^^
  File "C:\Users\varsz\AppData\Local\Programs\Python\Python313\Lib\site-packages\mysql\connector\abstracts.py", line 716, in connect
    self._open_connection()
    ~~~~~~~~~~~~~~~~~~~~~^^
  File "C:\Users\varsz\AppData\Local\Programs\Python\Python313\Lib\site-packages\mysql\connector\connection.py", line 206, in _open_connection
    self._socket.open_connection()
    ~~~~~~~~~~~~~~~~~~~~~~~~~~~~^^
  File "C:\Users\varsz\AppData\Local\Programs\Python\Python313\Lib\site-packages\mysql\connector\network.py", line 511, in open_connection
    raise errors.InterfaceError(
        errno=2003, values=(self.get_address(), _strioerror(err)))
mysql.connector.errors.InterfaceError: 2003: Can't connect to MySQL server on 'localhost:3306' (10061 No connection could be made because the target machine actively refused it)
2026-07-14 12:24:55,657 - ERROR - /recent error: 2003: Can't connect to MySQL server on 'localhost:3306' (10061 No connection could be made because the target machine actively refused it)
Traceback (most recent call last):
  File "C:\Users\varsz\AppData\Local\Programs\Python\Python313\Lib\site-packages\mysql\connector\network.py", line 509, in open_connection
    self.sock.connect(sockaddr)
    ~~~~~~~~~~~~~~~~~^^^^^^^^^^
ConnectionRefusedError: [WinError 10061] No connection could be made because the target machine actively refused it

During handling of the above exception, another exception occurred:

Traceback (most recent call last):
  File "C:\laragon\www\Drone-Dashboard-Website\serverWithForwardV2.py", line 245, in recent_route
    conn = connect_database()
  File "C:\laragon\www\Drone-Dashboard-Website\serverWithForwardV2.py", line 101, in connect_database
    return mysql.connector.connect(
           ~~~~~~~~~~~~~~~~~~~~~~~^
        host=DB_CONFIG["host"],
        ^^^^^^^^^^^^^^^^^^^^^^^
    ...<2 lines>...
        database=DB_CONFIG["database"],
        ^^^^^^^^^^^^^^^^^^^^^^^^^^^^^^^
    )
    ^
  File "C:\Users\varsz\AppData\Local\Programs\Python\Python313\Lib\site-packages\mysql\connector\__init__.py", line 179, in connect
    return MySQLConnection(*args, **kwargs)
  File "C:\Users\varsz\AppData\Local\Programs\Python\Python313\Lib\site-packages\mysql\connector\connection.py", line 95, in __init__
    self.connect(**kwargs)
    ~~~~~~~~~~~~^^^^^^^^^^
  File "C:\Users\varsz\AppData\Local\Programs\Python\Python313\Lib\site-packages\mysql\connector\abstracts.py", line 716, in connect
    self._open_connection()
    ~~~~~~~~~~~~~~~~~~~~~^^
  File "C:\Users\varsz\AppData\Local\Programs\Python\Python313\Lib\site-packages\mysql\connector\connection.py", line 206, in _open_connection
    self._socket.open_connection()
    ~~~~~~~~~~~~~~~~~~~~~~~~~~~~^^
  File "C:\Users\varsz\AppData\Local\Programs\Python\Python313\Lib\site-packages\mysql\connector\network.py", line 511, in open_connection
    raise errors.InterfaceError(
        errno=2003, values=(self.get_address(), _strioerror(err)))
mysql.connector.errors.InterfaceError: 2003: Can't connect to MySQL server on 'localhost:3306' (10061 No connection could be made because the target machine actively refused it)
2026-07-14 12:24:58,658 - ERROR - /recent error: 2003: Can't connect to MySQL server on 'localhost:3306' (10061 No connection could be made because the target machine actively refused it)
Traceback (most recent call last):
  File "C:\Users\varsz\AppData\Local\Programs\Python\Python313\Lib\site-packages\mysql\connector\network.py", line 509, in open_connection
    self.sock.connect(sockaddr)
    ~~~~~~~~~~~~~~~~~^^^^^^^^^^
ConnectionRefusedError: [WinError 10061] No connection could be made because the target machine actively refused it

During handling of the above exception, another exception occurred:

Traceback (most recent call last):
  File "C:\laragon\www\Drone-Dashboard-Website\serverWithForwardV2.py", line 245, in recent_route
    conn = connect_database()
  File "C:\laragon\www\Drone-Dashboard-Website\serverWithForwardV2.py", line 101, in connect_database
    return mysql.connector.connect(
           ~~~~~~~~~~~~~~~~~~~~~~~^
        host=DB_CONFIG["host"],
        ^^^^^^^^^^^^^^^^^^^^^^^
    ...<2 lines>...
        database=DB_CONFIG["database"],
        ^^^^^^^^^^^^^^^^^^^^^^^^^^^^^^^
    )
    ^
  File "C:\Users\varsz\AppData\Local\Programs\Python\Python313\Lib\site-packages\mysql\connector\__init__.py", line 179, in connect
    return MySQLConnection(*args, **kwargs)
  File "C:\Users\varsz\AppData\Local\Programs\Python\Python313\Lib\site-packages\mysql\connector\connection.py", line 95, in __init__
    self.connect(**kwargs)
    ~~~~~~~~~~~~^^^^^^^^^^
  File "C:\Users\varsz\AppData\Local\Programs\Python\Python313\Lib\site-packages\mysql\connector\abstracts.py", line 716, in connect
    self._open_connection()
    ~~~~~~~~~~~~~~~~~~~~~^^
  File "C:\Users\varsz\AppData\Local\Programs\Python\Python313\Lib\site-packages\mysql\connector\connection.py", line 206, in _open_connection
    self._socket.open_connection()
    ~~~~~~~~~~~~~~~~~~~~~~~~~~~~^^
  File "C:\Users\varsz\AppData\Local\Programs\Python\Python313\Lib\site-packages\mysql\connector\network.py", line 511, in open_connection
    raise errors.InterfaceError(
        errno=2003, values=(self.get_address(), _strioerror(err)))
mysql.connector.errors.InterfaceError: 2003: Can't connect to MySQL server on 'localhost:3306' (10061 No connection could be made because the target machine actively refused it)
2026-07-14 12:25:01,656 - ERROR - /recent error: 2003: Can't connect to MySQL server on 'localhost:3306' (10061 No connection could be made because the target machine actively refused it)
Traceback (most recent call last):
  File "C:\Users\varsz\AppData\Local\Programs\Python\Python313\Lib\site-packages\mysql\connector\network.py", line 509, in open_connection
    self.sock.connect(sockaddr)
    ~~~~~~~~~~~~~~~~~^^^^^^^^^^
ConnectionRefusedError: [WinError 10061] No connection could be made because the target machine actively refused it

During handling of the above exception, another exception occurred:

Traceback (most recent call last):
  File "C:\laragon\www\Drone-Dashboard-Website\serverWithForwardV2.py", line 245, in recent_route
    conn = connect_database()
  File "C:\laragon\www\Drone-Dashboard-Website\serverWithForwardV2.py", line 101, in connect_database
    return mysql.connector.connect(
           ~~~~~~~~~~~~~~~~~~~~~~~^
        host=DB_CONFIG["host"],
        ^^^^^^^^^^^^^^^^^^^^^^^
    ...<2 lines>...
        database=DB_CONFIG["database"],
        ^^^^^^^^^^^^^^^^^^^^^^^^^^^^^^^
    )
    ^
  File "C:\Users\varsz\AppData\Local\Programs\Python\Python313\Lib\site-packages\mysql\connector\__init__.py", line 179, in connect
    return MySQLConnection(*args, **kwargs)
  File "C:\Users\varsz\AppData\Local\Programs\Python\Python313\Lib\site-packages\mysql\connector\connection.py", line 95, in __init__
    self.connect(**kwargs)
    ~~~~~~~~~~~~^^^^^^^^^^
  File "C:\Users\varsz\AppData\Local\Programs\Python\Python313\Lib\site-packages\mysql\connector\abstracts.py", line 716, in connect
    self._open_connection()
    ~~~~~~~~~~~~~~~~~~~~~^^
  File "C:\Users\varsz\AppData\Local\Programs\Python\Python313\Lib\site-packages\mysql\connector\connection.py", line 206, in _open_connection
    self._socket.open_connection()
    ~~~~~~~~~~~~~~~~~~~~~~~~~~~~^^
  File "C:\Users\varsz\AppData\Local\Programs\Python\Python313\Lib\site-packages\mysql\connector\network.py", line 511, in open_connection
    raise errors.InterfaceError(
        errno=2003, values=(self.get_address(), _strioerror(err)))
mysql.connector.errors.InterfaceError: 2003: Can't connect to MySQL server on 'localhost:3306' (10061 No connection could be made because the target machine actively refused it)
2026-07-14 12:25:04,666 - ERROR - /recent error: 2003: Can't connect to MySQL server on 'localhost:3306' (10061 No connection could be made because the target machine actively refused it)
Traceback (most recent call last):
  File "C:\Users\varsz\AppData\Local\Programs\Python\Python313\Lib\site-packages\mysql\connector\network.py", line 509, in open_connection
    self.sock.connect(sockaddr)
    ~~~~~~~~~~~~~~~~~^^^^^^^^^^
ConnectionRefusedError: [WinError 10061] No connection could be made because the target machine actively refused it

During handling of the above exception, another exception occurred:

Traceback (most recent call last):
  File "C:\laragon\www\Drone-Dashboard-Website\serverWithForwardV2.py", line 245, in recent_route
    conn = connect_database()
  File "C:\laragon\www\Drone-Dashboard-Website\serverWithForwardV2.py", line 101, in connect_database
    return mysql.connector.connect(
           ~~~~~~~~~~~~~~~~~~~~~~~^
        host=DB_CONFIG["host"],
        ^^^^^^^^^^^^^^^^^^^^^^^
    ...<2 lines>...
        database=DB_CONFIG["database"],
        ^^^^^^^^^^^^^^^^^^^^^^^^^^^^^^^
    )
    ^
  File "C:\Users\varsz\AppData\Local\Programs\Python\Python313\Lib\site-packages\mysql\connector\__init__.py", line 179, in connect
    return MySQLConnection(*args, **kwargs)
  File "C:\Users\varsz\AppData\Local\Programs\Python\Python313\Lib\site-packages\mysql\connector\connection.py", line 95, in __init__
    self.connect(**kwargs)
    ~~~~~~~~~~~~^^^^^^^^^^
  File "C:\Users\varsz\AppData\Local\Programs\Python\Python313\Lib\site-packages\mysql\connector\abstracts.py", line 716, in connect
    self._open_connection()
    ~~~~~~~~~~~~~~~~~~~~~^^
  File "C:\Users\varsz\AppData\Local\Programs\Python\Python313\Lib\site-packages\mysql\connector\connection.py", line 206, in _open_connection
    self._socket.open_connection()
    ~~~~~~~~~~~~~~~~~~~~~~~~~~~~^^
  File "C:\Users\varsz\AppData\Local\Programs\Python\Python313\Lib\site-packages\mysql\connector\network.py", line 511, in open_connection
    raise errors.InterfaceError(
        errno=2003, values=(self.get_address(), _strioerror(err)))
mysql.connector.errors.InterfaceError: 2003: Can't connect to MySQL server on 'localhost:3306' (10061 No connection could be made because the target machine actively refused it)
2026-07-14 12:25:07,686 - ERROR - /recent error: 2003: Can't connect to MySQL server on 'localhost:3306' (10061 No connection could be made because the target machine actively refused it)
Traceback (most recent call last):
  File "C:\Users\varsz\AppData\Local\Programs\Python\Python313\Lib\site-packages\mysql\connector\network.py", line 509, in open_connection
    self.sock.connect(sockaddr)
    ~~~~~~~~~~~~~~~~~^^^^^^^^^^
ConnectionRefusedError: [WinError 10061] No connection could be made because the target machine actively refused it

During handling of the above exception, another exception occurred:

Traceback (most recent call last):
  File "C:\laragon\www\Drone-Dashboard-Website\serverWithForwardV2.py", line 245, in recent_route
    conn = connect_database()
  File "C:\laragon\www\Drone-Dashboard-Website\serverWithForwardV2.py", line 101, in connect_database
    return mysql.connector.connect(
           ~~~~~~~~~~~~~~~~~~~~~~~^
        host=DB_CONFIG["host"],
        ^^^^^^^^^^^^^^^^^^^^^^^
    ...<2 lines>...
        database=DB_CONFIG["database"],
        ^^^^^^^^^^^^^^^^^^^^^^^^^^^^^^^
    )
    ^
  File "C:\Users\varsz\AppData\Local\Programs\Python\Python313\Lib\site-packages\mysql\connector\__init__.py", line 179, in connect
    return MySQLConnection(*args, **kwargs)
  File "C:\Users\varsz\AppData\Local\Programs\Python\Python313\Lib\site-packages\mysql\connector\connection.py", line 95, in __init__
    self.connect(**kwargs)
    ~~~~~~~~~~~~^^^^^^^^^^
  File "C:\Users\varsz\AppData\Local\Programs\Python\Python313\Lib\site-packages\mysql\connector\abstracts.py", line 716, in connect
    self._open_connection()
    ~~~~~~~~~~~~~~~~~~~~~^^
  File "C:\Users\varsz\AppData\Local\Programs\Python\Python313\Lib\site-packages\mysql\connector\connection.py", line 206, in _open_connection
    self._socket.open_connection()
    ~~~~~~~~~~~~~~~~~~~~~~~~~~~~^^
  File "C:\Users\varsz\AppData\Local\Programs\Python\Python313\Lib\site-packages\mysql\connector\network.py", line 511, in open_connection
    raise errors.InterfaceError(
        errno=2003, values=(self.get_address(), _strioerror(err)))
mysql.connector.errors.InterfaceError: 2003: Can't connect to MySQL server on 'localhost:3306' (10061 No connection could be made because the target machine actively refused it)
2026-07-14 12:25:10,676 - ERROR - /recent error: 2003: Can't connect to MySQL server on 'localhost:3306' (10061 No connection could be made because the target machine actively refused it)
Traceback (most recent call last):
  File "C:\Users\varsz\AppData\Local\Programs\Python\Python313\Lib\site-packages\mysql\connector\network.py", line 509, in open_connection
    self.sock.connect(sockaddr)
    ~~~~~~~~~~~~~~~~~^^^^^^^^^^
ConnectionRefusedError: [WinError 10061] No connection could be made because the target machine actively refused it

During handling of the above exception, another exception occurred:

Traceback (most recent call last):
  File "C:\laragon\www\Drone-Dashboard-Website\serverWithForwardV2.py", line 245, in recent_route
    conn = connect_database()
  File "C:\laragon\www\Drone-Dashboard-Website\serverWithForwardV2.py", line 101, in connect_database
    return mysql.connector.connect(
           ~~~~~~~~~~~~~~~~~~~~~~~^
        host=DB_CONFIG["host"],
        ^^^^^^^^^^^^^^^^^^^^^^^
    ...<2 lines>...
        database=DB_CONFIG["database"],
        ^^^^^^^^^^^^^^^^^^^^^^^^^^^^^^^
    )
    ^
  File "C:\Users\varsz\AppData\Local\Programs\Python\Python313\Lib\site-packages\mysql\connector\__init__.py", line 179, in connect
    return MySQLConnection(*args, **kwargs)
  File "C:\Users\varsz\AppData\Local\Programs\Python\Python313\Lib\site-packages\mysql\connector\connection.py", line 95, in __init__
    self.connect(**kwargs)
    ~~~~~~~~~~~~^^^^^^^^^^
  File "C:\Users\varsz\AppData\Local\Programs\Python\Python313\Lib\site-packages\mysql\connector\abstracts.py", line 716, in connect
    self._open_connection()
    ~~~~~~~~~~~~~~~~~~~~~^^
  File "C:\Users\varsz\AppData\Local\Programs\Python\Python313\Lib\site-packages\mysql\connector\connection.py", line 206, in _open_connection
    self._socket.open_connection()
    ~~~~~~~~~~~~~~~~~~~~~~~~~~~~^^
  File "C:\Users\varsz\AppData\Local\Programs\Python\Python313\Lib\site-packages\mysql\connector\network.py", line 511, in open_connection
    raise errors.InterfaceError(
        errno=2003, values=(self.get_address(), _strioerror(err)))
mysql.connector.errors.InterfaceError: 2003: Can't connect to MySQL server on 'localhost:3306' (10061 No connection could be made because the target machine actively refused it)
2026-07-14 12:25:13,682 - ERROR - /recent error: 2003: Can't connect to MySQL server on 'localhost:3306' (10061 No connection could be made because the target machine actively refused it)
Traceback (most recent call last):
  File "C:\Users\varsz\AppData\Local\Programs\Python\Python313\Lib\site-packages\mysql\connector\network.py", line 509, in open_connection
    self.sock.connect(sockaddr)
    ~~~~~~~~~~~~~~~~~^^^^^^^^^^
ConnectionRefusedError: [WinError 10061] No connection could be made because the target machine actively refused it

During handling of the above exception, another exception occurred:

Traceback (most recent call last):
  File "C:\laragon\www\Drone-Dashboard-Website\serverWithForwardV2.py", line 245, in recent_route
    conn = connect_database()
  File "C:\laragon\www\Drone-Dashboard-Website\serverWithForwardV2.py", line 101, in connect_database
    return mysql.connector.connect(
           ~~~~~~~~~~~~~~~~~~~~~~~^
        host=DB_CONFIG["host"],
        ^^^^^^^^^^^^^^^^^^^^^^^
    ...<2 lines>...
        database=DB_CONFIG["database"],
        ^^^^^^^^^^^^^^^^^^^^^^^^^^^^^^^
    )
    ^
  File "C:\Users\varsz\AppData\Local\Programs\Python\Python313\Lib\site-packages\mysql\connector\__init__.py", line 179, in connect
    return MySQLConnection(*args, **kwargs)
  File "C:\Users\varsz\AppData\Local\Programs\Python\Python313\Lib\site-packages\mysql\connector\connection.py", line 95, in __init__
    self.connect(**kwargs)
    ~~~~~~~~~~~~^^^^^^^^^^
  File "C:\Users\varsz\AppData\Local\Programs\Python\Python313\Lib\site-packages\mysql\connector\abstracts.py", line 716, in connect
    self._open_connection()
    ~~~~~~~~~~~~~~~~~~~~~^^
  File "C:\Users\varsz\AppData\Local\Programs\Python\Python313\Lib\site-packages\mysql\connector\connection.py", line 206, in _open_connection
    self._socket.open_connection()
    ~~~~~~~~~~~~~~~~~~~~~~~~~~~~^^
  File "C:\Users\varsz\AppData\Local\Programs\Python\Python313\Lib\site-packages\mysql\connector\network.py", line 511, in open_connection
    raise errors.InterfaceError(
        errno=2003, values=(self.get_address(), _strioerror(err)))
mysql.connector.errors.InterfaceError: 2003: Can't connect to MySQL server on 'localhost:3306' (10061 No connection could be made because the target machine actively refused it)
2026-07-14 12:25:16,700 - ERROR - /recent error: 2003: Can't connect to MySQL server on 'localhost:3306' (10061 No connection could be made because the target machine actively refused it)
Traceback (most recent call last):
  File "C:\Users\varsz\AppData\Local\Programs\Python\Python313\Lib\site-packages\mysql\connector\network.py", line 509, in open_connection
    self.sock.connect(sockaddr)
    ~~~~~~~~~~~~~~~~~^^^^^^^^^^
ConnectionRefusedError: [WinError 10061] No connection could be made because the target machine actively refused it

During handling of the above exception, another exception occurred:

Traceback (most recent call last):
  File "C:\laragon\www\Drone-Dashboard-Website\serverWithForwardV2.py", line 245, in recent_route
    conn = connect_database()
  File "C:\laragon\www\Drone-Dashboard-Website\serverWithForwardV2.py", line 101, in connect_database
    return mysql.connector.connect(
           ~~~~~~~~~~~~~~~~~~~~~~~^
        host=DB_CONFIG["host"],
        ^^^^^^^^^^^^^^^^^^^^^^^
    ...<2 lines>...
        database=DB_CONFIG["database"],
        ^^^^^^^^^^^^^^^^^^^^^^^^^^^^^^^
    )
    ^
  File "C:\Users\varsz\AppData\Local\Programs\Python\Python313\Lib\site-packages\mysql\connector\__init__.py", line 179, in connect
    return MySQLConnection(*args, **kwargs)
  File "C:\Users\varsz\AppData\Local\Programs\Python\Python313\Lib\site-packages\mysql\connector\connection.py", line 95, in __init__
    self.connect(**kwargs)
    ~~~~~~~~~~~~^^^^^^^^^^
  File "C:\Users\varsz\AppData\Local\Programs\Python\Python313\Lib\site-packages\mysql\connector\abstracts.py", line 716, in connect
    self._open_connection()
    ~~~~~~~~~~~~~~~~~~~~~^^
  File "C:\Users\varsz\AppData\Local\Programs\Python\Python313\Lib\site-packages\mysql\connector\connection.py", line 206, in _open_connection
    self._socket.open_connection()
    ~~~~~~~~~~~~~~~~~~~~~~~~~~~~^^
  File "C:\Users\varsz\AppData\Local\Programs\Python\Python313\Lib\site-packages\mysql\connector\network.py", line 511, in open_connection
    raise errors.InterfaceError(
        errno=2003, values=(self.get_address(), _strioerror(err)))
mysql.connector.errors.InterfaceError: 2003: Can't connect to MySQL server on 'localhost:3306' (10061 No connection could be made because the target machine actively refused it)
2026-07-14 12:25:19,693 - ERROR - /recent error: 2003: Can't connect to MySQL server on 'localhost:3306' (10061 No connection could be made because the target machine actively refused it)
Traceback (most recent call last):
  File "C:\Users\varsz\AppData\Local\Programs\Python\Python313\Lib\site-packages\mysql\connector\network.py", line 509, in open_connection
    self.sock.connect(sockaddr)
    ~~~~~~~~~~~~~~~~~^^^^^^^^^^
ConnectionRefusedError: [WinError 10061] No connection could be made because the target machine actively refused it

During handling of the above exception, another exception occurred:

Traceback (most recent call last):
  File "C:\laragon\www\Drone-Dashboard-Website\serverWithForwardV2.py", line 245, in recent_route
    conn = connect_database()
  File "C:\laragon\www\Drone-Dashboard-Website\serverWithForwardV2.py", line 101, in connect_database
    return mysql.connector.connect(
           ~~~~~~~~~~~~~~~~~~~~~~~^
        host=DB_CONFIG["host"],
        ^^^^^^^^^^^^^^^^^^^^^^^
    ...<2 lines>...
        database=DB_CONFIG["database"],
        ^^^^^^^^^^^^^^^^^^^^^^^^^^^^^^^
    )
    ^
  File "C:\Users\varsz\AppData\Local\Programs\Python\Python313\Lib\site-packages\mysql\connector\__init__.py", line 179, in connect
    return MySQLConnection(*args, **kwargs)
  File "C:\Users\varsz\AppData\Local\Programs\Python\Python313\Lib\site-packages\mysql\connector\connection.py", line 95, in __init__
    self.connect(**kwargs)
    ~~~~~~~~~~~~^^^^^^^^^^
  File "C:\Users\varsz\AppData\Local\Programs\Python\Python313\Lib\site-packages\mysql\connector\abstracts.py", line 716, in connect
    self._open_connection()
    ~~~~~~~~~~~~~~~~~~~~~^^
  File "C:\Users\varsz\AppData\Local\Programs\Python\Python313\Lib\site-packages\mysql\connector\connection.py", line 206, in _open_connection
    self._socket.open_connection()
    ~~~~~~~~~~~~~~~~~~~~~~~~~~~~^^
  File "C:\Users\varsz\AppData\Local\Programs\Python\Python313\Lib\site-packages\mysql\connector\network.py", line 511, in open_connection
    raise errors.InterfaceError(
        errno=2003, values=(self.get_address(), _strioerror(err)))
mysql.connector.errors.InterfaceError: 2003: Can't connect to MySQL server on 'localhost:3306' (10061 No connection could be made because the target machine actively refused it)
2026-07-14 12:25:22,690 - ERROR - /recent error: 2003: Can't connect to MySQL server on 'localhost:3306' (10061 No connection could be made because the target machine actively refused it)
Traceback (most recent call last):
  File "C:\Users\varsz\AppData\Local\Programs\Python\Python313\Lib\site-packages\mysql\connector\network.py", line 509, in open_connection
    self.sock.connect(sockaddr)
    ~~~~~~~~~~~~~~~~~^^^^^^^^^^
ConnectionRefusedError: [WinError 10061] No connection could be made because the target machine actively refused it

During handling of the above exception, another exception occurred:

Traceback (most recent call last):
  File "C:\laragon\www\Drone-Dashboard-Website\serverWithForwardV2.py", line 245, in recent_route
    conn = connect_database()
  File "C:\laragon\www\Drone-Dashboard-Website\serverWithForwardV2.py", line 101, in connect_database
    return mysql.connector.connect(
           ~~~~~~~~~~~~~~~~~~~~~~~^
        host=DB_CONFIG["host"],
        ^^^^^^^^^^^^^^^^^^^^^^^
    ...<2 lines>...
        database=DB_CONFIG["database"],
        ^^^^^^^^^^^^^^^^^^^^^^^^^^^^^^^
    )
    ^
  File "C:\Users\varsz\AppData\Local\Programs\Python\Python313\Lib\site-packages\mysql\connector\__init__.py", line 179, in connect
    return MySQLConnection(*args, **kwargs)
  File "C:\Users\varsz\AppData\Local\Programs\Python\Python313\Lib\site-packages\mysql\connector\connection.py", line 95, in __init__
    self.connect(**kwargs)
    ~~~~~~~~~~~~^^^^^^^^^^
  File "C:\Users\varsz\AppData\Local\Programs\Python\Python313\Lib\site-packages\mysql\connector\abstracts.py", line 716, in connect
    self._open_connection()
    ~~~~~~~~~~~~~~~~~~~~~^^
  File "C:\Users\varsz\AppData\Local\Programs\Python\Python313\Lib\site-packages\mysql\connector\connection.py", line 206, in _open_connection
    self._socket.open_connection()
    ~~~~~~~~~~~~~~~~~~~~~~~~~~~~^^
  File "C:\Users\varsz\AppData\Local\Programs\Python\Python313\Lib\site-packages\mysql\connector\network.py", line 511, in open_connection
    raise errors.InterfaceError(
        errno=2003, values=(self.get_address(), _strioerror(err)))
mysql.connector.errors.InterfaceError: 2003: Can't connect to MySQL server on 'localhost:3306' (10061 No connection could be made because the target machine actively refused it)
2026-07-14 12:25:25,697 - ERROR - /recent error: 2003: Can't connect to MySQL server on 'localhost:3306' (10061 No connection could be made because the target machine actively refused it)
Traceback (most recent call last):
  File "C:\Users\varsz\AppData\Local\Programs\Python\Python313\Lib\site-packages\mysql\connector\network.py", line 509, in open_connection
    self.sock.connect(sockaddr)
    ~~~~~~~~~~~~~~~~~^^^^^^^^^^
ConnectionRefusedError: [WinError 10061] No connection could be made because the target machine actively refused it

During handling of the above exception, another exception occurred:

Traceback (most recent call last):
  File "C:\laragon\www\Drone-Dashboard-Website\serverWithForwardV2.py", line 245, in recent_route
    conn = connect_database()
  File "C:\laragon\www\Drone-Dashboard-Website\serverWithForwardV2.py", line 101, in connect_database
    return mysql.connector.connect(
           ~~~~~~~~~~~~~~~~~~~~~~~^
        host=DB_CONFIG["host"],
        ^^^^^^^^^^^^^^^^^^^^^^^
    ...<2 lines>...
        database=DB_CONFIG["database"],
        ^^^^^^^^^^^^^^^^^^^^^^^^^^^^^^^
    )
    ^
  File "C:\Users\varsz\AppData\Local\Programs\Python\Python313\Lib\site-packages\mysql\connector\__init__.py", line 179, in connect
    return MySQLConnection(*args, **kwargs)
  File "C:\Users\varsz\AppData\Local\Programs\Python\Python313\Lib\site-packages\mysql\connector\connection.py", line 95, in __init__
    self.connect(**kwargs)
    ~~~~~~~~~~~~^^^^^^^^^^
  File "C:\Users\varsz\AppData\Local\Programs\Python\Python313\Lib\site-packages\mysql\connector\abstracts.py", line 716, in connect
    self._open_connection()
    ~~~~~~~~~~~~~~~~~~~~~^^
  File "C:\Users\varsz\AppData\Local\Programs\Python\Python313\Lib\site-packages\mysql\connector\connection.py", line 206, in _open_connection
    self._socket.open_connection()
    ~~~~~~~~~~~~~~~~~~~~~~~~~~~~^^
  File "C:\Users\varsz\AppData\Local\Programs\Python\Python313\Lib\site-packages\mysql\connector\network.py", line 511, in open_connection
    raise errors.InterfaceError(
        errno=2003, values=(self.get_address(), _strioerror(err)))
mysql.connector.errors.InterfaceError: 2003: Can't connect to MySQL server on 'localhost:3306' (10061 No connection could be made because the target machine actively refused it)
2026-07-14 12:25:28,712 - ERROR - /recent error: 2003: Can't connect to MySQL server on 'localhost:3306' (10061 No connection could be made because the target machine actively refused it)
Traceback (most recent call last):
  File "C:\Users\varsz\AppData\Local\Programs\Python\Python313\Lib\site-packages\mysql\connector\network.py", line 509, in open_connection
    self.sock.connect(sockaddr)
    ~~~~~~~~~~~~~~~~~^^^^^^^^^^
ConnectionRefusedError: [WinError 10061] No connection could be made because the target machine actively refused it

During handling of the above exception, another exception occurred:

Traceback (most recent call last):
  File "C:\laragon\www\Drone-Dashboard-Website\serverWithForwardV2.py", line 245, in recent_route
    conn = connect_database()
  File "C:\laragon\www\Drone-Dashboard-Website\serverWithForwardV2.py", line 101, in connect_database
    return mysql.connector.connect(
           ~~~~~~~~~~~~~~~~~~~~~~~^
        host=DB_CONFIG["host"],
        ^^^^^^^^^^^^^^^^^^^^^^^
    ...<2 lines>...
        database=DB_CONFIG["database"],
        ^^^^^^^^^^^^^^^^^^^^^^^^^^^^^^^
    )
    ^
  File "C:\Users\varsz\AppData\Local\Programs\Python\Python313\Lib\site-packages\mysql\connector\__init__.py", line 179, in connect
    return MySQLConnection(*args, **kwargs)
  File "C:\Users\varsz\AppData\Local\Programs\Python\Python313\Lib\site-packages\mysql\connector\connection.py", line 95, in __init__
    self.connect(**kwargs)
    ~~~~~~~~~~~~^^^^^^^^^^
  File "C:\Users\varsz\AppData\Local\Programs\Python\Python313\Lib\site-packages\mysql\connector\abstracts.py", line 716, in connect
    self._open_connection()
    ~~~~~~~~~~~~~~~~~~~~~^^
  File "C:\Users\varsz\AppData\Local\Programs\Python\Python313\Lib\site-packages\mysql\connector\connection.py", line 206, in _open_connection
    self._socket.open_connection()
    ~~~~~~~~~~~~~~~~~~~~~~~~~~~~^^
  File "C:\Users\varsz\AppData\Local\Programs\Python\Python313\Lib\site-packages\mysql\connector\network.py", line 511, in open_connection
    raise errors.InterfaceError(
        errno=2003, values=(self.get_address(), _strioerror(err)))
mysql.connector.errors.InterfaceError: 2003: Can't connect to MySQL server on 'localhost:3306' (10061 No connection could be made because the target machine actively refused it)
2026-07-14 12:25:31,713 - ERROR - /recent error: 2003: Can't connect to MySQL server on 'localhost:3306' (10061 No connection could be made because the target machine actively refused it)
Traceback (most recent call last):
  File "C:\Users\varsz\AppData\Local\Programs\Python\Python313\Lib\site-packages\mysql\connector\network.py", line 509, in open_connection
    self.sock.connect(sockaddr)
    ~~~~~~~~~~~~~~~~~^^^^^^^^^^
ConnectionRefusedError: [WinError 10061] No connection could be made because the target machine actively refused it

During handling of the above exception, another exception occurred:

Traceback (most recent call last):
  File "C:\laragon\www\Drone-Dashboard-Website\serverWithForwardV2.py", line 245, in recent_route
    conn = connect_database()
  File "C:\laragon\www\Drone-Dashboard-Website\serverWithForwardV2.py", line 101, in connect_database
    return mysql.connector.connect(
           ~~~~~~~~~~~~~~~~~~~~~~~^
        host=DB_CONFIG["host"],
        ^^^^^^^^^^^^^^^^^^^^^^^
    ...<2 lines>...
        database=DB_CONFIG["database"],
        ^^^^^^^^^^^^^^^^^^^^^^^^^^^^^^^
    )
    ^
  File "C:\Users\varsz\AppData\Local\Programs\Python\Python313\Lib\site-packages\mysql\connector\__init__.py", line 179, in connect
    return MySQLConnection(*args, **kwargs)
  File "C:\Users\varsz\AppData\Local\Programs\Python\Python313\Lib\site-packages\mysql\connector\connection.py", line 95, in __init__
    self.connect(**kwargs)
    ~~~~~~~~~~~~^^^^^^^^^^
  File "C:\Users\varsz\AppData\Local\Programs\Python\Python313\Lib\site-packages\mysql\connector\abstracts.py", line 716, in connect
    self._open_connection()
    ~~~~~~~~~~~~~~~~~~~~~^^
  File "C:\Users\varsz\AppData\Local\Programs\Python\Python313\Lib\site-packages\mysql\connector\connection.py", line 206, in _open_connection
    self._socket.open_connection()
    ~~~~~~~~~~~~~~~~~~~~~~~~~~~~^^
  File "C:\Users\varsz\AppData\Local\Programs\Python\Python313\Lib\site-packages\mysql\connector\network.py", line 511, in open_connection
    raise errors.InterfaceError(
        errno=2003, values=(self.get_address(), _strioerror(err)))
mysql.connector.errors.InterfaceError: 2003: Can't connect to MySQL server on 'localhost:3306' (10061 No connection could be made because the target machine actively refused it)
2026-07-14 12:25:34,726 - ERROR - /recent error: 2003: Can't connect to MySQL server on 'localhost:3306' (10061 No connection could be made because the target machine actively refused it)
Traceback (most recent call last):
  File "C:\Users\varsz\AppData\Local\Programs\Python\Python313\Lib\site-packages\mysql\connector\network.py", line 509, in open_connection
    self.sock.connect(sockaddr)
    ~~~~~~~~~~~~~~~~~^^^^^^^^^^
ConnectionRefusedError: [WinError 10061] No connection could be made because the target machine actively refused it

During handling of the above exception, another exception occurred:

Traceback (most recent call last):
  File "C:\laragon\www\Drone-Dashboard-Website\serverWithForwardV2.py", line 245, in recent_route
    conn = connect_database()
  File "C:\laragon\www\Drone-Dashboard-Website\serverWithForwardV2.py", line 101, in connect_database
    return mysql.connector.connect(
           ~~~~~~~~~~~~~~~~~~~~~~~^
        host=DB_CONFIG["host"],
        ^^^^^^^^^^^^^^^^^^^^^^^
    ...<2 lines>...
        database=DB_CONFIG["database"],
        ^^^^^^^^^^^^^^^^^^^^^^^^^^^^^^^
    )
    ^
  File "C:\Users\varsz\AppData\Local\Programs\Python\Python313\Lib\site-packages\mysql\connector\__init__.py", line 179, in connect
    return MySQLConnection(*args, **kwargs)
  File "C:\Users\varsz\AppData\Local\Programs\Python\Python313\Lib\site-packages\mysql\connector\connection.py", line 95, in __init__
    self.connect(**kwargs)
    ~~~~~~~~~~~~^^^^^^^^^^
  File "C:\Users\varsz\AppData\Local\Programs\Python\Python313\Lib\site-packages\mysql\connector\abstracts.py", line 716, in connect
    self._open_connection()
    ~~~~~~~~~~~~~~~~~~~~~^^
  File "C:\Users\varsz\AppData\Local\Programs\Python\Python313\Lib\site-packages\mysql\connector\connection.py", line 206, in _open_connection
    self._socket.open_connection()
    ~~~~~~~~~~~~~~~~~~~~~~~~~~~~^^
  File "C:\Users\varsz\AppData\Local\Programs\Python\Python313\Lib\site-packages\mysql\connector\network.py", line 511, in open_connection
    raise errors.InterfaceError(
        errno=2003, values=(self.get_address(), _strioerror(err)))
mysql.connector.errors.InterfaceError: 2003: Can't connect to MySQL server on 'localhost:3306' (10061 No connection could be made because the target machine actively refused it)
2026-07-14 12:25:37,722 - ERROR - /recent error: 2003: Can't connect to MySQL server on 'localhost:3306' (10061 No connection could be made because the target machine actively refused it)
Traceback (most recent call last):
  File "C:\Users\varsz\AppData\Local\Programs\Python\Python313\Lib\site-packages\mysql\connector\network.py", line 509, in open_connection
    self.sock.connect(sockaddr)
    ~~~~~~~~~~~~~~~~~^^^^^^^^^^
ConnectionRefusedError: [WinError 10061] No connection could be made because the target machine actively refused it

During handling of the above exception, another exception occurred:

Traceback (most recent call last):
  File "C:\laragon\www\Drone-Dashboard-Website\serverWithForwardV2.py", line 245, in recent_route
    conn = connect_database()
  File "C:\laragon\www\Drone-Dashboard-Website\serverWithForwardV2.py", line 101, in connect_database
    return mysql.connector.connect(
           ~~~~~~~~~~~~~~~~~~~~~~~^
        host=DB_CONFIG["host"],
        ^^^^^^^^^^^^^^^^^^^^^^^
    ...<2 lines>...
        database=DB_CONFIG["database"],
        ^^^^^^^^^^^^^^^^^^^^^^^^^^^^^^^
    )
    ^
  File "C:\Users\varsz\AppData\Local\Programs\Python\Python313\Lib\site-packages\mysql\connector\__init__.py", line 179, in connect
    return MySQLConnection(*args, **kwargs)
  File "C:\Users\varsz\AppData\Local\Programs\Python\Python313\Lib\site-packages\mysql\connector\connection.py", line 95, in __init__
    self.connect(**kwargs)
    ~~~~~~~~~~~~^^^^^^^^^^
  File "C:\Users\varsz\AppData\Local\Programs\Python\Python313\Lib\site-packages\mysql\connector\abstracts.py", line 716, in connect
    self._open_connection()
    ~~~~~~~~~~~~~~~~~~~~~^^
  File "C:\Users\varsz\AppData\Local\Programs\Python\Python313\Lib\site-packages\mysql\connector\connection.py", line 206, in _open_connection
    self._socket.open_connection()
    ~~~~~~~~~~~~~~~~~~~~~~~~~~~~^^
  File "C:\Users\varsz\AppData\Local\Programs\Python\Python313\Lib\site-packages\mysql\connector\network.py", line 511, in open_connection
    raise errors.InterfaceError(
        errno=2003, values=(self.get_address(), _strioerror(err)))
mysql.connector.errors.InterfaceError: 2003: Can't connect to MySQL server on 'localhost:3306' (10061 No connection could be made because the target machine actively refused it)
2026-07-14 12:25:40,754 - ERROR - /recent error: 2003: Can't connect to MySQL server on 'localhost:3306' (10061 No connection could be made because the target machine actively refused it)
Traceback (most recent call last):
  File "C:\Users\varsz\AppData\Local\Programs\Python\Python313\Lib\site-packages\mysql\connector\network.py", line 509, in open_connection
    self.sock.connect(sockaddr)
    ~~~~~~~~~~~~~~~~~^^^^^^^^^^
ConnectionRefusedError: [WinError 10061] No connection could be made because the target machine actively refused it

During handling of the above exception, another exception occurred:

Traceback (most recent call last):
  File "C:\laragon\www\Drone-Dashboard-Website\serverWithForwardV2.py", line 245, in recent_route
    conn = connect_database()
  File "C:\laragon\www\Drone-Dashboard-Website\serverWithForwardV2.py", line 101, in connect_database
    return mysql.connector.connect(
           ~~~~~~~~~~~~~~~~~~~~~~~^
        host=DB_CONFIG["host"],
        ^^^^^^^^^^^^^^^^^^^^^^^
    ...<2 lines>...
        database=DB_CONFIG["database"],
        ^^^^^^^^^^^^^^^^^^^^^^^^^^^^^^^
    )
    ^
  File "C:\Users\varsz\AppData\Local\Programs\Python\Python313\Lib\site-packages\mysql\connector\__init__.py", line 179, in connect
    return MySQLConnection(*args, **kwargs)
  File "C:\Users\varsz\AppData\Local\Programs\Python\Python313\Lib\site-packages\mysql\connector\connection.py", line 95, in __init__
    self.connect(**kwargs)
    ~~~~~~~~~~~~^^^^^^^^^^
  File "C:\Users\varsz\AppData\Local\Programs\Python\Python313\Lib\site-packages\mysql\connector\abstracts.py", line 716, in connect
    self._open_connection()
    ~~~~~~~~~~~~~~~~~~~~~^^
  File "C:\Users\varsz\AppData\Local\Programs\Python\Python313\Lib\site-packages\mysql\connector\connection.py", line 206, in _open_connection
    self._socket.open_connection()
    ~~~~~~~~~~~~~~~~~~~~~~~~~~~~^^
  File "C:\Users\varsz\AppData\Local\Programs\Python\Python313\Lib\site-packages\mysql\connector\network.py", line 511, in open_connection
    raise errors.InterfaceError(
        errno=2003, values=(self.get_address(), _strioerror(err)))
mysql.connector.errors.InterfaceError: 2003: Can't connect to MySQL server on 'localhost:3306' (10061 No connection could be made because the target machine actively refused it)
2026-07-14 12:25:43,756 - ERROR - /recent error: 2003: Can't connect to MySQL server on 'localhost:3306' (10061 No connection could be made because the target machine actively refused it)
Traceback (most recent call last):
  File "C:\Users\varsz\AppData\Local\Programs\Python\Python313\Lib\site-packages\mysql\connector\network.py", line 509, in open_connection
    self.sock.connect(sockaddr)
    ~~~~~~~~~~~~~~~~~^^^^^^^^^^
ConnectionRefusedError: [WinError 10061] No connection could be made because the target machine actively refused it

During handling of the above exception, another exception occurred:

Traceback (most recent call last):
  File "C:\laragon\www\Drone-Dashboard-Website\serverWithForwardV2.py", line 245, in recent_route
    conn = connect_database()
  File "C:\laragon\www\Drone-Dashboard-Website\serverWithForwardV2.py", line 101, in connect_database
    return mysql.connector.connect(
           ~~~~~~~~~~~~~~~~~~~~~~~^
        host=DB_CONFIG["host"],
        ^^^^^^^^^^^^^^^^^^^^^^^
    ...<2 lines>...
        database=DB_CONFIG["database"],
        ^^^^^^^^^^^^^^^^^^^^^^^^^^^^^^^
    )
    ^
  File "C:\Users\varsz\AppData\Local\Programs\Python\Python313\Lib\site-packages\mysql\connector\__init__.py", line 179, in connect
    return MySQLConnection(*args, **kwargs)
  File "C:\Users\varsz\AppData\Local\Programs\Python\Python313\Lib\site-packages\mysql\connector\connection.py", line 95, in __init__
    self.connect(**kwargs)
    ~~~~~~~~~~~~^^^^^^^^^^
  File "C:\Users\varsz\AppData\Local\Programs\Python\Python313\Lib\site-packages\mysql\connector\abstracts.py", line 716, in connect
    self._open_connection()
    ~~~~~~~~~~~~~~~~~~~~~^^
  File "C:\Users\varsz\AppData\Local\Programs\Python\Python313\Lib\site-packages\mysql\connector\connection.py", line 206, in _open_connection
    self._socket.open_connection()
    ~~~~~~~~~~~~~~~~~~~~~~~~~~~~^^
  File "C:\Users\varsz\AppData\Local\Programs\Python\Python313\Lib\site-packages\mysql\connector\network.py", line 511, in open_connection
    raise errors.InterfaceError(
        errno=2003, values=(self.get_address(), _strioerror(err)))
mysql.connector.errors.InterfaceError: 2003: Can't connect to MySQL server on 'localhost:3306' (10061 No connection could be made because the target machine actively refused it)
2026-07-14 12:25:46,756 - ERROR - /recent error: 2003: Can't connect to MySQL server on 'localhost:3306' (10061 No connection could be made because the target machine actively refused it)
Traceback (most recent call last):
  File "C:\Users\varsz\AppData\Local\Programs\Python\Python313\Lib\site-packages\mysql\connector\network.py", line 509, in open_connection
    self.sock.connect(sockaddr)
    ~~~~~~~~~~~~~~~~~^^^^^^^^^^
ConnectionRefusedError: [WinError 10061] No connection could be made because the target machine actively refused it

During handling of the above exception, another exception occurred:

Traceback (most recent call last):
  File "C:\laragon\www\Drone-Dashboard-Website\serverWithForwardV2.py", line 245, in recent_route
    conn = connect_database()
  File "C:\laragon\www\Drone-Dashboard-Website\serverWithForwardV2.py", line 101, in connect_database
    return mysql.connector.connect(
           ~~~~~~~~~~~~~~~~~~~~~~~^
        host=DB_CONFIG["host"],
        ^^^^^^^^^^^^^^^^^^^^^^^
    ...<2 lines>...
        database=DB_CONFIG["database"],
        ^^^^^^^^^^^^^^^^^^^^^^^^^^^^^^^
    )
    ^
  File "C:\Users\varsz\AppData\Local\Programs\Python\Python313\Lib\site-packages\mysql\connector\__init__.py", line 179, in connect
    return MySQLConnection(*args, **kwargs)
  File "C:\Users\varsz\AppData\Local\Programs\Python\Python313\Lib\site-packages\mysql\connector\connection.py", line 95, in __init__
    self.connect(**kwargs)
    ~~~~~~~~~~~~^^^^^^^^^^
  File "C:\Users\varsz\AppData\Local\Programs\Python\Python313\Lib\site-packages\mysql\connector\abstracts.py", line 716, in connect
    self._open_connection()
    ~~~~~~~~~~~~~~~~~~~~~^^
  File "C:\Users\varsz\AppData\Local\Programs\Python\Python313\Lib\site-packages\mysql\connector\connection.py", line 206, in _open_connection
    self._socket.open_connection()
    ~~~~~~~~~~~~~~~~~~~~~~~~~~~~^^
  File "C:\Users\varsz\AppData\Local\Programs\Python\Python313\Lib\site-packages\mysql\connector\network.py", line 511, in open_connection
    raise errors.InterfaceError(
        errno=2003, values=(self.get_address(), _strioerror(err)))
mysql.connector.errors.InterfaceError: 2003: Can't connect to MySQL server on 'localhost:3306' (10061 No connection could be made because the target machine actively refused it)
2026-07-14 12:25:49,770 - ERROR - /recent error: 2003: Can't connect to MySQL server on 'localhost:3306' (10061 No connection could be made because the target machine actively refused it)
Traceback (most recent call last):
  File "C:\Users\varsz\AppData\Local\Programs\Python\Python313\Lib\site-packages\mysql\connector\network.py", line 509, in open_connection
    self.sock.connect(sockaddr)
    ~~~~~~~~~~~~~~~~~^^^^^^^^^^
ConnectionRefusedError: [WinError 10061] No connection could be made because the target machine actively refused it

During handling of the above exception, another exception occurred:

Traceback (most recent call last):
  File "C:\laragon\www\Drone-Dashboard-Website\serverWithForwardV2.py", line 245, in recent_route
    conn = connect_database()
  File "C:\laragon\www\Drone-Dashboard-Website\serverWithForwardV2.py", line 101, in connect_database
    return mysql.connector.connect(
           ~~~~~~~~~~~~~~~~~~~~~~~^
        host=DB_CONFIG["host"],
        ^^^^^^^^^^^^^^^^^^^^^^^
    ...<2 lines>...
        database=DB_CONFIG["database"],
        ^^^^^^^^^^^^^^^^^^^^^^^^^^^^^^^
    )
    ^
  File "C:\Users\varsz\AppData\Local\Programs\Python\Python313\Lib\site-packages\mysql\connector\__init__.py", line 179, in connect
    return MySQLConnection(*args, **kwargs)
  File "C:\Users\varsz\AppData\Local\Programs\Python\Python313\Lib\site-packages\mysql\connector\connection.py", line 95, in __init__
    self.connect(**kwargs)
    ~~~~~~~~~~~~^^^^^^^^^^
  File "C:\Users\varsz\AppData\Local\Programs\Python\Python313\Lib\site-packages\mysql\connector\abstracts.py", line 716, in connect
    self._open_connection()
    ~~~~~~~~~~~~~~~~~~~~~^^
  File "C:\Users\varsz\AppData\Local\Programs\Python\Python313\Lib\site-packages\mysql\connector\connection.py", line 206, in _open_connection
    self._socket.open_connection()
    ~~~~~~~~~~~~~~~~~~~~~~~~~~~~^^
  File "C:\Users\varsz\AppData\Local\Programs\Python\Python313\Lib\site-packages\mysql\connector\network.py", line 511, in open_connection
    raise errors.InterfaceError(
        errno=2003, values=(self.get_address(), _strioerror(err)))
mysql.connector.errors.InterfaceError: 2003: Can't connect to MySQL server on 'localhost:3306' (10061 No connection could be made because the target machine actively refused it)
2026-07-14 12:25:52,775 - ERROR - /recent error: 2003: Can't connect to MySQL server on 'localhost:3306' (10061 No connection could be made because the target machine actively refused it)
Traceback (most recent call last):
  File "C:\Users\varsz\AppData\Local\Programs\Python\Python313\Lib\site-packages\mysql\connector\network.py", line 509, in open_connection
    self.sock.connect(sockaddr)
    ~~~~~~~~~~~~~~~~~^^^^^^^^^^
ConnectionRefusedError: [WinError 10061] No connection could be made because the target machine actively refused it

During handling of the above exception, another exception occurred:

Traceback (most recent call last):
  File "C:\laragon\www\Drone-Dashboard-Website\serverWithForwardV2.py", line 245, in recent_route
    conn = connect_database()
  File "C:\laragon\www\Drone-Dashboard-Website\serverWithForwardV2.py", line 101, in connect_database
    return mysql.connector.connect(
           ~~~~~~~~~~~~~~~~~~~~~~~^
        host=DB_CONFIG["host"],
        ^^^^^^^^^^^^^^^^^^^^^^^
    ...<2 lines>...
        database=DB_CONFIG["database"],
        ^^^^^^^^^^^^^^^^^^^^^^^^^^^^^^^
    )
    ^
  File "C:\Users\varsz\AppData\Local\Programs\Python\Python313\Lib\site-packages\mysql\connector\__init__.py", line 179, in connect
    return MySQLConnection(*args, **kwargs)
  File "C:\Users\varsz\AppData\Local\Programs\Python\Python313\Lib\site-packages\mysql\connector\connection.py", line 95, in __init__
    self.connect(**kwargs)
    ~~~~~~~~~~~~^^^^^^^^^^
  File "C:\Users\varsz\AppData\Local\Programs\Python\Python313\Lib\site-packages\mysql\connector\abstracts.py", line 716, in connect
    self._open_connection()
    ~~~~~~~~~~~~~~~~~~~~~^^
  File "C:\Users\varsz\AppData\Local\Programs\Python\Python313\Lib\site-packages\mysql\connector\connection.py", line 206, in _open_connection
    self._socket.open_connection()
    ~~~~~~~~~~~~~~~~~~~~~~~~~~~~^^
  File "C:\Users\varsz\AppData\Local\Programs\Python\Python313\Lib\site-packages\mysql\connector\network.py", line 511, in open_connection
    raise errors.InterfaceError(
        errno=2003, values=(self.get_address(), _strioerror(err)))
mysql.connector.errors.InterfaceError: 2003: Can't connect to MySQL server on 'localhost:3306' (10061 No connection could be made because the target machine actively refused it)
2026-07-14 12:25:55,776 - ERROR - /recent error: 2003: Can't connect to MySQL server on 'localhost:3306' (10061 No connection could be made because the target machine actively refused it)
Traceback (most recent call last):
  File "C:\Users\varsz\AppData\Local\Programs\Python\Python313\Lib\site-packages\mysql\connector\network.py", line 509, in open_connection
    self.sock.connect(sockaddr)
    ~~~~~~~~~~~~~~~~~^^^^^^^^^^
ConnectionRefusedError: [WinError 10061] No connection could be made because the target machine actively refused it

During handling of the above exception, another exception occurred:

Traceback (most recent call last):
  File "C:\laragon\www\Drone-Dashboard-Website\serverWithForwardV2.py", line 245, in recent_route
    conn = connect_database()
  File "C:\laragon\www\Drone-Dashboard-Website\serverWithForwardV2.py", line 101, in connect_database
    return mysql.connector.connect(
           ~~~~~~~~~~~~~~~~~~~~~~~^
        host=DB_CONFIG["host"],
        ^^^^^^^^^^^^^^^^^^^^^^^
    ...<2 lines>...
        database=DB_CONFIG["database"],
        ^^^^^^^^^^^^^^^^^^^^^^^^^^^^^^^
    )
    ^
  File "C:\Users\varsz\AppData\Local\Programs\Python\Python313\Lib\site-packages\mysql\connector\__init__.py", line 179, in connect
    return MySQLConnection(*args, **kwargs)
  File "C:\Users\varsz\AppData\Local\Programs\Python\Python313\Lib\site-packages\mysql\connector\connection.py", line 95, in __init__
    self.connect(**kwargs)
    ~~~~~~~~~~~~^^^^^^^^^^
  File "C:\Users\varsz\AppData\Local\Programs\Python\Python313\Lib\site-packages\mysql\connector\abstracts.py", line 716, in connect
    self._open_connection()
    ~~~~~~~~~~~~~~~~~~~~~^^
  File "C:\Users\varsz\AppData\Local\Programs\Python\Python313\Lib\site-packages\mysql\connector\connection.py", line 206, in _open_connection
    self._socket.open_connection()
    ~~~~~~~~~~~~~~~~~~~~~~~~~~~~^^
  File "C:\Users\varsz\AppData\Local\Programs\Python\Python313\Lib\site-packages\mysql\connector\network.py", line 511, in open_connection
    raise errors.InterfaceError(
        errno=2003, values=(self.get_address(), _strioerror(err)))
mysql.connector.errors.InterfaceError: 2003: Can't connect to MySQL server on 'localhost:3306' (10061 No connection could be made because the target machine actively refused it)
2026-07-14 12:25:58,777 - ERROR - /recent error: 2003: Can't connect to MySQL server on 'localhost:3306' (10061 No connection could be made because the target machine actively refused it)
Traceback (most recent call last):
  File "C:\Users\varsz\AppData\Local\Programs\Python\Python313\Lib\site-packages\mysql\connector\network.py", line 509, in open_connection
    self.sock.connect(sockaddr)
    ~~~~~~~~~~~~~~~~~^^^^^^^^^^
ConnectionRefusedError: [WinError 10061] No connection could be made because the target machine actively refused it

During handling of the above exception, another exception occurred:

Traceback (most recent call last):
  File "C:\laragon\www\Drone-Dashboard-Website\serverWithForwardV2.py", line 245, in recent_route
    conn = connect_database()
  File "C:\laragon\www\Drone-Dashboard-Website\serverWithForwardV2.py", line 101, in connect_database
    return mysql.connector.connect(
           ~~~~~~~~~~~~~~~~~~~~~~~^
        host=DB_CONFIG["host"],
        ^^^^^^^^^^^^^^^^^^^^^^^
    ...<2 lines>...
        database=DB_CONFIG["database"],
        ^^^^^^^^^^^^^^^^^^^^^^^^^^^^^^^
    )
    ^
  File "C:\Users\varsz\AppData\Local\Programs\Python\Python313\Lib\site-packages\mysql\connector\__init__.py", line 179, in connect
    return MySQLConnection(*args, **kwargs)
  File "C:\Users\varsz\AppData\Local\Programs\Python\Python313\Lib\site-packages\mysql\connector\connection.py", line 95, in __init__
    self.connect(**kwargs)
    ~~~~~~~~~~~~^^^^^^^^^^
  File "C:\Users\varsz\AppData\Local\Programs\Python\Python313\Lib\site-packages\mysql\connector\abstracts.py", line 716, in connect
    self._open_connection()
    ~~~~~~~~~~~~~~~~~~~~~^^
  File "C:\Users\varsz\AppData\Local\Programs\Python\Python313\Lib\site-packages\mysql\connector\connection.py", line 206, in _open_connection
    self._socket.open_connection()
    ~~~~~~~~~~~~~~~~~~~~~~~~~~~~^^
  File "C:\Users\varsz\AppData\Local\Programs\Python\Python313\Lib\site-packages\mysql\connector\network.py", line 511, in open_connection
    raise errors.InterfaceError(
        errno=2003, values=(self.get_address(), _strioerror(err)))
mysql.connector.errors.InterfaceError: 2003: Can't connect to MySQL server on 'localhost:3306' (10061 No connection could be made because the target machine actively refused it)
2026-07-14 12:26:01,780 - ERROR - /recent error: 2003: Can't connect to MySQL server on 'localhost:3306' (10061 No connection could be made because the target machine actively refused it)
Traceback (most recent call last):
  File "C:\Users\varsz\AppData\Local\Programs\Python\Python313\Lib\site-packages\mysql\connector\network.py", line 509, in open_connection
    self.sock.connect(sockaddr)
    ~~~~~~~~~~~~~~~~~^^^^^^^^^^
ConnectionRefusedError: [WinError 10061] No connection could be made because the target machine actively refused it

During handling of the above exception, another exception occurred:

Traceback (most recent call last):
  File "C:\laragon\www\Drone-Dashboard-Website\serverWithForwardV2.py", line 245, in recent_route
    conn = connect_database()
  File "C:\laragon\www\Drone-Dashboard-Website\serverWithForwardV2.py", line 101, in connect_database
    return mysql.connector.connect(
           ~~~~~~~~~~~~~~~~~~~~~~~^
        host=DB_CONFIG["host"],
        ^^^^^^^^^^^^^^^^^^^^^^^
    ...<2 lines>...
        database=DB_CONFIG["database"],
        ^^^^^^^^^^^^^^^^^^^^^^^^^^^^^^^
    )
    ^
  File "C:\Users\varsz\AppData\Local\Programs\Python\Python313\Lib\site-packages\mysql\connector\__init__.py", line 179, in connect
    return MySQLConnection(*args, **kwargs)
  File "C:\Users\varsz\AppData\Local\Programs\Python\Python313\Lib\site-packages\mysql\connector\connection.py", line 95, in __init__
    self.connect(**kwargs)
    ~~~~~~~~~~~~^^^^^^^^^^
  File "C:\Users\varsz\AppData\Local\Programs\Python\Python313\Lib\site-packages\mysql\connector\abstracts.py", line 716, in connect
    self._open_connection()
    ~~~~~~~~~~~~~~~~~~~~~^^
  File "C:\Users\varsz\AppData\Local\Programs\Python\Python313\Lib\site-packages\mysql\connector\connection.py", line 206, in _open_connection
    self._socket.open_connection()
    ~~~~~~~~~~~~~~~~~~~~~~~~~~~~^^
  File "C:\Users\varsz\AppData\Local\Programs\Python\Python313\Lib\site-packages\mysql\connector\network.py", line 511, in open_connection
    raise errors.InterfaceError(
        errno=2003, values=(self.get_address(), _strioerror(err)))
mysql.connector.errors.InterfaceError: 2003: Can't connect to MySQL server on 'localhost:3306' (10061 No connection could be made because the target machine actively refused it)
2026-07-14 12:26:04,773 - ERROR - /recent error: 2003: Can't connect to MySQL server on 'localhost:3306' (10061 No connection could be made because the target machine actively refused it)
Traceback (most recent call last):
  File "C:\Users\varsz\AppData\Local\Programs\Python\Python313\Lib\site-packages\mysql\connector\network.py", line 509, in open_connection
    self.sock.connect(sockaddr)
    ~~~~~~~~~~~~~~~~~^^^^^^^^^^
ConnectionRefusedError: [WinError 10061] No connection could be made because the target machine actively refused it

During handling of the above exception, another exception occurred:

Traceback (most recent call last):
  File "C:\laragon\www\Drone-Dashboard-Website\serverWithForwardV2.py", line 245, in recent_route
    conn = connect_database()
  File "C:\laragon\www\Drone-Dashboard-Website\serverWithForwardV2.py", line 101, in connect_database
    return mysql.connector.connect(
           ~~~~~~~~~~~~~~~~~~~~~~~^
        host=DB_CONFIG["host"],
        ^^^^^^^^^^^^^^^^^^^^^^^
    ...<2 lines>...
        database=DB_CONFIG["database"],
        ^^^^^^^^^^^^^^^^^^^^^^^^^^^^^^^
    )
    ^
  File "C:\Users\varsz\AppData\Local\Programs\Python\Python313\Lib\site-packages\mysql\connector\__init__.py", line 179, in connect
    return MySQLConnection(*args, **kwargs)
  File "C:\Users\varsz\AppData\Local\Programs\Python\Python313\Lib\site-packages\mysql\connector\connection.py", line 95, in __init__
    self.connect(**kwargs)
    ~~~~~~~~~~~~^^^^^^^^^^
  File "C:\Users\varsz\AppData\Local\Programs\Python\Python313\Lib\site-packages\mysql\connector\abstracts.py", line 716, in connect
    self._open_connection()
    ~~~~~~~~~~~~~~~~~~~~~^^
  File "C:\Users\varsz\AppData\Local\Programs\Python\Python313\Lib\site-packages\mysql\connector\connection.py", line 206, in _open_connection
    self._socket.open_connection()
    ~~~~~~~~~~~~~~~~~~~~~~~~~~~~^^
  File "C:\Users\varsz\AppData\Local\Programs\Python\Python313\Lib\site-packages\mysql\connector\network.py", line 511, in open_connection
    raise errors.InterfaceError(
        errno=2003, values=(self.get_address(), _strioerror(err)))
mysql.connector.errors.InterfaceError: 2003: Can't connect to MySQL server on 'localhost:3306' (10061 No connection could be made because the target machine actively refused it)
2026-07-14 12:26:07,802 - ERROR - /recent error: 2003: Can't connect to MySQL server on 'localhost:3306' (10061 No connection could be made because the target machine actively refused it)
Traceback (most recent call last):
  File "C:\Users\varsz\AppData\Local\Programs\Python\Python313\Lib\site-packages\mysql\connector\network.py", line 509, in open_connection
    self.sock.connect(sockaddr)
    ~~~~~~~~~~~~~~~~~^^^^^^^^^^
ConnectionRefusedError: [WinError 10061] No connection could be made because the target machine actively refused it

During handling of the above exception, another exception occurred:

Traceback (most recent call last):
  File "C:\laragon\www\Drone-Dashboard-Website\serverWithForwardV2.py", line 245, in recent_route
    conn = connect_database()
  File "C:\laragon\www\Drone-Dashboard-Website\serverWithForwardV2.py", line 101, in connect_database
    return mysql.connector.connect(
           ~~~~~~~~~~~~~~~~~~~~~~~^
        host=DB_CONFIG["host"],
        ^^^^^^^^^^^^^^^^^^^^^^^
    ...<2 lines>...
        database=DB_CONFIG["database"],
        ^^^^^^^^^^^^^^^^^^^^^^^^^^^^^^^
    )
    ^
  File "C:\Users\varsz\AppData\Local\Programs\Python\Python313\Lib\site-packages\mysql\connector\__init__.py", line 179, in connect
    return MySQLConnection(*args, **kwargs)
  File "C:\Users\varsz\AppData\Local\Programs\Python\Python313\Lib\site-packages\mysql\connector\connection.py", line 95, in __init__
    self.connect(**kwargs)
    ~~~~~~~~~~~~^^^^^^^^^^
  File "C:\Users\varsz\AppData\Local\Programs\Python\Python313\Lib\site-packages\mysql\connector\abstracts.py", line 716, in connect
    self._open_connection()
    ~~~~~~~~~~~~~~~~~~~~~^^
  File "C:\Users\varsz\AppData\Local\Programs\Python\Python313\Lib\site-packages\mysql\connector\connection.py", line 206, in _open_connection
    self._socket.open_connection()
    ~~~~~~~~~~~~~~~~~~~~~~~~~~~~^^
  File "C:\Users\varsz\AppData\Local\Programs\Python\Python313\Lib\site-packages\mysql\connector\network.py", line 511, in open_connection
    raise errors.InterfaceError(
        errno=2003, values=(self.get_address(), _strioerror(err)))
mysql.connector.errors.InterfaceError: 2003: Can't connect to MySQL server on 'localhost:3306' (10061 No connection could be made because the target machine actively refused it)
2026-07-14 12:26:10,804 - ERROR - /recent error: 2003: Can't connect to MySQL server on 'localhost:3306' (10061 No connection could be made because the target machine actively refused it)
Traceback (most recent call last):
  File "C:\Users\varsz\AppData\Local\Programs\Python\Python313\Lib\site-packages\mysql\connector\network.py", line 509, in open_connection
    self.sock.connect(sockaddr)
    ~~~~~~~~~~~~~~~~~^^^^^^^^^^
ConnectionRefusedError: [WinError 10061] No connection could be made because the target machine actively refused it

During handling of the above exception, another exception occurred:

Traceback (most recent call last):
  File "C:\laragon\www\Drone-Dashboard-Website\serverWithForwardV2.py", line 245, in recent_route
    conn = connect_database()
  File "C:\laragon\www\Drone-Dashboard-Website\serverWithForwardV2.py", line 101, in connect_database
    return mysql.connector.connect(
           ~~~~~~~~~~~~~~~~~~~~~~~^
        host=DB_CONFIG["host"],
        ^^^^^^^^^^^^^^^^^^^^^^^
    ...<2 lines>...
        database=DB_CONFIG["database"],
        ^^^^^^^^^^^^^^^^^^^^^^^^^^^^^^^
    )
    ^
  File "C:\Users\varsz\AppData\Local\Programs\Python\Python313\Lib\site-packages\mysql\connector\__init__.py", line 179, in connect
    return MySQLConnection(*args, **kwargs)
  File "C:\Users\varsz\AppData\Local\Programs\Python\Python313\Lib\site-packages\mysql\connector\connection.py", line 95, in __init__
    self.connect(**kwargs)
    ~~~~~~~~~~~~^^^^^^^^^^
  File "C:\Users\varsz\AppData\Local\Programs\Python\Python313\Lib\site-packages\mysql\connector\abstracts.py", line 716, in connect
    self._open_connection()
    ~~~~~~~~~~~~~~~~~~~~~^^
  File "C:\Users\varsz\AppData\Local\Programs\Python\Python313\Lib\site-packages\mysql\connector\connection.py", line 206, in _open_connection
    self._socket.open_connection()
    ~~~~~~~~~~~~~~~~~~~~~~~~~~~~^^
  File "C:\Users\varsz\AppData\Local\Programs\Python\Python313\Lib\site-packages\mysql\connector\network.py", line 511, in open_connection
    raise errors.InterfaceError(
        errno=2003, values=(self.get_address(), _strioerror(err)))
mysql.connector.errors.InterfaceError: 2003: Can't connect to MySQL server on 'localhost:3306' (10061 No connection could be made because the target machine actively refused it)
2026-07-14 12:26:13,807 - ERROR - /recent error: 2003: Can't connect to MySQL server on 'localhost:3306' (10061 No connection could be made because the target machine actively refused it)
Traceback (most recent call last):
  File "C:\Users\varsz\AppData\Local\Programs\Python\Python313\Lib\site-packages\mysql\connector\network.py", line 509, in open_connection
    self.sock.connect(sockaddr)
    ~~~~~~~~~~~~~~~~~^^^^^^^^^^
ConnectionRefusedError: [WinError 10061] No connection could be made because the target machine actively refused it

During handling of the above exception, another exception occurred:

Traceback (most recent call last):
  File "C:\laragon\www\Drone-Dashboard-Website\serverWithForwardV2.py", line 245, in recent_route
    conn = connect_database()
  File "C:\laragon\www\Drone-Dashboard-Website\serverWithForwardV2.py", line 101, in connect_database
    return mysql.connector.connect(
           ~~~~~~~~~~~~~~~~~~~~~~~^
        host=DB_CONFIG["host"],
        ^^^^^^^^^^^^^^^^^^^^^^^
    ...<2 lines>...
        database=DB_CONFIG["database"],
        ^^^^^^^^^^^^^^^^^^^^^^^^^^^^^^^
    )
    ^
  File "C:\Users\varsz\AppData\Local\Programs\Python\Python313\Lib\site-packages\mysql\connector\__init__.py", line 179, in connect
    return MySQLConnection(*args, **kwargs)
  File "C:\Users\varsz\AppData\Local\Programs\Python\Python313\Lib\site-packages\mysql\connector\connection.py", line 95, in __init__
    self.connect(**kwargs)
    ~~~~~~~~~~~~^^^^^^^^^^
  File "C:\Users\varsz\AppData\Local\Programs\Python\Python313\Lib\site-packages\mysql\connector\abstracts.py", line 716, in connect
    self._open_connection()
    ~~~~~~~~~~~~~~~~~~~~~^^
  File "C:\Users\varsz\AppData\Local\Programs\Python\Python313\Lib\site-packages\mysql\connector\connection.py", line 206, in _open_connection
    self._socket.open_connection()
    ~~~~~~~~~~~~~~~~~~~~~~~~~~~~^^
  File "C:\Users\varsz\AppData\Local\Programs\Python\Python313\Lib\site-packages\mysql\connector\network.py", line 511, in open_connection
    raise errors.InterfaceError(
        errno=2003, values=(self.get_address(), _strioerror(err)))
mysql.connector.errors.InterfaceError: 2003: Can't connect to MySQL server on 'localhost:3306' (10061 No connection could be made because the target machine actively refused it)
2026-07-14 12:26:16,777 - ERROR - /recent error: 2003: Can't connect to MySQL server on 'localhost:3306' (10061 No connection could be made because the target machine actively refused it)
Traceback (most recent call last):
  File "C:\Users\varsz\AppData\Local\Programs\Python\Python313\Lib\site-packages\mysql\connector\network.py", line 509, in open_connection
    self.sock.connect(sockaddr)
    ~~~~~~~~~~~~~~~~~^^^^^^^^^^
ConnectionRefusedError: [WinError 10061] No connection could be made because the target machine actively refused it

During handling of the above exception, another exception occurred:

Traceback (most recent call last):
  File "C:\laragon\www\Drone-Dashboard-Website\serverWithForwardV2.py", line 245, in recent_route
    conn = connect_database()
  File "C:\laragon\www\Drone-Dashboard-Website\serverWithForwardV2.py", line 101, in connect_database
    return mysql.connector.connect(
           ~~~~~~~~~~~~~~~~~~~~~~~^
        host=DB_CONFIG["host"],
        ^^^^^^^^^^^^^^^^^^^^^^^
    ...<2 lines>...
        database=DB_CONFIG["database"],
        ^^^^^^^^^^^^^^^^^^^^^^^^^^^^^^^
    )
    ^
  File "C:\Users\varsz\AppData\Local\Programs\Python\Python313\Lib\site-packages\mysql\connector\__init__.py", line 179, in connect
    return MySQLConnection(*args, **kwargs)
  File "C:\Users\varsz\AppData\Local\Programs\Python\Python313\Lib\site-packages\mysql\connector\connection.py", line 95, in __init__
    self.connect(**kwargs)
    ~~~~~~~~~~~~^^^^^^^^^^
  File "C:\Users\varsz\AppData\Local\Programs\Python\Python313\Lib\site-packages\mysql\connector\abstracts.py", line 716, in connect
    self._open_connection()
    ~~~~~~~~~~~~~~~~~~~~~^^
  File "C:\Users\varsz\AppData\Local\Programs\Python\Python313\Lib\site-packages\mysql\connector\connection.py", line 206, in _open_connection
    self._socket.open_connection()
    ~~~~~~~~~~~~~~~~~~~~~~~~~~~~^^
  File "C:\Users\varsz\AppData\Local\Programs\Python\Python313\Lib\site-packages\mysql\connector\network.py", line 511, in open_connection
    raise errors.InterfaceError(
        errno=2003, values=(self.get_address(), _strioerror(err)))
mysql.connector.errors.InterfaceError: 2003: Can't connect to MySQL server on 'localhost:3306' (10061 No connection could be made because the target machine actively refused it)
2026-07-14 12:26:19,810 - ERROR - /recent error: 2003: Can't connect to MySQL server on 'localhost:3306' (10061 No connection could be made because the target machine actively refused it)
Traceback (most recent call last):
  File "C:\Users\varsz\AppData\Local\Programs\Python\Python313\Lib\site-packages\mysql\connector\network.py", line 509, in open_connection
    self.sock.connect(sockaddr)
    ~~~~~~~~~~~~~~~~~^^^^^^^^^^
ConnectionRefusedError: [WinError 10061] No connection could be made because the target machine actively refused it

During handling of the above exception, another exception occurred:

Traceback (most recent call last):
  File "C:\laragon\www\Drone-Dashboard-Website\serverWithForwardV2.py", line 245, in recent_route
    conn = connect_database()
  File "C:\laragon\www\Drone-Dashboard-Website\serverWithForwardV2.py", line 101, in connect_database
    return mysql.connector.connect(
           ~~~~~~~~~~~~~~~~~~~~~~~^
        host=DB_CONFIG["host"],
        ^^^^^^^^^^^^^^^^^^^^^^^
    ...<2 lines>...
        database=DB_CONFIG["database"],
        ^^^^^^^^^^^^^^^^^^^^^^^^^^^^^^^
    )
    ^
  File "C:\Users\varsz\AppData\Local\Programs\Python\Python313\Lib\site-packages\mysql\connector\__init__.py", line 179, in connect
    return MySQLConnection(*args, **kwargs)
  File "C:\Users\varsz\AppData\Local\Programs\Python\Python313\Lib\site-packages\mysql\connector\connection.py", line 95, in __init__
    self.connect(**kwargs)
    ~~~~~~~~~~~~^^^^^^^^^^
  File "C:\Users\varsz\AppData\Local\Programs\Python\Python313\Lib\site-packages\mysql\connector\abstracts.py", line 716, in connect
    self._open_connection()
    ~~~~~~~~~~~~~~~~~~~~~^^
  File "C:\Users\varsz\AppData\Local\Programs\Python\Python313\Lib\site-packages\mysql\connector\connection.py", line 206, in _open_connection
    self._socket.open_connection()
    ~~~~~~~~~~~~~~~~~~~~~~~~~~~~^^
  File "C:\Users\varsz\AppData\Local\Programs\Python\Python313\Lib\site-packages\mysql\connector\network.py", line 511, in open_connection
    raise errors.InterfaceError(
        errno=2003, values=(self.get_address(), _strioerror(err)))
mysql.connector.errors.InterfaceError: 2003: Can't connect to MySQL server on 'localhost:3306' (10061 No connection could be made because the target machine actively refused it)
2026-07-14 12:26:22,804 - ERROR - /recent error: 2003: Can't connect to MySQL server on 'localhost:3306' (10061 No connection could be made because the target machine actively refused it)
Traceback (most recent call last):
  File "C:\Users\varsz\AppData\Local\Programs\Python\Python313\Lib\site-packages\mysql\connector\network.py", line 509, in open_connection
    self.sock.connect(sockaddr)
    ~~~~~~~~~~~~~~~~~^^^^^^^^^^
ConnectionRefusedError: [WinError 10061] No connection could be made because the target machine actively refused it

During handling of the above exception, another exception occurred:

Traceback (most recent call last):
  File "C:\laragon\www\Drone-Dashboard-Website\serverWithForwardV2.py", line 245, in recent_route
    conn = connect_database()
  File "C:\laragon\www\Drone-Dashboard-Website\serverWithForwardV2.py", line 101, in connect_database
    return mysql.connector.connect(
           ~~~~~~~~~~~~~~~~~~~~~~~^
        host=DB_CONFIG["host"],
        ^^^^^^^^^^^^^^^^^^^^^^^
    ...<2 lines>...
        database=DB_CONFIG["database"],
        ^^^^^^^^^^^^^^^^^^^^^^^^^^^^^^^
    )
    ^
  File "C:\Users\varsz\AppData\Local\Programs\Python\Python313\Lib\site-packages\mysql\connector\__init__.py", line 179, in connect
    return MySQLConnection(*args, **kwargs)
  File "C:\Users\varsz\AppData\Local\Programs\Python\Python313\Lib\site-packages\mysql\connector\connection.py", line 95, in __init__
    self.connect(**kwargs)
    ~~~~~~~~~~~~^^^^^^^^^^
  File "C:\Users\varsz\AppData\Local\Programs\Python\Python313\Lib\site-packages\mysql\connector\abstracts.py", line 716, in connect
    self._open_connection()
    ~~~~~~~~~~~~~~~~~~~~~^^
  File "C:\Users\varsz\AppData\Local\Programs\Python\Python313\Lib\site-packages\mysql\connector\connection.py", line 206, in _open_connection
    self._socket.open_connection()
    ~~~~~~~~~~~~~~~~~~~~~~~~~~~~^^
  File "C:\Users\varsz\AppData\Local\Programs\Python\Python313\Lib\site-packages\mysql\connector\network.py", line 511, in open_connection
    raise errors.InterfaceError(
        errno=2003, values=(self.get_address(), _strioerror(err)))
mysql.connector.errors.InterfaceError: 2003: Can't connect to MySQL server on 'localhost:3306' (10061 No connection could be made because the target machine actively refused it)
2026-07-14 12:26:25,818 - ERROR - /recent error: 2003: Can't connect to MySQL server on 'localhost:3306' (10061 No connection could be made because the target machine actively refused it)
Traceback (most recent call last):
  File "C:\Users\varsz\AppData\Local\Programs\Python\Python313\Lib\site-packages\mysql\connector\network.py", line 509, in open_connection
    self.sock.connect(sockaddr)
    ~~~~~~~~~~~~~~~~~^^^^^^^^^^
ConnectionRefusedError: [WinError 10061] No connection could be made because the target machine actively refused it

During handling of the above exception, another exception occurred:

Traceback (most recent call last):
  File "C:\laragon\www\Drone-Dashboard-Website\serverWithForwardV2.py", line 245, in recent_route
    conn = connect_database()
  File "C:\laragon\www\Drone-Dashboard-Website\serverWithForwardV2.py", line 101, in connect_database
    return mysql.connector.connect(
           ~~~~~~~~~~~~~~~~~~~~~~~^
        host=DB_CONFIG["host"],
        ^^^^^^^^^^^^^^^^^^^^^^^
    ...<2 lines>...
        database=DB_CONFIG["database"],
        ^^^^^^^^^^^^^^^^^^^^^^^^^^^^^^^
    )
    ^
  File "C:\Users\varsz\AppData\Local\Programs\Python\Python313\Lib\site-packages\mysql\connector\__init__.py", line 179, in connect
    return MySQLConnection(*args, **kwargs)
  File "C:\Users\varsz\AppData\Local\Programs\Python\Python313\Lib\site-packages\mysql\connector\connection.py", line 95, in __init__
    self.connect(**kwargs)
    ~~~~~~~~~~~~^^^^^^^^^^
  File "C:\Users\varsz\AppData\Local\Programs\Python\Python313\Lib\site-packages\mysql\connector\abstracts.py", line 716, in connect
    self._open_connection()
    ~~~~~~~~~~~~~~~~~~~~~^^
  File "C:\Users\varsz\AppData\Local\Programs\Python\Python313\Lib\site-packages\mysql\connector\connection.py", line 206, in _open_connection
    self._socket.open_connection()
    ~~~~~~~~~~~~~~~~~~~~~~~~~~~~^^
  File "C:\Users\varsz\AppData\Local\Programs\Python\Python313\Lib\site-packages\mysql\connector\network.py", line 511, in open_connection
    raise errors.InterfaceError(
        errno=2003, values=(self.get_address(), _strioerror(err)))
mysql.connector.errors.InterfaceError: 2003: Can't connect to MySQL server on 'localhost:3306' (10061 No connection could be made because the target machine actively refused it)
2026-07-14 12:26:28,818 - ERROR - /recent error: 2003: Can't connect to MySQL server on 'localhost:3306' (10061 No connection could be made because the target machine actively refused it)
Traceback (most recent call last):
  File "C:\Users\varsz\AppData\Local\Programs\Python\Python313\Lib\site-packages\mysql\connector\network.py", line 509, in open_connection
    self.sock.connect(sockaddr)
    ~~~~~~~~~~~~~~~~~^^^^^^^^^^
ConnectionRefusedError: [WinError 10061] No connection could be made because the target machine actively refused it

During handling of the above exception, another exception occurred:

Traceback (most recent call last):
  File "C:\laragon\www\Drone-Dashboard-Website\serverWithForwardV2.py", line 245, in recent_route
    conn = connect_database()
  File "C:\laragon\www\Drone-Dashboard-Website\serverWithForwardV2.py", line 101, in connect_database
    return mysql.connector.connect(
           ~~~~~~~~~~~~~~~~~~~~~~~^
        host=DB_CONFIG["host"],
        ^^^^^^^^^^^^^^^^^^^^^^^
    ...<2 lines>...
        database=DB_CONFIG["database"],
        ^^^^^^^^^^^^^^^^^^^^^^^^^^^^^^^
    )
    ^
  File "C:\Users\varsz\AppData\Local\Programs\Python\Python313\Lib\site-packages\mysql\connector\__init__.py", line 179, in connect
    return MySQLConnection(*args, **kwargs)
  File "C:\Users\varsz\AppData\Local\Programs\Python\Python313\Lib\site-packages\mysql\connector\connection.py", line 95, in __init__
    self.connect(**kwargs)
    ~~~~~~~~~~~~^^^^^^^^^^
  File "C:\Users\varsz\AppData\Local\Programs\Python\Python313\Lib\site-packages\mysql\connector\abstracts.py", line 716, in connect
    self._open_connection()
    ~~~~~~~~~~~~~~~~~~~~~^^
  File "C:\Users\varsz\AppData\Local\Programs\Python\Python313\Lib\site-packages\mysql\connector\connection.py", line 206, in _open_connection
    self._socket.open_connection()
    ~~~~~~~~~~~~~~~~~~~~~~~~~~~~^^
  File "C:\Users\varsz\AppData\Local\Programs\Python\Python313\Lib\site-packages\mysql\connector\network.py", line 511, in open_connection
    raise errors.InterfaceError(
        errno=2003, values=(self.get_address(), _strioerror(err)))
mysql.connector.errors.InterfaceError: 2003: Can't connect to MySQL server on 'localhost:3306' (10061 No connection could be made because the target machine actively refused it)
2026-07-14 12:26:31,823 - ERROR - /recent error: 2003: Can't connect to MySQL server on 'localhost:3306' (10061 No connection could be made because the target machine actively refused it)
Traceback (most recent call last):
  File "C:\Users\varsz\AppData\Local\Programs\Python\Python313\Lib\site-packages\mysql\connector\network.py", line 509, in open_connection
    self.sock.connect(sockaddr)
    ~~~~~~~~~~~~~~~~~^^^^^^^^^^
ConnectionRefusedError: [WinError 10061] No connection could be made because the target machine actively refused it

During handling of the above exception, another exception occurred:

Traceback (most recent call last):
  File "C:\laragon\www\Drone-Dashboard-Website\serverWithForwardV2.py", line 245, in recent_route
    conn = connect_database()
  File "C:\laragon\www\Drone-Dashboard-Website\serverWithForwardV2.py", line 101, in connect_database
    return mysql.connector.connect(
           ~~~~~~~~~~~~~~~~~~~~~~~^
        host=DB_CONFIG["host"],
        ^^^^^^^^^^^^^^^^^^^^^^^
    ...<2 lines>...
        database=DB_CONFIG["database"],
        ^^^^^^^^^^^^^^^^^^^^^^^^^^^^^^^
    )
    ^
  File "C:\Users\varsz\AppData\Local\Programs\Python\Python313\Lib\site-packages\mysql\connector\__init__.py", line 179, in connect
    return MySQLConnection(*args, **kwargs)
  File "C:\Users\varsz\AppData\Local\Programs\Python\Python313\Lib\site-packages\mysql\connector\connection.py", line 95, in __init__
    self.connect(**kwargs)
    ~~~~~~~~~~~~^^^^^^^^^^
  File "C:\Users\varsz\AppData\Local\Programs\Python\Python313\Lib\site-packages\mysql\connector\abstracts.py", line 716, in connect
    self._open_connection()
    ~~~~~~~~~~~~~~~~~~~~~^^
  File "C:\Users\varsz\AppData\Local\Programs\Python\Python313\Lib\site-packages\mysql\connector\connection.py", line 206, in _open_connection
    self._socket.open_connection()
    ~~~~~~~~~~~~~~~~~~~~~~~~~~~~^^
  File "C:\Users\varsz\AppData\Local\Programs\Python\Python313\Lib\site-packages\mysql\connector\network.py", line 511, in open_connection
    raise errors.InterfaceError(
        errno=2003, values=(self.get_address(), _strioerror(err)))
mysql.connector.errors.InterfaceError: 2003: Can't connect to MySQL server on 'localhost:3306' (10061 No connection could be made because the target machine actively refused it)
2026-07-14 12:26:34,793 - ERROR - /recent error: 2003: Can't connect to MySQL server on 'localhost:3306' (10061 No connection could be made because the target machine actively refused it)
Traceback (most recent call last):
  File "C:\Users\varsz\AppData\Local\Programs\Python\Python313\Lib\site-packages\mysql\connector\network.py", line 509, in open_connection
    self.sock.connect(sockaddr)
    ~~~~~~~~~~~~~~~~~^^^^^^^^^^
ConnectionRefusedError: [WinError 10061] No connection could be made because the target machine actively refused it

During handling of the above exception, another exception occurred:

Traceback (most recent call last):
  File "C:\laragon\www\Drone-Dashboard-Website\serverWithForwardV2.py", line 245, in recent_route
    conn = connect_database()
  File "C:\laragon\www\Drone-Dashboard-Website\serverWithForwardV2.py", line 101, in connect_database
    return mysql.connector.connect(
           ~~~~~~~~~~~~~~~~~~~~~~~^
        host=DB_CONFIG["host"],
        ^^^^^^^^^^^^^^^^^^^^^^^
    ...<2 lines>...
        database=DB_CONFIG["database"],
        ^^^^^^^^^^^^^^^^^^^^^^^^^^^^^^^
    )
    ^
  File "C:\Users\varsz\AppData\Local\Programs\Python\Python313\Lib\site-packages\mysql\connector\__init__.py", line 179, in connect
    return MySQLConnection(*args, **kwargs)
  File "C:\Users\varsz\AppData\Local\Programs\Python\Python313\Lib\site-packages\mysql\connector\connection.py", line 95, in __init__
    self.connect(**kwargs)
    ~~~~~~~~~~~~^^^^^^^^^^
  File "C:\Users\varsz\AppData\Local\Programs\Python\Python313\Lib\site-packages\mysql\connector\abstracts.py", line 716, in connect
    self._open_connection()
    ~~~~~~~~~~~~~~~~~~~~~^^
  File "C:\Users\varsz\AppData\Local\Programs\Python\Python313\Lib\site-packages\mysql\connector\connection.py", line 206, in _open_connection
    self._socket.open_connection()
    ~~~~~~~~~~~~~~~~~~~~~~~~~~~~^^
  File "C:\Users\varsz\AppData\Local\Programs\Python\Python313\Lib\site-packages\mysql\connector\network.py", line 511, in open_connection
    raise errors.InterfaceError(
        errno=2003, values=(self.get_address(), _strioerror(err)))
mysql.connector.errors.InterfaceError: 2003: Can't connect to MySQL server on 'localhost:3306' (10061 No connection could be made because the target machine actively refused it)
2026-07-14 12:26:37,823 - ERROR - /recent error: 2003: Can't connect to MySQL server on 'localhost:3306' (10061 No connection could be made because the target machine actively refused it)
Traceback (most recent call last):
  File "C:\Users\varsz\AppData\Local\Programs\Python\Python313\Lib\site-packages\mysql\connector\network.py", line 509, in open_connection
    self.sock.connect(sockaddr)
    ~~~~~~~~~~~~~~~~~^^^^^^^^^^
ConnectionRefusedError: [WinError 10061] No connection could be made because the target machine actively refused it

During handling of the above exception, another exception occurred:

Traceback (most recent call last):
  File "C:\laragon\www\Drone-Dashboard-Website\serverWithForwardV2.py", line 245, in recent_route
    conn = connect_database()
  File "C:\laragon\www\Drone-Dashboard-Website\serverWithForwardV2.py", line 101, in connect_database
    return mysql.connector.connect(
           ~~~~~~~~~~~~~~~~~~~~~~~^
        host=DB_CONFIG["host"],
        ^^^^^^^^^^^^^^^^^^^^^^^
    ...<2 lines>...
        database=DB_CONFIG["database"],
        ^^^^^^^^^^^^^^^^^^^^^^^^^^^^^^^
    )
    ^
  File "C:\Users\varsz\AppData\Local\Programs\Python\Python313\Lib\site-packages\mysql\connector\__init__.py", line 179, in connect
    return MySQLConnection(*args, **kwargs)
  File "C:\Users\varsz\AppData\Local\Programs\Python\Python313\Lib\site-packages\mysql\connector\connection.py", line 95, in __init__
    self.connect(**kwargs)
    ~~~~~~~~~~~~^^^^^^^^^^
  File "C:\Users\varsz\AppData\Local\Programs\Python\Python313\Lib\site-packages\mysql\connector\abstracts.py", line 716, in connect
    self._open_connection()
    ~~~~~~~~~~~~~~~~~~~~~^^
  File "C:\Users\varsz\AppData\Local\Programs\Python\Python313\Lib\site-packages\mysql\connector\connection.py", line 206, in _open_connection
    self._socket.open_connection()
    ~~~~~~~~~~~~~~~~~~~~~~~~~~~~^^
  File "C:\Users\varsz\AppData\Local\Programs\Python\Python313\Lib\site-packages\mysql\connector\network.py", line 511, in open_connection
    raise errors.InterfaceError(
        errno=2003, values=(self.get_address(), _strioerror(err)))
mysql.connector.errors.InterfaceError: 2003: Can't connect to MySQL server on 'localhost:3306' (10061 No connection could be made because the target machine actively refused it)
2026-07-14 12:26:40,827 - ERROR - /recent error: 2003: Can't connect to MySQL server on 'localhost:3306' (10061 No connection could be made because the target machine actively refused it)
Traceback (most recent call last):
  File "C:\Users\varsz\AppData\Local\Programs\Python\Python313\Lib\site-packages\mysql\connector\network.py", line 509, in open_connection
    self.sock.connect(sockaddr)
    ~~~~~~~~~~~~~~~~~^^^^^^^^^^
ConnectionRefusedError: [WinError 10061] No connection could be made because the target machine actively refused it

During handling of the above exception, another exception occurred:

Traceback (most recent call last):
  File "C:\laragon\www\Drone-Dashboard-Website\serverWithForwardV2.py", line 245, in recent_route
    conn = connect_database()
  File "C:\laragon\www\Drone-Dashboard-Website\serverWithForwardV2.py", line 101, in connect_database
    return mysql.connector.connect(
           ~~~~~~~~~~~~~~~~~~~~~~~^
        host=DB_CONFIG["host"],
        ^^^^^^^^^^^^^^^^^^^^^^^
    ...<2 lines>...
        database=DB_CONFIG["database"],
        ^^^^^^^^^^^^^^^^^^^^^^^^^^^^^^^
    )
    ^
  File "C:\Users\varsz\AppData\Local\Programs\Python\Python313\Lib\site-packages\mysql\connector\__init__.py", line 179, in connect
    return MySQLConnection(*args, **kwargs)
  File "C:\Users\varsz\AppData\Local\Programs\Python\Python313\Lib\site-packages\mysql\connector\connection.py", line 95, in __init__
    self.connect(**kwargs)
    ~~~~~~~~~~~~^^^^^^^^^^
  File "C:\Users\varsz\AppData\Local\Programs\Python\Python313\Lib\site-packages\mysql\connector\abstracts.py", line 716, in connect
    self._open_connection()
    ~~~~~~~~~~~~~~~~~~~~~^^
  File "C:\Users\varsz\AppData\Local\Programs\Python\Python313\Lib\site-packages\mysql\connector\connection.py", line 206, in _open_connection
    self._socket.open_connection()
    ~~~~~~~~~~~~~~~~~~~~~~~~~~~~^^
  File "C:\Users\varsz\AppData\Local\Programs\Python\Python313\Lib\site-packages\mysql\connector\network.py", line 511, in open_connection
    raise errors.InterfaceError(
        errno=2003, values=(self.get_address(), _strioerror(err)))
mysql.connector.errors.InterfaceError: 2003: Can't connect to MySQL server on 'localhost:3306' (10061 No connection could be made because the target machine actively refused it)
2026-07-14 12:26:43,820 - ERROR - /recent error: 2003: Can't connect to MySQL server on 'localhost:3306' (10061 No connection could be made because the target machine actively refused it)
Traceback (most recent call last):
  File "C:\Users\varsz\AppData\Local\Programs\Python\Python313\Lib\site-packages\mysql\connector\network.py", line 509, in open_connection
    self.sock.connect(sockaddr)
    ~~~~~~~~~~~~~~~~~^^^^^^^^^^
ConnectionRefusedError: [WinError 10061] No connection could be made because the target machine actively refused it

During handling of the above exception, another exception occurred:

Traceback (most recent call last):
  File "C:\laragon\www\Drone-Dashboard-Website\serverWithForwardV2.py", line 245, in recent_route
    conn = connect_database()
  File "C:\laragon\www\Drone-Dashboard-Website\serverWithForwardV2.py", line 101, in connect_database
    return mysql.connector.connect(
           ~~~~~~~~~~~~~~~~~~~~~~~^
        host=DB_CONFIG["host"],
        ^^^^^^^^^^^^^^^^^^^^^^^
    ...<2 lines>...
        database=DB_CONFIG["database"],
        ^^^^^^^^^^^^^^^^^^^^^^^^^^^^^^^
    )
    ^
  File "C:\Users\varsz\AppData\Local\Programs\Python\Python313\Lib\site-packages\mysql\connector\__init__.py", line 179, in connect
    return MySQLConnection(*args, **kwargs)
  File "C:\Users\varsz\AppData\Local\Programs\Python\Python313\Lib\site-packages\mysql\connector\connection.py", line 95, in __init__
    self.connect(**kwargs)
    ~~~~~~~~~~~~^^^^^^^^^^
  File "C:\Users\varsz\AppData\Local\Programs\Python\Python313\Lib\site-packages\mysql\connector\abstracts.py", line 716, in connect
    self._open_connection()
    ~~~~~~~~~~~~~~~~~~~~~^^
  File "C:\Users\varsz\AppData\Local\Programs\Python\Python313\Lib\site-packages\mysql\connector\connection.py", line 206, in _open_connection
    self._socket.open_connection()
    ~~~~~~~~~~~~~~~~~~~~~~~~~~~~^^
  File "C:\Users\varsz\AppData\Local\Programs\Python\Python313\Lib\site-packages\mysql\connector\network.py", line 511, in open_connection
    raise errors.InterfaceError(
        errno=2003, values=(self.get_address(), _strioerror(err)))
mysql.connector.errors.InterfaceError: 2003: Can't connect to MySQL server on 'localhost:3306' (10061 No connection could be made because the target machine actively refused it)
2026-07-14 12:26:46,809 - ERROR - /recent error: 2003: Can't connect to MySQL server on 'localhost:3306' (10061 No connection could be made because the target machine actively refused it)
Traceback (most recent call last):
  File "C:\Users\varsz\AppData\Local\Programs\Python\Python313\Lib\site-packages\mysql\connector\network.py", line 509, in open_connection
    self.sock.connect(sockaddr)
    ~~~~~~~~~~~~~~~~~^^^^^^^^^^
ConnectionRefusedError: [WinError 10061] No connection could be made because the target machine actively refused it

During handling of the above exception, another exception occurred:

Traceback (most recent call last):
  File "C:\laragon\www\Drone-Dashboard-Website\serverWithForwardV2.py", line 245, in recent_route
    conn = connect_database()
  File "C:\laragon\www\Drone-Dashboard-Website\serverWithForwardV2.py", line 101, in connect_database
    return mysql.connector.connect(
           ~~~~~~~~~~~~~~~~~~~~~~~^
        host=DB_CONFIG["host"],
        ^^^^^^^^^^^^^^^^^^^^^^^
    ...<2 lines>...
        database=DB_CONFIG["database"],
        ^^^^^^^^^^^^^^^^^^^^^^^^^^^^^^^
    )
    ^
  File "C:\Users\varsz\AppData\Local\Programs\Python\Python313\Lib\site-packages\mysql\connector\__init__.py", line 179, in connect
    return MySQLConnection(*args, **kwargs)
  File "C:\Users\varsz\AppData\Local\Programs\Python\Python313\Lib\site-packages\mysql\connector\connection.py", line 95, in __init__
    self.connect(**kwargs)
    ~~~~~~~~~~~~^^^^^^^^^^
  File "C:\Users\varsz\AppData\Local\Programs\Python\Python313\Lib\site-packages\mysql\connector\abstracts.py", line 716, in connect
    self._open_connection()
    ~~~~~~~~~~~~~~~~~~~~~^^
  File "C:\Users\varsz\AppData\Local\Programs\Python\Python313\Lib\site-packages\mysql\connector\connection.py", line 206, in _open_connection
    self._socket.open_connection()
    ~~~~~~~~~~~~~~~~~~~~~~~~~~~~^^
  File "C:\Users\varsz\AppData\Local\Programs\Python\Python313\Lib\site-packages\mysql\connector\network.py", line 511, in open_connection
    raise errors.InterfaceError(
        errno=2003, values=(self.get_address(), _strioerror(err)))
mysql.connector.errors.InterfaceError: 2003: Can't connect to MySQL server on 'localhost:3306' (10061 No connection could be made because the target machine actively refused it)
2026-07-14 12:26:49,809 - ERROR - /recent error: 2003: Can't connect to MySQL server on 'localhost:3306' (10061 No connection could be made because the target machine actively refused it)
Traceback (most recent call last):
  File "C:\Users\varsz\AppData\Local\Programs\Python\Python313\Lib\site-packages\mysql\connector\network.py", line 509, in open_connection
    self.sock.connect(sockaddr)
    ~~~~~~~~~~~~~~~~~^^^^^^^^^^
ConnectionRefusedError: [WinError 10061] No connection could be made because the target machine actively refused it

During handling of the above exception, another exception occurred:

Traceback (most recent call last):
  File "C:\laragon\www\Drone-Dashboard-Website\serverWithForwardV2.py", line 245, in recent_route
    conn = connect_database()
  File "C:\laragon\www\Drone-Dashboard-Website\serverWithForwardV2.py", line 101, in connect_database
    return mysql.connector.connect(
           ~~~~~~~~~~~~~~~~~~~~~~~^
        host=DB_CONFIG["host"],
        ^^^^^^^^^^^^^^^^^^^^^^^
    ...<2 lines>...
        database=DB_CONFIG["database"],
        ^^^^^^^^^^^^^^^^^^^^^^^^^^^^^^^
    )
    ^
  File "C:\Users\varsz\AppData\Local\Programs\Python\Python313\Lib\site-packages\mysql\connector\__init__.py", line 179, in connect
    return MySQLConnection(*args, **kwargs)
  File "C:\Users\varsz\AppData\Local\Programs\Python\Python313\Lib\site-packages\mysql\connector\connection.py", line 95, in __init__
    self.connect(**kwargs)
    ~~~~~~~~~~~~^^^^^^^^^^
  File "C:\Users\varsz\AppData\Local\Programs\Python\Python313\Lib\site-packages\mysql\connector\abstracts.py", line 716, in connect
    self._open_connection()
    ~~~~~~~~~~~~~~~~~~~~~^^
  File "C:\Users\varsz\AppData\Local\Programs\Python\Python313\Lib\site-packages\mysql\connector\connection.py", line 206, in _open_connection
    self._socket.open_connection()
    ~~~~~~~~~~~~~~~~~~~~~~~~~~~~^^
  File "C:\Users\varsz\AppData\Local\Programs\Python\Python313\Lib\site-packages\mysql\connector\network.py", line 511, in open_connection
    raise errors.InterfaceError(
        errno=2003, values=(self.get_address(), _strioerror(err)))
mysql.connector.errors.InterfaceError: 2003: Can't connect to MySQL server on 'localhost:3306' (10061 No connection could be made because the target machine actively refused it)
2026-07-14 12:26:52,804 - ERROR - /recent error: 2003: Can't connect to MySQL server on 'localhost:3306' (10061 No connection could be made because the target machine actively refused it)
Traceback (most recent call last):
  File "C:\Users\varsz\AppData\Local\Programs\Python\Python313\Lib\site-packages\mysql\connector\network.py", line 509, in open_connection
    self.sock.connect(sockaddr)
    ~~~~~~~~~~~~~~~~~^^^^^^^^^^
ConnectionRefusedError: [WinError 10061] No connection could be made because the target machine actively refused it

During handling of the above exception, another exception occurred:

Traceback (most recent call last):
  File "C:\laragon\www\Drone-Dashboard-Website\serverWithForwardV2.py", line 245, in recent_route
    conn = connect_database()
  File "C:\laragon\www\Drone-Dashboard-Website\serverWithForwardV2.py", line 101, in connect_database
    return mysql.connector.connect(
           ~~~~~~~~~~~~~~~~~~~~~~~^
        host=DB_CONFIG["host"],
        ^^^^^^^^^^^^^^^^^^^^^^^
    ...<2 lines>...
        database=DB_CONFIG["database"],
        ^^^^^^^^^^^^^^^^^^^^^^^^^^^^^^^
    )
    ^
  File "C:\Users\varsz\AppData\Local\Programs\Python\Python313\Lib\site-packages\mysql\connector\__init__.py", line 179, in connect
    return MySQLConnection(*args, **kwargs)
  File "C:\Users\varsz\AppData\Local\Programs\Python\Python313\Lib\site-packages\mysql\connector\connection.py", line 95, in __init__
    self.connect(**kwargs)
    ~~~~~~~~~~~~^^^^^^^^^^
  File "C:\Users\varsz\AppData\Local\Programs\Python\Python313\Lib\site-packages\mysql\connector\abstracts.py", line 716, in connect
    self._open_connection()
    ~~~~~~~~~~~~~~~~~~~~~^^
  File "C:\Users\varsz\AppData\Local\Programs\Python\Python313\Lib\site-packages\mysql\connector\connection.py", line 206, in _open_connection
    self._socket.open_connection()
    ~~~~~~~~~~~~~~~~~~~~~~~~~~~~^^
  File "C:\Users\varsz\AppData\Local\Programs\Python\Python313\Lib\site-packages\mysql\connector\network.py", line 511, in open_connection
    raise errors.InterfaceError(
        errno=2003, values=(self.get_address(), _strioerror(err)))
mysql.connector.errors.InterfaceError: 2003: Can't connect to MySQL server on 'localhost:3306' (10061 No connection could be made because the target machine actively refused it)
2026-07-14 12:26:55,845 - ERROR - /recent error: 2003: Can't connect to MySQL server on 'localhost:3306' (10061 No connection could be made because the target machine actively refused it)
Traceback (most recent call last):
  File "C:\Users\varsz\AppData\Local\Programs\Python\Python313\Lib\site-packages\mysql\connector\network.py", line 509, in open_connection
    self.sock.connect(sockaddr)
    ~~~~~~~~~~~~~~~~~^^^^^^^^^^
ConnectionRefusedError: [WinError 10061] No connection could be made because the target machine actively refused it

During handling of the above exception, another exception occurred:

Traceback (most recent call last):
  File "C:\laragon\www\Drone-Dashboard-Website\serverWithForwardV2.py", line 245, in recent_route
    conn = connect_database()
  File "C:\laragon\www\Drone-Dashboard-Website\serverWithForwardV2.py", line 101, in connect_database
    return mysql.connector.connect(
           ~~~~~~~~~~~~~~~~~~~~~~~^
        host=DB_CONFIG["host"],
        ^^^^^^^^^^^^^^^^^^^^^^^
    ...<2 lines>...
        database=DB_CONFIG["database"],
        ^^^^^^^^^^^^^^^^^^^^^^^^^^^^^^^
    )
    ^
  File "C:\Users\varsz\AppData\Local\Programs\Python\Python313\Lib\site-packages\mysql\connector\__init__.py", line 179, in connect
    return MySQLConnection(*args, **kwargs)
  File "C:\Users\varsz\AppData\Local\Programs\Python\Python313\Lib\site-packages\mysql\connector\connection.py", line 95, in __init__
    self.connect(**kwargs)
    ~~~~~~~~~~~~^^^^^^^^^^
  File "C:\Users\varsz\AppData\Local\Programs\Python\Python313\Lib\site-packages\mysql\connector\abstracts.py", line 716, in connect
    self._open_connection()
    ~~~~~~~~~~~~~~~~~~~~~^^
  File "C:\Users\varsz\AppData\Local\Programs\Python\Python313\Lib\site-packages\mysql\connector\connection.py", line 206, in _open_connection
    self._socket.open_connection()
    ~~~~~~~~~~~~~~~~~~~~~~~~~~~~^^
  File "C:\Users\varsz\AppData\Local\Programs\Python\Python313\Lib\site-packages\mysql\connector\network.py", line 511, in open_connection
    raise errors.InterfaceError(
        errno=2003, values=(self.get_address(), _strioerror(err)))
mysql.connector.errors.InterfaceError: 2003: Can't connect to MySQL server on 'localhost:3306' (10061 No connection could be made because the target machine actively refused it)
2026-07-14 12:26:58,838 - ERROR - /recent error: 2003: Can't connect to MySQL server on 'localhost:3306' (10061 No connection could be made because the target machine actively refused it)
Traceback (most recent call last):
  File "C:\Users\varsz\AppData\Local\Programs\Python\Python313\Lib\site-packages\mysql\connector\network.py", line 509, in open_connection
    self.sock.connect(sockaddr)
    ~~~~~~~~~~~~~~~~~^^^^^^^^^^
ConnectionRefusedError: [WinError 10061] No connection could be made because the target machine actively refused it

During handling of the above exception, another exception occurred:

Traceback (most recent call last):
  File "C:\laragon\www\Drone-Dashboard-Website\serverWithForwardV2.py", line 245, in recent_route
    conn = connect_database()
  File "C:\laragon\www\Drone-Dashboard-Website\serverWithForwardV2.py", line 101, in connect_database
    return mysql.connector.connect(
           ~~~~~~~~~~~~~~~~~~~~~~~^
        host=DB_CONFIG["host"],
        ^^^^^^^^^^^^^^^^^^^^^^^
    ...<2 lines>...
        database=DB_CONFIG["database"],
        ^^^^^^^^^^^^^^^^^^^^^^^^^^^^^^^
    )
    ^
  File "C:\Users\varsz\AppData\Local\Programs\Python\Python313\Lib\site-packages\mysql\connector\__init__.py", line 179, in connect
    return MySQLConnection(*args, **kwargs)
  File "C:\Users\varsz\AppData\Local\Programs\Python\Python313\Lib\site-packages\mysql\connector\connection.py", line 95, in __init__
    self.connect(**kwargs)
    ~~~~~~~~~~~~^^^^^^^^^^
  File "C:\Users\varsz\AppData\Local\Programs\Python\Python313\Lib\site-packages\mysql\connector\abstracts.py", line 716, in connect
    self._open_connection()
    ~~~~~~~~~~~~~~~~~~~~~^^
  File "C:\Users\varsz\AppData\Local\Programs\Python\Python313\Lib\site-packages\mysql\connector\connection.py", line 206, in _open_connection
    self._socket.open_connection()
    ~~~~~~~~~~~~~~~~~~~~~~~~~~~~^^
  File "C:\Users\varsz\AppData\Local\Programs\Python\Python313\Lib\site-packages\mysql\connector\network.py", line 511, in open_connection
    raise errors.InterfaceError(
        errno=2003, values=(self.get_address(), _strioerror(err)))
mysql.connector.errors.InterfaceError: 2003: Can't connect to MySQL server on 'localhost:3306' (10061 No connection could be made because the target machine actively refused it)
2026-07-14 12:27:01,839 - ERROR - /recent error: 2003: Can't connect to MySQL server on 'localhost:3306' (10061 No connection could be made because the target machine actively refused it)
Traceback (most recent call last):
  File "C:\Users\varsz\AppData\Local\Programs\Python\Python313\Lib\site-packages\mysql\connector\network.py", line 509, in open_connection
    self.sock.connect(sockaddr)
    ~~~~~~~~~~~~~~~~~^^^^^^^^^^
ConnectionRefusedError: [WinError 10061] No connection could be made because the target machine actively refused it

During handling of the above exception, another exception occurred:

Traceback (most recent call last):
  File "C:\laragon\www\Drone-Dashboard-Website\serverWithForwardV2.py", line 245, in recent_route
    conn = connect_database()
  File "C:\laragon\www\Drone-Dashboard-Website\serverWithForwardV2.py", line 101, in connect_database
    return mysql.connector.connect(
           ~~~~~~~~~~~~~~~~~~~~~~~^
        host=DB_CONFIG["host"],
        ^^^^^^^^^^^^^^^^^^^^^^^
    ...<2 lines>...
        database=DB_CONFIG["database"],
        ^^^^^^^^^^^^^^^^^^^^^^^^^^^^^^^
    )
    ^
  File "C:\Users\varsz\AppData\Local\Programs\Python\Python313\Lib\site-packages\mysql\connector\__init__.py", line 179, in connect
    return MySQLConnection(*args, **kwargs)
  File "C:\Users\varsz\AppData\Local\Programs\Python\Python313\Lib\site-packages\mysql\connector\connection.py", line 95, in __init__
    self.connect(**kwargs)
    ~~~~~~~~~~~~^^^^^^^^^^
  File "C:\Users\varsz\AppData\Local\Programs\Python\Python313\Lib\site-packages\mysql\connector\abstracts.py", line 716, in connect
    self._open_connection()
    ~~~~~~~~~~~~~~~~~~~~~^^
  File "C:\Users\varsz\AppData\Local\Programs\Python\Python313\Lib\site-packages\mysql\connector\connection.py", line 206, in _open_connection
    self._socket.open_connection()
    ~~~~~~~~~~~~~~~~~~~~~~~~~~~~^^
  File "C:\Users\varsz\AppData\Local\Programs\Python\Python313\Lib\site-packages\mysql\connector\network.py", line 511, in open_connection
    raise errors.InterfaceError(
        errno=2003, values=(self.get_address(), _strioerror(err)))
mysql.connector.errors.InterfaceError: 2003: Can't connect to MySQL server on 'localhost:3306' (10061 No connection could be made because the target machine actively refused it)
2026-07-14 12:27:04,824 - ERROR - /recent error: 2003: Can't connect to MySQL server on 'localhost:3306' (10061 No connection could be made because the target machine actively refused it)
Traceback (most recent call last):
  File "C:\Users\varsz\AppData\Local\Programs\Python\Python313\Lib\site-packages\mysql\connector\network.py", line 509, in open_connection
    self.sock.connect(sockaddr)
    ~~~~~~~~~~~~~~~~~^^^^^^^^^^
ConnectionRefusedError: [WinError 10061] No connection could be made because the target machine actively refused it

During handling of the above exception, another exception occurred:

Traceback (most recent call last):
  File "C:\laragon\www\Drone-Dashboard-Website\serverWithForwardV2.py", line 245, in recent_route
    conn = connect_database()
  File "C:\laragon\www\Drone-Dashboard-Website\serverWithForwardV2.py", line 101, in connect_database
    return mysql.connector.connect(
           ~~~~~~~~~~~~~~~~~~~~~~~^
        host=DB_CONFIG["host"],
        ^^^^^^^^^^^^^^^^^^^^^^^
    ...<2 lines>...
        database=DB_CONFIG["database"],
        ^^^^^^^^^^^^^^^^^^^^^^^^^^^^^^^
    )
    ^
  File "C:\Users\varsz\AppData\Local\Programs\Python\Python313\Lib\site-packages\mysql\connector\__init__.py", line 179, in connect
    return MySQLConnection(*args, **kwargs)
  File "C:\Users\varsz\AppData\Local\Programs\Python\Python313\Lib\site-packages\mysql\connector\connection.py", line 95, in __init__
    self.connect(**kwargs)
    ~~~~~~~~~~~~^^^^^^^^^^
  File "C:\Users\varsz\AppData\Local\Programs\Python\Python313\Lib\site-packages\mysql\connector\abstracts.py", line 716, in connect
    self._open_connection()
    ~~~~~~~~~~~~~~~~~~~~~^^
  File "C:\Users\varsz\AppData\Local\Programs\Python\Python313\Lib\site-packages\mysql\connector\connection.py", line 206, in _open_connection
    self._socket.open_connection()
    ~~~~~~~~~~~~~~~~~~~~~~~~~~~~^^
  File "C:\Users\varsz\AppData\Local\Programs\Python\Python313\Lib\site-packages\mysql\connector\network.py", line 511, in open_connection
    raise errors.InterfaceError(
        errno=2003, values=(self.get_address(), _strioerror(err)))
mysql.connector.errors.InterfaceError: 2003: Can't connect to MySQL server on 'localhost:3306' (10061 No connection could be made because the target machine actively refused it)
2026-07-14 12:27:07,830 - ERROR - /recent error: 2003: Can't connect to MySQL server on 'localhost:3306' (10061 No connection could be made because the target machine actively refused it)
Traceback (most recent call last):
  File "C:\Users\varsz\AppData\Local\Programs\Python\Python313\Lib\site-packages\mysql\connector\network.py", line 509, in open_connection
    self.sock.connect(sockaddr)
    ~~~~~~~~~~~~~~~~~^^^^^^^^^^
ConnectionRefusedError: [WinError 10061] No connection could be made because the target machine actively refused it

During handling of the above exception, another exception occurred:

Traceback (most recent call last):
  File "C:\laragon\www\Drone-Dashboard-Website\serverWithForwardV2.py", line 245, in recent_route
    conn = connect_database()
  File "C:\laragon\www\Drone-Dashboard-Website\serverWithForwardV2.py", line 101, in connect_database
    return mysql.connector.connect(
           ~~~~~~~~~~~~~~~~~~~~~~~^
        host=DB_CONFIG["host"],
        ^^^^^^^^^^^^^^^^^^^^^^^
    ...<2 lines>...
        database=DB_CONFIG["database"],
        ^^^^^^^^^^^^^^^^^^^^^^^^^^^^^^^
    )
    ^
  File "C:\Users\varsz\AppData\Local\Programs\Python\Python313\Lib\site-packages\mysql\connector\__init__.py", line 179, in connect
    return MySQLConnection(*args, **kwargs)
  File "C:\Users\varsz\AppData\Local\Programs\Python\Python313\Lib\site-packages\mysql\connector\connection.py", line 95, in __init__
    self.connect(**kwargs)
    ~~~~~~~~~~~~^^^^^^^^^^
  File "C:\Users\varsz\AppData\Local\Programs\Python\Python313\Lib\site-packages\mysql\connector\abstracts.py", line 716, in connect
    self._open_connection()
    ~~~~~~~~~~~~~~~~~~~~~^^
  File "C:\Users\varsz\AppData\Local\Programs\Python\Python313\Lib\site-packages\mysql\connector\connection.py", line 206, in _open_connection
    self._socket.open_connection()
    ~~~~~~~~~~~~~~~~~~~~~~~~~~~~^^
  File "C:\Users\varsz\AppData\Local\Programs\Python\Python313\Lib\site-packages\mysql\connector\network.py", line 511, in open_connection
    raise errors.InterfaceError(
        errno=2003, values=(self.get_address(), _strioerror(err)))
mysql.connector.errors.InterfaceError: 2003: Can't connect to MySQL server on 'localhost:3306' (10061 No connection could be made because the target machine actively refused it)
2026-07-14 12:27:10,812 - ERROR - /recent error: 2003: Can't connect to MySQL server on 'localhost:3306' (10061 No connection could be made because the target machine actively refused it)
Traceback (most recent call last):
  File "C:\Users\varsz\AppData\Local\Programs\Python\Python313\Lib\site-packages\mysql\connector\network.py", line 509, in open_connection
    self.sock.connect(sockaddr)
    ~~~~~~~~~~~~~~~~~^^^^^^^^^^
ConnectionRefusedError: [WinError 10061] No connection could be made because the target machine actively refused it

During handling of the above exception, another exception occurred:

Traceback (most recent call last):
  File "C:\laragon\www\Drone-Dashboard-Website\serverWithForwardV2.py", line 245, in recent_route
    conn = connect_database()
  File "C:\laragon\www\Drone-Dashboard-Website\serverWithForwardV2.py", line 101, in connect_database
    return mysql.connector.connect(
           ~~~~~~~~~~~~~~~~~~~~~~~^
        host=DB_CONFIG["host"],
        ^^^^^^^^^^^^^^^^^^^^^^^
    ...<2 lines>...
        database=DB_CONFIG["database"],
        ^^^^^^^^^^^^^^^^^^^^^^^^^^^^^^^
    )
    ^
  File "C:\Users\varsz\AppData\Local\Programs\Python\Python313\Lib\site-packages\mysql\connector\__init__.py", line 179, in connect
    return MySQLConnection(*args, **kwargs)
  File "C:\Users\varsz\AppData\Local\Programs\Python\Python313\Lib\site-packages\mysql\connector\connection.py", line 95, in __init__
    self.connect(**kwargs)
    ~~~~~~~~~~~~^^^^^^^^^^
  File "C:\Users\varsz\AppData\Local\Programs\Python\Python313\Lib\site-packages\mysql\connector\abstracts.py", line 716, in connect
    self._open_connection()
    ~~~~~~~~~~~~~~~~~~~~~^^
  File "C:\Users\varsz\AppData\Local\Programs\Python\Python313\Lib\site-packages\mysql\connector\connection.py", line 206, in _open_connection
    self._socket.open_connection()
    ~~~~~~~~~~~~~~~~~~~~~~~~~~~~^^
  File "C:\Users\varsz\AppData\Local\Programs\Python\Python313\Lib\site-packages\mysql\connector\network.py", line 511, in open_connection
    raise errors.InterfaceError(
        errno=2003, values=(self.get_address(), _strioerror(err)))
mysql.connector.errors.InterfaceError: 2003: Can't connect to MySQL server on 'localhost:3306' (10061 No connection could be made because the target machine actively refused it)
2026-07-14 12:27:13,827 - ERROR - /recent error: 2003: Can't connect to MySQL server on 'localhost:3306' (10061 No connection could be made because the target machine actively refused it)
Traceback (most recent call last):
  File "C:\Users\varsz\AppData\Local\Programs\Python\Python313\Lib\site-packages\mysql\connector\network.py", line 509, in open_connection
    self.sock.connect(sockaddr)
    ~~~~~~~~~~~~~~~~~^^^^^^^^^^
ConnectionRefusedError: [WinError 10061] No connection could be made because the target machine actively refused it

During handling of the above exception, another exception occurred:

Traceback (most recent call last):
  File "C:\laragon\www\Drone-Dashboard-Website\serverWithForwardV2.py", line 245, in recent_route
    conn = connect_database()
  File "C:\laragon\www\Drone-Dashboard-Website\serverWithForwardV2.py", line 101, in connect_database
    return mysql.connector.connect(
           ~~~~~~~~~~~~~~~~~~~~~~~^
        host=DB_CONFIG["host"],
        ^^^^^^^^^^^^^^^^^^^^^^^
    ...<2 lines>...
        database=DB_CONFIG["database"],
        ^^^^^^^^^^^^^^^^^^^^^^^^^^^^^^^
    )
    ^
  File "C:\Users\varsz\AppData\Local\Programs\Python\Python313\Lib\site-packages\mysql\connector\__init__.py", line 179, in connect
    return MySQLConnection(*args, **kwargs)
  File "C:\Users\varsz\AppData\Local\Programs\Python\Python313\Lib\site-packages\mysql\connector\connection.py", line 95, in __init__
    self.connect(**kwargs)
    ~~~~~~~~~~~~^^^^^^^^^^
  File "C:\Users\varsz\AppData\Local\Programs\Python\Python313\Lib\site-packages\mysql\connector\abstracts.py", line 716, in connect
    self._open_connection()
    ~~~~~~~~~~~~~~~~~~~~~^^
  File "C:\Users\varsz\AppData\Local\Programs\Python\Python313\Lib\site-packages\mysql\connector\connection.py", line 206, in _open_connection
    self._socket.open_connection()
    ~~~~~~~~~~~~~~~~~~~~~~~~~~~~^^
  File "C:\Users\varsz\AppData\Local\Programs\Python\Python313\Lib\site-packages\mysql\connector\network.py", line 511, in open_connection
    raise errors.InterfaceError(
        errno=2003, values=(self.get_address(), _strioerror(err)))
mysql.connector.errors.InterfaceError: 2003: Can't connect to MySQL server on 'localhost:3306' (10061 No connection could be made because the target machine actively refused it)
2026-07-14 12:27:16,827 - ERROR - /recent error: 2003: Can't connect to MySQL server on 'localhost:3306' (10061 No connection could be made because the target machine actively refused it)
Traceback (most recent call last):
  File "C:\Users\varsz\AppData\Local\Programs\Python\Python313\Lib\site-packages\mysql\connector\network.py", line 509, in open_connection
    self.sock.connect(sockaddr)
    ~~~~~~~~~~~~~~~~~^^^^^^^^^^
ConnectionRefusedError: [WinError 10061] No connection could be made because the target machine actively refused it

During handling of the above exception, another exception occurred:

Traceback (most recent call last):
  File "C:\laragon\www\Drone-Dashboard-Website\serverWithForwardV2.py", line 245, in recent_route
    conn = connect_database()
  File "C:\laragon\www\Drone-Dashboard-Website\serverWithForwardV2.py", line 101, in connect_database
    return mysql.connector.connect(
           ~~~~~~~~~~~~~~~~~~~~~~~^
        host=DB_CONFIG["host"],
        ^^^^^^^^^^^^^^^^^^^^^^^
    ...<2 lines>...
        database=DB_CONFIG["database"],
        ^^^^^^^^^^^^^^^^^^^^^^^^^^^^^^^
    )
    ^
  File "C:\Users\varsz\AppData\Local\Programs\Python\Python313\Lib\site-packages\mysql\connector\__init__.py", line 179, in connect
    return MySQLConnection(*args, **kwargs)
  File "C:\Users\varsz\AppData\Local\Programs\Python\Python313\Lib\site-packages\mysql\connector\connection.py", line 95, in __init__
    self.connect(**kwargs)
    ~~~~~~~~~~~~^^^^^^^^^^
  File "C:\Users\varsz\AppData\Local\Programs\Python\Python313\Lib\site-packages\mysql\connector\abstracts.py", line 716, in connect
    self._open_connection()
    ~~~~~~~~~~~~~~~~~~~~~^^
  File "C:\Users\varsz\AppData\Local\Programs\Python\Python313\Lib\site-packages\mysql\connector\connection.py", line 206, in _open_connection
    self._socket.open_connection()
    ~~~~~~~~~~~~~~~~~~~~~~~~~~~~^^
  File "C:\Users\varsz\AppData\Local\Programs\Python\Python313\Lib\site-packages\mysql\connector\network.py", line 511, in open_connection
    raise errors.InterfaceError(
        errno=2003, values=(self.get_address(), _strioerror(err)))
mysql.connector.errors.InterfaceError: 2003: Can't connect to MySQL server on 'localhost:3306' (10061 No connection could be made because the target machine actively refused it)
2026-07-14 12:27:19,822 - ERROR - /recent error: 2003: Can't connect to MySQL server on 'localhost:3306' (10061 No connection could be made because the target machine actively refused it)
Traceback (most recent call last):
  File "C:\Users\varsz\AppData\Local\Programs\Python\Python313\Lib\site-packages\mysql\connector\network.py", line 509, in open_connection
    self.sock.connect(sockaddr)
    ~~~~~~~~~~~~~~~~~^^^^^^^^^^
ConnectionRefusedError: [WinError 10061] No connection could be made because the target machine actively refused it

During handling of the above exception, another exception occurred:

Traceback (most recent call last):
  File "C:\laragon\www\Drone-Dashboard-Website\serverWithForwardV2.py", line 245, in recent_route
    conn = connect_database()
  File "C:\laragon\www\Drone-Dashboard-Website\serverWithForwardV2.py", line 101, in connect_database
    return mysql.connector.connect(
           ~~~~~~~~~~~~~~~~~~~~~~~^
        host=DB_CONFIG["host"],
        ^^^^^^^^^^^^^^^^^^^^^^^
    ...<2 lines>...
        database=DB_CONFIG["database"],
        ^^^^^^^^^^^^^^^^^^^^^^^^^^^^^^^
    )
    ^
  File "C:\Users\varsz\AppData\Local\Programs\Python\Python313\Lib\site-packages\mysql\connector\__init__.py", line 179, in connect
    return MySQLConnection(*args, **kwargs)
  File "C:\Users\varsz\AppData\Local\Programs\Python\Python313\Lib\site-packages\mysql\connector\connection.py", line 95, in __init__
    self.connect(**kwargs)
    ~~~~~~~~~~~~^^^^^^^^^^
  File "C:\Users\varsz\AppData\Local\Programs\Python\Python313\Lib\site-packages\mysql\connector\abstracts.py", line 716, in connect
    self._open_connection()
    ~~~~~~~~~~~~~~~~~~~~~^^
  File "C:\Users\varsz\AppData\Local\Programs\Python\Python313\Lib\site-packages\mysql\connector\connection.py", line 206, in _open_connection
    self._socket.open_connection()
    ~~~~~~~~~~~~~~~~~~~~~~~~~~~~^^
  File "C:\Users\varsz\AppData\Local\Programs\Python\Python313\Lib\site-packages\mysql\connector\network.py", line 511, in open_connection
    raise errors.InterfaceError(
        errno=2003, values=(self.get_address(), _strioerror(err)))
mysql.connector.errors.InterfaceError: 2003: Can't connect to MySQL server on 'localhost:3306' (10061 No connection could be made because the target machine actively refused it)
2026-07-14 12:27:22,829 - ERROR - /recent error: 2003: Can't connect to MySQL server on 'localhost:3306' (10061 No connection could be made because the target machine actively refused it)
Traceback (most recent call last):
  File "C:\Users\varsz\AppData\Local\Programs\Python\Python313\Lib\site-packages\mysql\connector\network.py", line 509, in open_connection
    self.sock.connect(sockaddr)
    ~~~~~~~~~~~~~~~~~^^^^^^^^^^
ConnectionRefusedError: [WinError 10061] No connection could be made because the target machine actively refused it

During handling of the above exception, another exception occurred:

Traceback (most recent call last):
  File "C:\laragon\www\Drone-Dashboard-Website\serverWithForwardV2.py", line 245, in recent_route
    conn = connect_database()
  File "C:\laragon\www\Drone-Dashboard-Website\serverWithForwardV2.py", line 101, in connect_database
    return mysql.connector.connect(
           ~~~~~~~~~~~~~~~~~~~~~~~^
        host=DB_CONFIG["host"],
        ^^^^^^^^^^^^^^^^^^^^^^^
    ...<2 lines>...
        database=DB_CONFIG["database"],
        ^^^^^^^^^^^^^^^^^^^^^^^^^^^^^^^
    )
    ^
  File "C:\Users\varsz\AppData\Local\Programs\Python\Python313\Lib\site-packages\mysql\connector\__init__.py", line 179, in connect
    return MySQLConnection(*args, **kwargs)
  File "C:\Users\varsz\AppData\Local\Programs\Python\Python313\Lib\site-packages\mysql\connector\connection.py", line 95, in __init__
    self.connect(**kwargs)
    ~~~~~~~~~~~~^^^^^^^^^^
  File "C:\Users\varsz\AppData\Local\Programs\Python\Python313\Lib\site-packages\mysql\connector\abstracts.py", line 716, in connect
    self._open_connection()
    ~~~~~~~~~~~~~~~~~~~~~^^
  File "C:\Users\varsz\AppData\Local\Programs\Python\Python313\Lib\site-packages\mysql\connector\connection.py", line 206, in _open_connection
    self._socket.open_connection()
    ~~~~~~~~~~~~~~~~~~~~~~~~~~~~^^
  File "C:\Users\varsz\AppData\Local\Programs\Python\Python313\Lib\site-packages\mysql\connector\network.py", line 511, in open_connection
    raise errors.InterfaceError(
        errno=2003, values=(self.get_address(), _strioerror(err)))
mysql.connector.errors.InterfaceError: 2003: Can't connect to MySQL server on 'localhost:3306' (10061 No connection could be made because the target machine actively refused it)
2026-07-14 12:27:25,843 - ERROR - /recent error: 2003: Can't connect to MySQL server on 'localhost:3306' (10061 No connection could be made because the target machine actively refused it)
Traceback (most recent call last):
  File "C:\Users\varsz\AppData\Local\Programs\Python\Python313\Lib\site-packages\mysql\connector\network.py", line 509, in open_connection
    self.sock.connect(sockaddr)
    ~~~~~~~~~~~~~~~~~^^^^^^^^^^
ConnectionRefusedError: [WinError 10061] No connection could be made because the target machine actively refused it

During handling of the above exception, another exception occurred:

Traceback (most recent call last):
  File "C:\laragon\www\Drone-Dashboard-Website\serverWithForwardV2.py", line 245, in recent_route
    conn = connect_database()
  File "C:\laragon\www\Drone-Dashboard-Website\serverWithForwardV2.py", line 101, in connect_database
    return mysql.connector.connect(
           ~~~~~~~~~~~~~~~~~~~~~~~^
        host=DB_CONFIG["host"],
        ^^^^^^^^^^^^^^^^^^^^^^^
    ...<2 lines>...
        database=DB_CONFIG["database"],
        ^^^^^^^^^^^^^^^^^^^^^^^^^^^^^^^
    )
    ^
  File "C:\Users\varsz\AppData\Local\Programs\Python\Python313\Lib\site-packages\mysql\connector\__init__.py", line 179, in connect
    return MySQLConnection(*args, **kwargs)
  File "C:\Users\varsz\AppData\Local\Programs\Python\Python313\Lib\site-packages\mysql\connector\connection.py", line 95, in __init__
    self.connect(**kwargs)
    ~~~~~~~~~~~~^^^^^^^^^^
  File "C:\Users\varsz\AppData\Local\Programs\Python\Python313\Lib\site-packages\mysql\connector\abstracts.py", line 716, in connect
    self._open_connection()
    ~~~~~~~~~~~~~~~~~~~~~^^
  File "C:\Users\varsz\AppData\Local\Programs\Python\Python313\Lib\site-packages\mysql\connector\connection.py", line 206, in _open_connection
    self._socket.open_connection()
    ~~~~~~~~~~~~~~~~~~~~~~~~~~~~^^
  File "C:\Users\varsz\AppData\Local\Programs\Python\Python313\Lib\site-packages\mysql\connector\network.py", line 511, in open_connection
    raise errors.InterfaceError(
        errno=2003, values=(self.get_address(), _strioerror(err)))
mysql.connector.errors.InterfaceError: 2003: Can't connect to MySQL server on 'localhost:3306' (10061 No connection could be made because the target machine actively refused it)
2026-07-14 12:27:28,831 - ERROR - /recent error: 2003: Can't connect to MySQL server on 'localhost:3306' (10061 No connection could be made because the target machine actively refused it)
Traceback (most recent call last):
  File "C:\Users\varsz\AppData\Local\Programs\Python\Python313\Lib\site-packages\mysql\connector\network.py", line 509, in open_connection
    self.sock.connect(sockaddr)
    ~~~~~~~~~~~~~~~~~^^^^^^^^^^
ConnectionRefusedError: [WinError 10061] No connection could be made because the target machine actively refused it

During handling of the above exception, another exception occurred:

Traceback (most recent call last):
  File "C:\laragon\www\Drone-Dashboard-Website\serverWithForwardV2.py", line 245, in recent_route
    conn = connect_database()
  File "C:\laragon\www\Drone-Dashboard-Website\serverWithForwardV2.py", line 101, in connect_database
    return mysql.connector.connect(
           ~~~~~~~~~~~~~~~~~~~~~~~^
        host=DB_CONFIG["host"],
        ^^^^^^^^^^^^^^^^^^^^^^^
    ...<2 lines>...
        database=DB_CONFIG["database"],
        ^^^^^^^^^^^^^^^^^^^^^^^^^^^^^^^
    )
    ^
  File "C:\Users\varsz\AppData\Local\Programs\Python\Python313\Lib\site-packages\mysql\connector\__init__.py", line 179, in connect
    return MySQLConnection(*args, **kwargs)
  File "C:\Users\varsz\AppData\Local\Programs\Python\Python313\Lib\site-packages\mysql\connector\connection.py", line 95, in __init__
    self.connect(**kwargs)
    ~~~~~~~~~~~~^^^^^^^^^^
  File "C:\Users\varsz\AppData\Local\Programs\Python\Python313\Lib\site-packages\mysql\connector\abstracts.py", line 716, in connect
    self._open_connection()
    ~~~~~~~~~~~~~~~~~~~~~^^
  File "C:\Users\varsz\AppData\Local\Programs\Python\Python313\Lib\site-packages\mysql\connector\connection.py", line 206, in _open_connection
    self._socket.open_connection()
    ~~~~~~~~~~~~~~~~~~~~~~~~~~~~^^
  File "C:\Users\varsz\AppData\Local\Programs\Python\Python313\Lib\site-packages\mysql\connector\network.py", line 511, in open_connection
    raise errors.InterfaceError(
        errno=2003, values=(self.get_address(), _strioerror(err)))
mysql.connector.errors.InterfaceError: 2003: Can't connect to MySQL server on 'localhost:3306' (10061 No connection could be made because the target machine actively refused it)
2026-07-14 12:27:31,829 - ERROR - /recent error: 2003: Can't connect to MySQL server on 'localhost:3306' (10061 No connection could be made because the target machine actively refused it)
Traceback (most recent call last):
  File "C:\Users\varsz\AppData\Local\Programs\Python\Python313\Lib\site-packages\mysql\connector\network.py", line 509, in open_connection
    self.sock.connect(sockaddr)
    ~~~~~~~~~~~~~~~~~^^^^^^^^^^
ConnectionRefusedError: [WinError 10061] No connection could be made because the target machine actively refused it

During handling of the above exception, another exception occurred:

Traceback (most recent call last):
  File "C:\laragon\www\Drone-Dashboard-Website\serverWithForwardV2.py", line 245, in recent_route
    conn = connect_database()
  File "C:\laragon\www\Drone-Dashboard-Website\serverWithForwardV2.py", line 101, in connect_database
    return mysql.connector.connect(
           ~~~~~~~~~~~~~~~~~~~~~~~^
        host=DB_CONFIG["host"],
        ^^^^^^^^^^^^^^^^^^^^^^^
    ...<2 lines>...
        database=DB_CONFIG["database"],
        ^^^^^^^^^^^^^^^^^^^^^^^^^^^^^^^
    )
    ^
  File "C:\Users\varsz\AppData\Local\Programs\Python\Python313\Lib\site-packages\mysql\connector\__init__.py", line 179, in connect
    return MySQLConnection(*args, **kwargs)
  File "C:\Users\varsz\AppData\Local\Programs\Python\Python313\Lib\site-packages\mysql\connector\connection.py", line 95, in __init__
    self.connect(**kwargs)
    ~~~~~~~~~~~~^^^^^^^^^^
  File "C:\Users\varsz\AppData\Local\Programs\Python\Python313\Lib\site-packages\mysql\connector\abstracts.py", line 716, in connect
    self._open_connection()
    ~~~~~~~~~~~~~~~~~~~~~^^
  File "C:\Users\varsz\AppData\Local\Programs\Python\Python313\Lib\site-packages\mysql\connector\connection.py", line 206, in _open_connection
    self._socket.open_connection()
    ~~~~~~~~~~~~~~~~~~~~~~~~~~~~^^
  File "C:\Users\varsz\AppData\Local\Programs\Python\Python313\Lib\site-packages\mysql\connector\network.py", line 511, in open_connection
    raise errors.InterfaceError(
        errno=2003, values=(self.get_address(), _strioerror(err)))
mysql.connector.errors.InterfaceError: 2003: Can't connect to MySQL server on 'localhost:3306' (10061 No connection could be made because the target machine actively refused it)
2026-07-14 12:27:34,843 - ERROR - /recent error: 2003: Can't connect to MySQL server on 'localhost:3306' (10061 No connection could be made because the target machine actively refused it)
Traceback (most recent call last):
  File "C:\Users\varsz\AppData\Local\Programs\Python\Python313\Lib\site-packages\mysql\connector\network.py", line 509, in open_connection
    self.sock.connect(sockaddr)
    ~~~~~~~~~~~~~~~~~^^^^^^^^^^
ConnectionRefusedError: [WinError 10061] No connection could be made because the target machine actively refused it

During handling of the above exception, another exception occurred:

Traceback (most recent call last):
  File "C:\laragon\www\Drone-Dashboard-Website\serverWithForwardV2.py", line 245, in recent_route
    conn = connect_database()
  File "C:\laragon\www\Drone-Dashboard-Website\serverWithForwardV2.py", line 101, in connect_database
    return mysql.connector.connect(
           ~~~~~~~~~~~~~~~~~~~~~~~^
        host=DB_CONFIG["host"],
        ^^^^^^^^^^^^^^^^^^^^^^^
    ...<2 lines>...
        database=DB_CONFIG["database"],
        ^^^^^^^^^^^^^^^^^^^^^^^^^^^^^^^
    )
    ^
  File "C:\Users\varsz\AppData\Local\Programs\Python\Python313\Lib\site-packages\mysql\connector\__init__.py", line 179, in connect
    return MySQLConnection(*args, **kwargs)
  File "C:\Users\varsz\AppData\Local\Programs\Python\Python313\Lib\site-packages\mysql\connector\connection.py", line 95, in __init__
    self.connect(**kwargs)
    ~~~~~~~~~~~~^^^^^^^^^^
  File "C:\Users\varsz\AppData\Local\Programs\Python\Python313\Lib\site-packages\mysql\connector\abstracts.py", line 716, in connect
    self._open_connection()
    ~~~~~~~~~~~~~~~~~~~~~^^
  File "C:\Users\varsz\AppData\Local\Programs\Python\Python313\Lib\site-packages\mysql\connector\connection.py", line 206, in _open_connection
    self._socket.open_connection()
    ~~~~~~~~~~~~~~~~~~~~~~~~~~~~^^
  File "C:\Users\varsz\AppData\Local\Programs\Python\Python313\Lib\site-packages\mysql\connector\network.py", line 511, in open_connection
    raise errors.InterfaceError(
        errno=2003, values=(self.get_address(), _strioerror(err)))
mysql.connector.errors.InterfaceError: 2003: Can't connect to MySQL server on 'localhost:3306' (10061 No connection could be made because the target machine actively refused it)
2026-07-14 12:27:37,825 - ERROR - /recent error: 2003: Can't connect to MySQL server on 'localhost:3306' (10061 No connection could be made because the target machine actively refused it)
Traceback (most recent call last):
  File "C:\Users\varsz\AppData\Local\Programs\Python\Python313\Lib\site-packages\mysql\connector\network.py", line 509, in open_connection
    self.sock.connect(sockaddr)
    ~~~~~~~~~~~~~~~~~^^^^^^^^^^
ConnectionRefusedError: [WinError 10061] No connection could be made because the target machine actively refused it

During handling of the above exception, another exception occurred:

Traceback (most recent call last):
  File "C:\laragon\www\Drone-Dashboard-Website\serverWithForwardV2.py", line 245, in recent_route
    conn = connect_database()
  File "C:\laragon\www\Drone-Dashboard-Website\serverWithForwardV2.py", line 101, in connect_database
    return mysql.connector.connect(
           ~~~~~~~~~~~~~~~~~~~~~~~^
        host=DB_CONFIG["host"],
        ^^^^^^^^^^^^^^^^^^^^^^^
    ...<2 lines>...
        database=DB_CONFIG["database"],
        ^^^^^^^^^^^^^^^^^^^^^^^^^^^^^^^
    )
    ^
  File "C:\Users\varsz\AppData\Local\Programs\Python\Python313\Lib\site-packages\mysql\connector\__init__.py", line 179, in connect
    return MySQLConnection(*args, **kwargs)
  File "C:\Users\varsz\AppData\Local\Programs\Python\Python313\Lib\site-packages\mysql\connector\connection.py", line 95, in __init__
    self.connect(**kwargs)
    ~~~~~~~~~~~~^^^^^^^^^^
  File "C:\Users\varsz\AppData\Local\Programs\Python\Python313\Lib\site-packages\mysql\connector\abstracts.py", line 716, in connect
    self._open_connection()
    ~~~~~~~~~~~~~~~~~~~~~^^
  File "C:\Users\varsz\AppData\Local\Programs\Python\Python313\Lib\site-packages\mysql\connector\connection.py", line 206, in _open_connection
    self._socket.open_connection()
    ~~~~~~~~~~~~~~~~~~~~~~~~~~~~^^
  File "C:\Users\varsz\AppData\Local\Programs\Python\Python313\Lib\site-packages\mysql\connector\network.py", line 511, in open_connection
    raise errors.InterfaceError(
        errno=2003, values=(self.get_address(), _strioerror(err)))
mysql.connector.errors.InterfaceError: 2003: Can't connect to MySQL server on 'localhost:3306' (10061 No connection could be made because the target machine actively refused it)
2026-07-14 12:27:40,820 - ERROR - /recent error: 2003: Can't connect to MySQL server on 'localhost:3306' (10061 No connection could be made because the target machine actively refused it)
Traceback (most recent call last):
  File "C:\Users\varsz\AppData\Local\Programs\Python\Python313\Lib\site-packages\mysql\connector\network.py", line 509, in open_connection
    self.sock.connect(sockaddr)
    ~~~~~~~~~~~~~~~~~^^^^^^^^^^
ConnectionRefusedError: [WinError 10061] No connection could be made because the target machine actively refused it

During handling of the above exception, another exception occurred:

Traceback (most recent call last):
  File "C:\laragon\www\Drone-Dashboard-Website\serverWithForwardV2.py", line 245, in recent_route
    conn = connect_database()
  File "C:\laragon\www\Drone-Dashboard-Website\serverWithForwardV2.py", line 101, in connect_database
    return mysql.connector.connect(
           ~~~~~~~~~~~~~~~~~~~~~~~^
        host=DB_CONFIG["host"],
        ^^^^^^^^^^^^^^^^^^^^^^^
    ...<2 lines>...
        database=DB_CONFIG["database"],
        ^^^^^^^^^^^^^^^^^^^^^^^^^^^^^^^
    )
    ^
  File "C:\Users\varsz\AppData\Local\Programs\Python\Python313\Lib\site-packages\mysql\connector\__init__.py", line 179, in connect
    return MySQLConnection(*args, **kwargs)
  File "C:\Users\varsz\AppData\Local\Programs\Python\Python313\Lib\site-packages\mysql\connector\connection.py", line 95, in __init__
    self.connect(**kwargs)
    ~~~~~~~~~~~~^^^^^^^^^^
  File "C:\Users\varsz\AppData\Local\Programs\Python\Python313\Lib\site-packages\mysql\connector\abstracts.py", line 716, in connect
    self._open_connection()
    ~~~~~~~~~~~~~~~~~~~~~^^
  File "C:\Users\varsz\AppData\Local\Programs\Python\Python313\Lib\site-packages\mysql\connector\connection.py", line 206, in _open_connection
    self._socket.open_connection()
    ~~~~~~~~~~~~~~~~~~~~~~~~~~~~^^
  File "C:\Users\varsz\AppData\Local\Programs\Python\Python313\Lib\site-packages\mysql\connector\network.py", line 511, in open_connection
    raise errors.InterfaceError(
        errno=2003, values=(self.get_address(), _strioerror(err)))
mysql.connector.errors.InterfaceError: 2003: Can't connect to MySQL server on 'localhost:3306' (10061 No connection could be made because the target machine actively refused it)
2026-07-14 12:27:43,848 - ERROR - /recent error: 2003: Can't connect to MySQL server on 'localhost:3306' (10061 No connection could be made because the target machine actively refused it)
Traceback (most recent call last):
  File "C:\Users\varsz\AppData\Local\Programs\Python\Python313\Lib\site-packages\mysql\connector\network.py", line 509, in open_connection
    self.sock.connect(sockaddr)
    ~~~~~~~~~~~~~~~~~^^^^^^^^^^
ConnectionRefusedError: [WinError 10061] No connection could be made because the target machine actively refused it

During handling of the above exception, another exception occurred:

Traceback (most recent call last):
  File "C:\laragon\www\Drone-Dashboard-Website\serverWithForwardV2.py", line 245, in recent_route
    conn = connect_database()
  File "C:\laragon\www\Drone-Dashboard-Website\serverWithForwardV2.py", line 101, in connect_database
    return mysql.connector.connect(
           ~~~~~~~~~~~~~~~~~~~~~~~^
        host=DB_CONFIG["host"],
        ^^^^^^^^^^^^^^^^^^^^^^^
    ...<2 lines>...
        database=DB_CONFIG["database"],
        ^^^^^^^^^^^^^^^^^^^^^^^^^^^^^^^
    )
    ^
  File "C:\Users\varsz\AppData\Local\Programs\Python\Python313\Lib\site-packages\mysql\connector\__init__.py", line 179, in connect
    return MySQLConnection(*args, **kwargs)
  File "C:\Users\varsz\AppData\Local\Programs\Python\Python313\Lib\site-packages\mysql\connector\connection.py", line 95, in __init__
    self.connect(**kwargs)
    ~~~~~~~~~~~~^^^^^^^^^^
  File "C:\Users\varsz\AppData\Local\Programs\Python\Python313\Lib\site-packages\mysql\connector\abstracts.py", line 716, in connect
    self._open_connection()
    ~~~~~~~~~~~~~~~~~~~~~^^
  File "C:\Users\varsz\AppData\Local\Programs\Python\Python313\Lib\site-packages\mysql\connector\connection.py", line 206, in _open_connection
    self._socket.open_connection()
    ~~~~~~~~~~~~~~~~~~~~~~~~~~~~^^
  File "C:\Users\varsz\AppData\Local\Programs\Python\Python313\Lib\site-packages\mysql\connector\network.py", line 511, in open_connection
    raise errors.InterfaceError(
        errno=2003, values=(self.get_address(), _strioerror(err)))
mysql.connector.errors.InterfaceError: 2003: Can't connect to MySQL server on 'localhost:3306' (10061 No connection could be made because the target machine actively refused it)
2026-07-14 12:27:46,848 - ERROR - /recent error: 2003: Can't connect to MySQL server on 'localhost:3306' (10061 No connection could be made because the target machine actively refused it)
Traceback (most recent call last):
  File "C:\Users\varsz\AppData\Local\Programs\Python\Python313\Lib\site-packages\mysql\connector\network.py", line 509, in open_connection
    self.sock.connect(sockaddr)
    ~~~~~~~~~~~~~~~~~^^^^^^^^^^
ConnectionRefusedError: [WinError 10061] No connection could be made because the target machine actively refused it

During handling of the above exception, another exception occurred:

Traceback (most recent call last):
  File "C:\laragon\www\Drone-Dashboard-Website\serverWithForwardV2.py", line 245, in recent_route
    conn = connect_database()
  File "C:\laragon\www\Drone-Dashboard-Website\serverWithForwardV2.py", line 101, in connect_database
    return mysql.connector.connect(
           ~~~~~~~~~~~~~~~~~~~~~~~^
        host=DB_CONFIG["host"],
        ^^^^^^^^^^^^^^^^^^^^^^^
    ...<2 lines>...
        database=DB_CONFIG["database"],
        ^^^^^^^^^^^^^^^^^^^^^^^^^^^^^^^
    )
    ^
  File "C:\Users\varsz\AppData\Local\Programs\Python\Python313\Lib\site-packages\mysql\connector\__init__.py", line 179, in connect
    return MySQLConnection(*args, **kwargs)
  File "C:\Users\varsz\AppData\Local\Programs\Python\Python313\Lib\site-packages\mysql\connector\connection.py", line 95, in __init__
    self.connect(**kwargs)
    ~~~~~~~~~~~~^^^^^^^^^^
  File "C:\Users\varsz\AppData\Local\Programs\Python\Python313\Lib\site-packages\mysql\connector\abstracts.py", line 716, in connect
    self._open_connection()
    ~~~~~~~~~~~~~~~~~~~~~^^
  File "C:\Users\varsz\AppData\Local\Programs\Python\Python313\Lib\site-packages\mysql\connector\connection.py", line 206, in _open_connection
    self._socket.open_connection()
    ~~~~~~~~~~~~~~~~~~~~~~~~~~~~^^
  File "C:\Users\varsz\AppData\Local\Programs\Python\Python313\Lib\site-packages\mysql\connector\network.py", line 511, in open_connection
    raise errors.InterfaceError(
        errno=2003, values=(self.get_address(), _strioerror(err)))
mysql.connector.errors.InterfaceError: 2003: Can't connect to MySQL server on 'localhost:3306' (10061 No connection could be made because the target machine actively refused it)
2026-07-14 12:27:49,839 - ERROR - /recent error: 2003: Can't connect to MySQL server on 'localhost:3306' (10061 No connection could be made because the target machine actively refused it)
Traceback (most recent call last):
  File "C:\Users\varsz\AppData\Local\Programs\Python\Python313\Lib\site-packages\mysql\connector\network.py", line 509, in open_connection
    self.sock.connect(sockaddr)
    ~~~~~~~~~~~~~~~~~^^^^^^^^^^
ConnectionRefusedError: [WinError 10061] No connection could be made because the target machine actively refused it

During handling of the above exception, another exception occurred:

Traceback (most recent call last):
  File "C:\laragon\www\Drone-Dashboard-Website\serverWithForwardV2.py", line 245, in recent_route
    conn = connect_database()
  File "C:\laragon\www\Drone-Dashboard-Website\serverWithForwardV2.py", line 101, in connect_database
    return mysql.connector.connect(
           ~~~~~~~~~~~~~~~~~~~~~~~^
        host=DB_CONFIG["host"],
        ^^^^^^^^^^^^^^^^^^^^^^^
    ...<2 lines>...
        database=DB_CONFIG["database"],
        ^^^^^^^^^^^^^^^^^^^^^^^^^^^^^^^
    )
    ^
  File "C:\Users\varsz\AppData\Local\Programs\Python\Python313\Lib\site-packages\mysql\connector\__init__.py", line 179, in connect
    return MySQLConnection(*args, **kwargs)
  File "C:\Users\varsz\AppData\Local\Programs\Python\Python313\Lib\site-packages\mysql\connector\connection.py", line 95, in __init__
    self.connect(**kwargs)
    ~~~~~~~~~~~~^^^^^^^^^^
  File "C:\Users\varsz\AppData\Local\Programs\Python\Python313\Lib\site-packages\mysql\connector\abstracts.py", line 716, in connect
    self._open_connection()
    ~~~~~~~~~~~~~~~~~~~~~^^
  File "C:\Users\varsz\AppData\Local\Programs\Python\Python313\Lib\site-packages\mysql\connector\connection.py", line 206, in _open_connection
    self._socket.open_connection()
    ~~~~~~~~~~~~~~~~~~~~~~~~~~~~^^
  File "C:\Users\varsz\AppData\Local\Programs\Python\Python313\Lib\site-packages\mysql\connector\network.py", line 511, in open_connection
    raise errors.InterfaceError(
        errno=2003, values=(self.get_address(), _strioerror(err)))
mysql.connector.errors.InterfaceError: 2003: Can't connect to MySQL server on 'localhost:3306' (10061 No connection could be made because the target machine actively refused it)
2026-07-14 12:27:52,837 - ERROR - /recent error: 2003: Can't connect to MySQL server on 'localhost:3306' (10061 No connection could be made because the target machine actively refused it)
Traceback (most recent call last):
  File "C:\Users\varsz\AppData\Local\Programs\Python\Python313\Lib\site-packages\mysql\connector\network.py", line 509, in open_connection
    self.sock.connect(sockaddr)
    ~~~~~~~~~~~~~~~~~^^^^^^^^^^
ConnectionRefusedError: [WinError 10061] No connection could be made because the target machine actively refused it

During handling of the above exception, another exception occurred:

Traceback (most recent call last):
  File "C:\laragon\www\Drone-Dashboard-Website\serverWithForwardV2.py", line 245, in recent_route
    conn = connect_database()
  File "C:\laragon\www\Drone-Dashboard-Website\serverWithForwardV2.py", line 101, in connect_database
    return mysql.connector.connect(
           ~~~~~~~~~~~~~~~~~~~~~~~^
        host=DB_CONFIG["host"],
        ^^^^^^^^^^^^^^^^^^^^^^^
    ...<2 lines>...
        database=DB_CONFIG["database"],
        ^^^^^^^^^^^^^^^^^^^^^^^^^^^^^^^
    )
    ^
  File "C:\Users\varsz\AppData\Local\Programs\Python\Python313\Lib\site-packages\mysql\connector\__init__.py", line 179, in connect
    return MySQLConnection(*args, **kwargs)
  File "C:\Users\varsz\AppData\Local\Programs\Python\Python313\Lib\site-packages\mysql\connector\connection.py", line 95, in __init__
    self.connect(**kwargs)
    ~~~~~~~~~~~~^^^^^^^^^^
  File "C:\Users\varsz\AppData\Local\Programs\Python\Python313\Lib\site-packages\mysql\connector\abstracts.py", line 716, in connect
    self._open_connection()
    ~~~~~~~~~~~~~~~~~~~~~^^
  File "C:\Users\varsz\AppData\Local\Programs\Python\Python313\Lib\site-packages\mysql\connector\connection.py", line 206, in _open_connection
    self._socket.open_connection()
    ~~~~~~~~~~~~~~~~~~~~~~~~~~~~^^
  File "C:\Users\varsz\AppData\Local\Programs\Python\Python313\Lib\site-packages\mysql\connector\network.py", line 511, in open_connection
    raise errors.InterfaceError(
        errno=2003, values=(self.get_address(), _strioerror(err)))
mysql.connector.errors.InterfaceError: 2003: Can't connect to MySQL server on 'localhost:3306' (10061 No connection could be made because the target machine actively refused it)
2026-07-14 12:27:55,843 - ERROR - /recent error: 2003: Can't connect to MySQL server on 'localhost:3306' (10061 No connection could be made because the target machine actively refused it)
Traceback (most recent call last):
  File "C:\Users\varsz\AppData\Local\Programs\Python\Python313\Lib\site-packages\mysql\connector\network.py", line 509, in open_connection
    self.sock.connect(sockaddr)
    ~~~~~~~~~~~~~~~~~^^^^^^^^^^
ConnectionRefusedError: [WinError 10061] No connection could be made because the target machine actively refused it

During handling of the above exception, another exception occurred:

Traceback (most recent call last):
  File "C:\laragon\www\Drone-Dashboard-Website\serverWithForwardV2.py", line 245, in recent_route
    conn = connect_database()
  File "C:\laragon\www\Drone-Dashboard-Website\serverWithForwardV2.py", line 101, in connect_database
    return mysql.connector.connect(
           ~~~~~~~~~~~~~~~~~~~~~~~^
        host=DB_CONFIG["host"],
        ^^^^^^^^^^^^^^^^^^^^^^^
    ...<2 lines>...
        database=DB_CONFIG["database"],
        ^^^^^^^^^^^^^^^^^^^^^^^^^^^^^^^
    )
    ^
  File "C:\Users\varsz\AppData\Local\Programs\Python\Python313\Lib\site-packages\mysql\connector\__init__.py", line 179, in connect
    return MySQLConnection(*args, **kwargs)
  File "C:\Users\varsz\AppData\Local\Programs\Python\Python313\Lib\site-packages\mysql\connector\connection.py", line 95, in __init__
    self.connect(**kwargs)
    ~~~~~~~~~~~~^^^^^^^^^^
  File "C:\Users\varsz\AppData\Local\Programs\Python\Python313\Lib\site-packages\mysql\connector\abstracts.py", line 716, in connect
    self._open_connection()
    ~~~~~~~~~~~~~~~~~~~~~^^
  File "C:\Users\varsz\AppData\Local\Programs\Python\Python313\Lib\site-packages\mysql\connector\connection.py", line 206, in _open_connection
    self._socket.open_connection()
    ~~~~~~~~~~~~~~~~~~~~~~~~~~~~^^
  File "C:\Users\varsz\AppData\Local\Programs\Python\Python313\Lib\site-packages\mysql\connector\network.py", line 511, in open_connection
    raise errors.InterfaceError(
        errno=2003, values=(self.get_address(), _strioerror(err)))
mysql.connector.errors.InterfaceError: 2003: Can't connect to MySQL server on 'localhost:3306' (10061 No connection could be made because the target machine actively refused it)
2026-07-14 12:27:58,815 - ERROR - /recent error: 2003: Can't connect to MySQL server on 'localhost:3306' (10061 No connection could be made because the target machine actively refused it)
Traceback (most recent call last):
  File "C:\Users\varsz\AppData\Local\Programs\Python\Python313\Lib\site-packages\mysql\connector\network.py", line 509, in open_connection
    self.sock.connect(sockaddr)
    ~~~~~~~~~~~~~~~~~^^^^^^^^^^
ConnectionRefusedError: [WinError 10061] No connection could be made because the target machine actively refused it

During handling of the above exception, another exception occurred:

Traceback (most recent call last):
  File "C:\laragon\www\Drone-Dashboard-Website\serverWithForwardV2.py", line 245, in recent_route
    conn = connect_database()
  File "C:\laragon\www\Drone-Dashboard-Website\serverWithForwardV2.py", line 101, in connect_database
    return mysql.connector.connect(
           ~~~~~~~~~~~~~~~~~~~~~~~^
        host=DB_CONFIG["host"],
        ^^^^^^^^^^^^^^^^^^^^^^^
    ...<2 lines>...
        database=DB_CONFIG["database"],
        ^^^^^^^^^^^^^^^^^^^^^^^^^^^^^^^
    )
    ^
  File "C:\Users\varsz\AppData\Local\Programs\Python\Python313\Lib\site-packages\mysql\connector\__init__.py", line 179, in connect
    return MySQLConnection(*args, **kwargs)
  File "C:\Users\varsz\AppData\Local\Programs\Python\Python313\Lib\site-packages\mysql\connector\connection.py", line 95, in __init__
    self.connect(**kwargs)
    ~~~~~~~~~~~~^^^^^^^^^^
  File "C:\Users\varsz\AppData\Local\Programs\Python\Python313\Lib\site-packages\mysql\connector\abstracts.py", line 716, in connect
    self._open_connection()
    ~~~~~~~~~~~~~~~~~~~~~^^
  File "C:\Users\varsz\AppData\Local\Programs\Python\Python313\Lib\site-packages\mysql\connector\connection.py", line 206, in _open_connection
    self._socket.open_connection()
    ~~~~~~~~~~~~~~~~~~~~~~~~~~~~^^
  File "C:\Users\varsz\AppData\Local\Programs\Python\Python313\Lib\site-packages\mysql\connector\network.py", line 511, in open_connection
    raise errors.InterfaceError(
        errno=2003, values=(self.get_address(), _strioerror(err)))
mysql.connector.errors.InterfaceError: 2003: Can't connect to MySQL server on 'localhost:3306' (10061 No connection could be made because the target machine actively refused it)
2026-07-14 12:28:01,848 - ERROR - /recent error: 2003: Can't connect to MySQL server on 'localhost:3306' (10061 No connection could be made because the target machine actively refused it)
Traceback (most recent call last):
  File "C:\Users\varsz\AppData\Local\Programs\Python\Python313\Lib\site-packages\mysql\connector\network.py", line 509, in open_connection
    self.sock.connect(sockaddr)
    ~~~~~~~~~~~~~~~~~^^^^^^^^^^
ConnectionRefusedError: [WinError 10061] No connection could be made because the target machine actively refused it

During handling of the above exception, another exception occurred:

Traceback (most recent call last):
  File "C:\laragon\www\Drone-Dashboard-Website\serverWithForwardV2.py", line 245, in recent_route
    conn = connect_database()
  File "C:\laragon\www\Drone-Dashboard-Website\serverWithForwardV2.py", line 101, in connect_database
    return mysql.connector.connect(
           ~~~~~~~~~~~~~~~~~~~~~~~^
        host=DB_CONFIG["host"],
        ^^^^^^^^^^^^^^^^^^^^^^^
    ...<2 lines>...
        database=DB_CONFIG["database"],
        ^^^^^^^^^^^^^^^^^^^^^^^^^^^^^^^
    )
    ^
  File "C:\Users\varsz\AppData\Local\Programs\Python\Python313\Lib\site-packages\mysql\connector\__init__.py", line 179, in connect
    return MySQLConnection(*args, **kwargs)
  File "C:\Users\varsz\AppData\Local\Programs\Python\Python313\Lib\site-packages\mysql\connector\connection.py", line 95, in __init__
    self.connect(**kwargs)
    ~~~~~~~~~~~~^^^^^^^^^^
  File "C:\Users\varsz\AppData\Local\Programs\Python\Python313\Lib\site-packages\mysql\connector\abstracts.py", line 716, in connect
    self._open_connection()
    ~~~~~~~~~~~~~~~~~~~~~^^
  File "C:\Users\varsz\AppData\Local\Programs\Python\Python313\Lib\site-packages\mysql\connector\connection.py", line 206, in _open_connection
    self._socket.open_connection()
    ~~~~~~~~~~~~~~~~~~~~~~~~~~~~^^
  File "C:\Users\varsz\AppData\Local\Programs\Python\Python313\Lib\site-packages\mysql\connector\network.py", line 511, in open_connection
    raise errors.InterfaceError(
        errno=2003, values=(self.get_address(), _strioerror(err)))
mysql.connector.errors.InterfaceError: 2003: Can't connect to MySQL server on 'localhost:3306' (10061 No connection could be made because the target machine actively refused it)
2026-07-14 12:28:04,848 - ERROR - /recent error: 2003: Can't connect to MySQL server on 'localhost:3306' (10061 No connection could be made because the target machine actively refused it)
Traceback (most recent call last):
  File "C:\Users\varsz\AppData\Local\Programs\Python\Python313\Lib\site-packages\mysql\connector\network.py", line 509, in open_connection
    self.sock.connect(sockaddr)
    ~~~~~~~~~~~~~~~~~^^^^^^^^^^
ConnectionRefusedError: [WinError 10061] No connection could be made because the target machine actively refused it

During handling of the above exception, another exception occurred:

Traceback (most recent call last):
  File "C:\laragon\www\Drone-Dashboard-Website\serverWithForwardV2.py", line 245, in recent_route
    conn = connect_database()
  File "C:\laragon\www\Drone-Dashboard-Website\serverWithForwardV2.py", line 101, in connect_database
    return mysql.connector.connect(
           ~~~~~~~~~~~~~~~~~~~~~~~^
        host=DB_CONFIG["host"],
        ^^^^^^^^^^^^^^^^^^^^^^^
    ...<2 lines>...
        database=DB_CONFIG["database"],
        ^^^^^^^^^^^^^^^^^^^^^^^^^^^^^^^
    )
    ^
  File "C:\Users\varsz\AppData\Local\Programs\Python\Python313\Lib\site-packages\mysql\connector\__init__.py", line 179, in connect
    return MySQLConnection(*args, **kwargs)
  File "C:\Users\varsz\AppData\Local\Programs\Python\Python313\Lib\site-packages\mysql\connector\connection.py", line 95, in __init__
    self.connect(**kwargs)
    ~~~~~~~~~~~~^^^^^^^^^^
  File "C:\Users\varsz\AppData\Local\Programs\Python\Python313\Lib\site-packages\mysql\connector\abstracts.py", line 716, in connect
    self._open_connection()
    ~~~~~~~~~~~~~~~~~~~~~^^
  File "C:\Users\varsz\AppData\Local\Programs\Python\Python313\Lib\site-packages\mysql\connector\connection.py", line 206, in _open_connection
    self._socket.open_connection()
    ~~~~~~~~~~~~~~~~~~~~~~~~~~~~^^
  File "C:\Users\varsz\AppData\Local\Programs\Python\Python313\Lib\site-packages\mysql\connector\network.py", line 511, in open_connection
    raise errors.InterfaceError(
        errno=2003, values=(self.get_address(), _strioerror(err)))
mysql.connector.errors.InterfaceError: 2003: Can't connect to MySQL server on 'localhost:3306' (10061 No connection could be made because the target machine actively refused it)
2026-07-14 12:28:07,856 - ERROR - /recent error: 2003: Can't connect to MySQL server on 'localhost:3306' (10061 No connection could be made because the target machine actively refused it)
Traceback (most recent call last):
  File "C:\Users\varsz\AppData\Local\Programs\Python\Python313\Lib\site-packages\mysql\connector\network.py", line 509, in open_connection
    self.sock.connect(sockaddr)
    ~~~~~~~~~~~~~~~~~^^^^^^^^^^
ConnectionRefusedError: [WinError 10061] No connection could be made because the target machine actively refused it

During handling of the above exception, another exception occurred:

Traceback (most recent call last):
  File "C:\laragon\www\Drone-Dashboard-Website\serverWithForwardV2.py", line 245, in recent_route
    conn = connect_database()
  File "C:\laragon\www\Drone-Dashboard-Website\serverWithForwardV2.py", line 101, in connect_database
    return mysql.connector.connect(
           ~~~~~~~~~~~~~~~~~~~~~~~^
        host=DB_CONFIG["host"],
        ^^^^^^^^^^^^^^^^^^^^^^^
    ...<2 lines>...
        database=DB_CONFIG["database"],
        ^^^^^^^^^^^^^^^^^^^^^^^^^^^^^^^
    )
    ^
  File "C:\Users\varsz\AppData\Local\Programs\Python\Python313\Lib\site-packages\mysql\connector\__init__.py", line 179, in connect
    return MySQLConnection(*args, **kwargs)
  File "C:\Users\varsz\AppData\Local\Programs\Python\Python313\Lib\site-packages\mysql\connector\connection.py", line 95, in __init__
    self.connect(**kwargs)
    ~~~~~~~~~~~~^^^^^^^^^^
  File "C:\Users\varsz\AppData\Local\Programs\Python\Python313\Lib\site-packages\mysql\connector\abstracts.py", line 716, in connect
    self._open_connection()
    ~~~~~~~~~~~~~~~~~~~~~^^
  File "C:\Users\varsz\AppData\Local\Programs\Python\Python313\Lib\site-packages\mysql\connector\connection.py", line 206, in _open_connection
    self._socket.open_connection()
    ~~~~~~~~~~~~~~~~~~~~~~~~~~~~^^
  File "C:\Users\varsz\AppData\Local\Programs\Python\Python313\Lib\site-packages\mysql\connector\network.py", line 511, in open_connection
    raise errors.InterfaceError(
        errno=2003, values=(self.get_address(), _strioerror(err)))
mysql.connector.errors.InterfaceError: 2003: Can't connect to MySQL server on 'localhost:3306' (10061 No connection could be made because the target machine actively refused it)
2026-07-14 12:28:10,841 - ERROR - /recent error: 2003: Can't connect to MySQL server on 'localhost:3306' (10061 No connection could be made because the target machine actively refused it)
Traceback (most recent call last):
  File "C:\Users\varsz\AppData\Local\Programs\Python\Python313\Lib\site-packages\mysql\connector\network.py", line 509, in open_connection
    self.sock.connect(sockaddr)
    ~~~~~~~~~~~~~~~~~^^^^^^^^^^
ConnectionRefusedError: [WinError 10061] No connection could be made because the target machine actively refused it

During handling of the above exception, another exception occurred:

Traceback (most recent call last):
  File "C:\laragon\www\Drone-Dashboard-Website\serverWithForwardV2.py", line 245, in recent_route
    conn = connect_database()
  File "C:\laragon\www\Drone-Dashboard-Website\serverWithForwardV2.py", line 101, in connect_database
    return mysql.connector.connect(
           ~~~~~~~~~~~~~~~~~~~~~~~^
        host=DB_CONFIG["host"],
        ^^^^^^^^^^^^^^^^^^^^^^^
    ...<2 lines>...
        database=DB_CONFIG["database"],
        ^^^^^^^^^^^^^^^^^^^^^^^^^^^^^^^
    )
    ^
  File "C:\Users\varsz\AppData\Local\Programs\Python\Python313\Lib\site-packages\mysql\connector\__init__.py", line 179, in connect
    return MySQLConnection(*args, **kwargs)
  File "C:\Users\varsz\AppData\Local\Programs\Python\Python313\Lib\site-packages\mysql\connector\connection.py", line 95, in __init__
    self.connect(**kwargs)
    ~~~~~~~~~~~~^^^^^^^^^^
  File "C:\Users\varsz\AppData\Local\Programs\Python\Python313\Lib\site-packages\mysql\connector\abstracts.py", line 716, in connect
    self._open_connection()
    ~~~~~~~~~~~~~~~~~~~~~^^
  File "C:\Users\varsz\AppData\Local\Programs\Python\Python313\Lib\site-packages\mysql\connector\connection.py", line 206, in _open_connection
    self._socket.open_connection()
    ~~~~~~~~~~~~~~~~~~~~~~~~~~~~^^
  File "C:\Users\varsz\AppData\Local\Programs\Python\Python313\Lib\site-packages\mysql\connector\network.py", line 511, in open_connection
    raise errors.InterfaceError(
        errno=2003, values=(self.get_address(), _strioerror(err)))
mysql.connector.errors.InterfaceError: 2003: Can't connect to MySQL server on 'localhost:3306' (10061 No connection could be made because the target machine actively refused it)
2026-07-14 12:28:13,858 - ERROR - /recent error: 2003: Can't connect to MySQL server on 'localhost:3306' (10061 No connection could be made because the target machine actively refused it)
Traceback (most recent call last):
  File "C:\Users\varsz\AppData\Local\Programs\Python\Python313\Lib\site-packages\mysql\connector\network.py", line 509, in open_connection
    self.sock.connect(sockaddr)
    ~~~~~~~~~~~~~~~~~^^^^^^^^^^
ConnectionRefusedError: [WinError 10061] No connection could be made because the target machine actively refused it

During handling of the above exception, another exception occurred:

Traceback (most recent call last):
  File "C:\laragon\www\Drone-Dashboard-Website\serverWithForwardV2.py", line 245, in recent_route
    conn = connect_database()
  File "C:\laragon\www\Drone-Dashboard-Website\serverWithForwardV2.py", line 101, in connect_database
    return mysql.connector.connect(
           ~~~~~~~~~~~~~~~~~~~~~~~^
        host=DB_CONFIG["host"],
        ^^^^^^^^^^^^^^^^^^^^^^^
    ...<2 lines>...
        database=DB_CONFIG["database"],
        ^^^^^^^^^^^^^^^^^^^^^^^^^^^^^^^
    )
    ^
  File "C:\Users\varsz\AppData\Local\Programs\Python\Python313\Lib\site-packages\mysql\connector\__init__.py", line 179, in connect
    return MySQLConnection(*args, **kwargs)
  File "C:\Users\varsz\AppData\Local\Programs\Python\Python313\Lib\site-packages\mysql\connector\connection.py", line 95, in __init__
    self.connect(**kwargs)
    ~~~~~~~~~~~~^^^^^^^^^^
  File "C:\Users\varsz\AppData\Local\Programs\Python\Python313\Lib\site-packages\mysql\connector\abstracts.py", line 716, in connect
    self._open_connection()
    ~~~~~~~~~~~~~~~~~~~~~^^
  File "C:\Users\varsz\AppData\Local\Programs\Python\Python313\Lib\site-packages\mysql\connector\connection.py", line 206, in _open_connection
    self._socket.open_connection()
    ~~~~~~~~~~~~~~~~~~~~~~~~~~~~^^
  File "C:\Users\varsz\AppData\Local\Programs\Python\Python313\Lib\site-packages\mysql\connector\network.py", line 511, in open_connection
    raise errors.InterfaceError(
        errno=2003, values=(self.get_address(), _strioerror(err)))
mysql.connector.errors.InterfaceError: 2003: Can't connect to MySQL server on 'localhost:3306' (10061 No connection could be made because the target machine actively refused it)
2026-07-14 12:28:16,857 - ERROR - /recent error: 2003: Can't connect to MySQL server on 'localhost:3306' (10061 No connection could be made because the target machine actively refused it)
Traceback (most recent call last):
  File "C:\Users\varsz\AppData\Local\Programs\Python\Python313\Lib\site-packages\mysql\connector\network.py", line 509, in open_connection
    self.sock.connect(sockaddr)
    ~~~~~~~~~~~~~~~~~^^^^^^^^^^
ConnectionRefusedError: [WinError 10061] No connection could be made because the target machine actively refused it

During handling of the above exception, another exception occurred:

Traceback (most recent call last):
  File "C:\laragon\www\Drone-Dashboard-Website\serverWithForwardV2.py", line 245, in recent_route
    conn = connect_database()
  File "C:\laragon\www\Drone-Dashboard-Website\serverWithForwardV2.py", line 101, in connect_database
    return mysql.connector.connect(
           ~~~~~~~~~~~~~~~~~~~~~~~^
        host=DB_CONFIG["host"],
        ^^^^^^^^^^^^^^^^^^^^^^^
    ...<2 lines>...
        database=DB_CONFIG["database"],
        ^^^^^^^^^^^^^^^^^^^^^^^^^^^^^^^
    )
    ^
  File "C:\Users\varsz\AppData\Local\Programs\Python\Python313\Lib\site-packages\mysql\connector\__init__.py", line 179, in connect
    return MySQLConnection(*args, **kwargs)
  File "C:\Users\varsz\AppData\Local\Programs\Python\Python313\Lib\site-packages\mysql\connector\connection.py", line 95, in __init__
    self.connect(**kwargs)
    ~~~~~~~~~~~~^^^^^^^^^^
  File "C:\Users\varsz\AppData\Local\Programs\Python\Python313\Lib\site-packages\mysql\connector\abstracts.py", line 716, in connect
    self._open_connection()
    ~~~~~~~~~~~~~~~~~~~~~^^
  File "C:\Users\varsz\AppData\Local\Programs\Python\Python313\Lib\site-packages\mysql\connector\connection.py", line 206, in _open_connection
    self._socket.open_connection()
    ~~~~~~~~~~~~~~~~~~~~~~~~~~~~^^
  File "C:\Users\varsz\AppData\Local\Programs\Python\Python313\Lib\site-packages\mysql\connector\network.py", line 511, in open_connection
    raise errors.InterfaceError(
        errno=2003, values=(self.get_address(), _strioerror(err)))
mysql.connector.errors.InterfaceError: 2003: Can't connect to MySQL server on 'localhost:3306' (10061 No connection could be made because the target machine actively refused it)
2026-07-14 12:28:19,861 - ERROR - /recent error: 2003: Can't connect to MySQL server on 'localhost:3306' (10061 No connection could be made because the target machine actively refused it)
Traceback (most recent call last):
  File "C:\Users\varsz\AppData\Local\Programs\Python\Python313\Lib\site-packages\mysql\connector\network.py", line 509, in open_connection
    self.sock.connect(sockaddr)
    ~~~~~~~~~~~~~~~~~^^^^^^^^^^
ConnectionRefusedError: [WinError 10061] No connection could be made because the target machine actively refused it

During handling of the above exception, another exception occurred:

Traceback (most recent call last):
  File "C:\laragon\www\Drone-Dashboard-Website\serverWithForwardV2.py", line 245, in recent_route
    conn = connect_database()
  File "C:\laragon\www\Drone-Dashboard-Website\serverWithForwardV2.py", line 101, in connect_database
    return mysql.connector.connect(
           ~~~~~~~~~~~~~~~~~~~~~~~^
        host=DB_CONFIG["host"],
        ^^^^^^^^^^^^^^^^^^^^^^^
    ...<2 lines>...
        database=DB_CONFIG["database"],
        ^^^^^^^^^^^^^^^^^^^^^^^^^^^^^^^
    )
    ^
  File "C:\Users\varsz\AppData\Local\Programs\Python\Python313\Lib\site-packages\mysql\connector\__init__.py", line 179, in connect
    return MySQLConnection(*args, **kwargs)
  File "C:\Users\varsz\AppData\Local\Programs\Python\Python313\Lib\site-packages\mysql\connector\connection.py", line 95, in __init__
    self.connect(**kwargs)
    ~~~~~~~~~~~~^^^^^^^^^^
  File "C:\Users\varsz\AppData\Local\Programs\Python\Python313\Lib\site-packages\mysql\connector\abstracts.py", line 716, in connect
    self._open_connection()
    ~~~~~~~~~~~~~~~~~~~~~^^
  File "C:\Users\varsz\AppData\Local\Programs\Python\Python313\Lib\site-packages\mysql\connector\connection.py", line 206, in _open_connection
    self._socket.open_connection()
    ~~~~~~~~~~~~~~~~~~~~~~~~~~~~^^
  File "C:\Users\varsz\AppData\Local\Programs\Python\Python313\Lib\site-packages\mysql\connector\network.py", line 511, in open_connection
    raise errors.InterfaceError(
        errno=2003, values=(self.get_address(), _strioerror(err)))
mysql.connector.errors.InterfaceError: 2003: Can't connect to MySQL server on 'localhost:3306' (10061 No connection could be made because the target machine actively refused it)
2026-07-14 12:28:22,865 - ERROR - /recent error: 2003: Can't connect to MySQL server on 'localhost:3306' (10061 No connection could be made because the target machine actively refused it)
Traceback (most recent call last):
  File "C:\Users\varsz\AppData\Local\Programs\Python\Python313\Lib\site-packages\mysql\connector\network.py", line 509, in open_connection
    self.sock.connect(sockaddr)
    ~~~~~~~~~~~~~~~~~^^^^^^^^^^
ConnectionRefusedError: [WinError 10061] No connection could be made because the target machine actively refused it

During handling of the above exception, another exception occurred:

Traceback (most recent call last):
  File "C:\laragon\www\Drone-Dashboard-Website\serverWithForwardV2.py", line 245, in recent_route
    conn = connect_database()
  File "C:\laragon\www\Drone-Dashboard-Website\serverWithForwardV2.py", line 101, in connect_database
    return mysql.connector.connect(
           ~~~~~~~~~~~~~~~~~~~~~~~^
        host=DB_CONFIG["host"],
        ^^^^^^^^^^^^^^^^^^^^^^^
    ...<2 lines>...
        database=DB_CONFIG["database"],
        ^^^^^^^^^^^^^^^^^^^^^^^^^^^^^^^
    )
    ^
  File "C:\Users\varsz\AppData\Local\Programs\Python\Python313\Lib\site-packages\mysql\connector\__init__.py", line 179, in connect
    return MySQLConnection(*args, **kwargs)
  File "C:\Users\varsz\AppData\Local\Programs\Python\Python313\Lib\site-packages\mysql\connector\connection.py", line 95, in __init__
    self.connect(**kwargs)
    ~~~~~~~~~~~~^^^^^^^^^^
  File "C:\Users\varsz\AppData\Local\Programs\Python\Python313\Lib\site-packages\mysql\connector\abstracts.py", line 716, in connect
    self._open_connection()
    ~~~~~~~~~~~~~~~~~~~~~^^
  File "C:\Users\varsz\AppData\Local\Programs\Python\Python313\Lib\site-packages\mysql\connector\connection.py", line 206, in _open_connection
    self._socket.open_connection()
    ~~~~~~~~~~~~~~~~~~~~~~~~~~~~^^
  File "C:\Users\varsz\AppData\Local\Programs\Python\Python313\Lib\site-packages\mysql\connector\network.py", line 511, in open_connection
    raise errors.InterfaceError(
        errno=2003, values=(self.get_address(), _strioerror(err)))
mysql.connector.errors.InterfaceError: 2003: Can't connect to MySQL server on 'localhost:3306' (10061 No connection could be made because the target machine actively refused it)
2026-07-14 12:28:25,864 - ERROR - /recent error: 2003: Can't connect to MySQL server on 'localhost:3306' (10061 No connection could be made because the target machine actively refused it)
Traceback (most recent call last):
  File "C:\Users\varsz\AppData\Local\Programs\Python\Python313\Lib\site-packages\mysql\connector\network.py", line 509, in open_connection
    self.sock.connect(sockaddr)
    ~~~~~~~~~~~~~~~~~^^^^^^^^^^
ConnectionRefusedError: [WinError 10061] No connection could be made because the target machine actively refused it

During handling of the above exception, another exception occurred:

Traceback (most recent call last):
  File "C:\laragon\www\Drone-Dashboard-Website\serverWithForwardV2.py", line 245, in recent_route
    conn = connect_database()
  File "C:\laragon\www\Drone-Dashboard-Website\serverWithForwardV2.py", line 101, in connect_database
    return mysql.connector.connect(
           ~~~~~~~~~~~~~~~~~~~~~~~^
        host=DB_CONFIG["host"],
        ^^^^^^^^^^^^^^^^^^^^^^^
    ...<2 lines>...
        database=DB_CONFIG["database"],
        ^^^^^^^^^^^^^^^^^^^^^^^^^^^^^^^
    )
    ^
  File "C:\Users\varsz\AppData\Local\Programs\Python\Python313\Lib\site-packages\mysql\connector\__init__.py", line 179, in connect
    return MySQLConnection(*args, **kwargs)
  File "C:\Users\varsz\AppData\Local\Programs\Python\Python313\Lib\site-packages\mysql\connector\connection.py", line 95, in __init__
    self.connect(**kwargs)
    ~~~~~~~~~~~~^^^^^^^^^^
  File "C:\Users\varsz\AppData\Local\Programs\Python\Python313\Lib\site-packages\mysql\connector\abstracts.py", line 716, in connect
    self._open_connection()
    ~~~~~~~~~~~~~~~~~~~~~^^
  File "C:\Users\varsz\AppData\Local\Programs\Python\Python313\Lib\site-packages\mysql\connector\connection.py", line 206, in _open_connection
    self._socket.open_connection()
    ~~~~~~~~~~~~~~~~~~~~~~~~~~~~^^
  File "C:\Users\varsz\AppData\Local\Programs\Python\Python313\Lib\site-packages\mysql\connector\network.py", line 511, in open_connection
    raise errors.InterfaceError(
        errno=2003, values=(self.get_address(), _strioerror(err)))
mysql.connector.errors.InterfaceError: 2003: Can't connect to MySQL server on 'localhost:3306' (10061 No connection could be made because the target machine actively refused it)
2026-07-14 12:28:28,870 - ERROR - /recent error: 2003: Can't connect to MySQL server on 'localhost:3306' (10061 No connection could be made because the target machine actively refused it)
Traceback (most recent call last):
  File "C:\Users\varsz\AppData\Local\Programs\Python\Python313\Lib\site-packages\mysql\connector\network.py", line 509, in open_connection
    self.sock.connect(sockaddr)
    ~~~~~~~~~~~~~~~~~^^^^^^^^^^
ConnectionRefusedError: [WinError 10061] No connection could be made because the target machine actively refused it

During handling of the above exception, another exception occurred:

Traceback (most recent call last):
  File "C:\laragon\www\Drone-Dashboard-Website\serverWithForwardV2.py", line 245, in recent_route
    conn = connect_database()
  File "C:\laragon\www\Drone-Dashboard-Website\serverWithForwardV2.py", line 101, in connect_database
    return mysql.connector.connect(
           ~~~~~~~~~~~~~~~~~~~~~~~^
        host=DB_CONFIG["host"],
        ^^^^^^^^^^^^^^^^^^^^^^^
    ...<2 lines>...
        database=DB_CONFIG["database"],
        ^^^^^^^^^^^^^^^^^^^^^^^^^^^^^^^
    )
    ^
  File "C:\Users\varsz\AppData\Local\Programs\Python\Python313\Lib\site-packages\mysql\connector\__init__.py", line 179, in connect
    return MySQLConnection(*args, **kwargs)
  File "C:\Users\varsz\AppData\Local\Programs\Python\Python313\Lib\site-packages\mysql\connector\connection.py", line 95, in __init__
    self.connect(**kwargs)
    ~~~~~~~~~~~~^^^^^^^^^^
  File "C:\Users\varsz\AppData\Local\Programs\Python\Python313\Lib\site-packages\mysql\connector\abstracts.py", line 716, in connect
    self._open_connection()
    ~~~~~~~~~~~~~~~~~~~~~^^
  File "C:\Users\varsz\AppData\Local\Programs\Python\Python313\Lib\site-packages\mysql\connector\connection.py", line 206, in _open_connection
    self._socket.open_connection()
    ~~~~~~~~~~~~~~~~~~~~~~~~~~~~^^
  File "C:\Users\varsz\AppData\Local\Programs\Python\Python313\Lib\site-packages\mysql\connector\network.py", line 511, in open_connection
    raise errors.InterfaceError(
        errno=2003, values=(self.get_address(), _strioerror(err)))
mysql.connector.errors.InterfaceError: 2003: Can't connect to MySQL server on 'localhost:3306' (10061 No connection could be made because the target machine actively refused it)
2026-07-14 12:28:31,873 - ERROR - /recent error: 2003: Can't connect to MySQL server on 'localhost:3306' (10061 No connection could be made because the target machine actively refused it)
Traceback (most recent call last):
  File "C:\Users\varsz\AppData\Local\Programs\Python\Python313\Lib\site-packages\mysql\connector\network.py", line 509, in open_connection
    self.sock.connect(sockaddr)
    ~~~~~~~~~~~~~~~~~^^^^^^^^^^
ConnectionRefusedError: [WinError 10061] No connection could be made because the target machine actively refused it

During handling of the above exception, another exception occurred:

Traceback (most recent call last):
  File "C:\laragon\www\Drone-Dashboard-Website\serverWithForwardV2.py", line 245, in recent_route
    conn = connect_database()
  File "C:\laragon\www\Drone-Dashboard-Website\serverWithForwardV2.py", line 101, in connect_database
    return mysql.connector.connect(
           ~~~~~~~~~~~~~~~~~~~~~~~^
        host=DB_CONFIG["host"],
        ^^^^^^^^^^^^^^^^^^^^^^^
    ...<2 lines>...
        database=DB_CONFIG["database"],
        ^^^^^^^^^^^^^^^^^^^^^^^^^^^^^^^
    )
    ^
  File "C:\Users\varsz\AppData\Local\Programs\Python\Python313\Lib\site-packages\mysql\connector\__init__.py", line 179, in connect
    return MySQLConnection(*args, **kwargs)
  File "C:\Users\varsz\AppData\Local\Programs\Python\Python313\Lib\site-packages\mysql\connector\connection.py", line 95, in __init__
    self.connect(**kwargs)
    ~~~~~~~~~~~~^^^^^^^^^^
  File "C:\Users\varsz\AppData\Local\Programs\Python\Python313\Lib\site-packages\mysql\connector\abstracts.py", line 716, in connect
    self._open_connection()
    ~~~~~~~~~~~~~~~~~~~~~^^
  File "C:\Users\varsz\AppData\Local\Programs\Python\Python313\Lib\site-packages\mysql\connector\connection.py", line 206, in _open_connection
    self._socket.open_connection()
    ~~~~~~~~~~~~~~~~~~~~~~~~~~~~^^
  File "C:\Users\varsz\AppData\Local\Programs\Python\Python313\Lib\site-packages\mysql\connector\network.py", line 511, in open_connection
    raise errors.InterfaceError(
        errno=2003, values=(self.get_address(), _strioerror(err)))
mysql.connector.errors.InterfaceError: 2003: Can't connect to MySQL server on 'localhost:3306' (10061 No connection could be made because the target machine actively refused it)
2026-07-14 12:28:34,877 - ERROR - /recent error: 2003: Can't connect to MySQL server on 'localhost:3306' (10061 No connection could be made because the target machine actively refused it)
Traceback (most recent call last):
  File "C:\Users\varsz\AppData\Local\Programs\Python\Python313\Lib\site-packages\mysql\connector\network.py", line 509, in open_connection
    self.sock.connect(sockaddr)
    ~~~~~~~~~~~~~~~~~^^^^^^^^^^
ConnectionRefusedError: [WinError 10061] No connection could be made because the target machine actively refused it

During handling of the above exception, another exception occurred:

Traceback (most recent call last):
  File "C:\laragon\www\Drone-Dashboard-Website\serverWithForwardV2.py", line 245, in recent_route
    conn = connect_database()
  File "C:\laragon\www\Drone-Dashboard-Website\serverWithForwardV2.py", line 101, in connect_database
    return mysql.connector.connect(
           ~~~~~~~~~~~~~~~~~~~~~~~^
        host=DB_CONFIG["host"],
        ^^^^^^^^^^^^^^^^^^^^^^^
    ...<2 lines>...
        database=DB_CONFIG["database"],
        ^^^^^^^^^^^^^^^^^^^^^^^^^^^^^^^
    )
    ^
  File "C:\Users\varsz\AppData\Local\Programs\Python\Python313\Lib\site-packages\mysql\connector\__init__.py", line 179, in connect
    return MySQLConnection(*args, **kwargs)
  File "C:\Users\varsz\AppData\Local\Programs\Python\Python313\Lib\site-packages\mysql\connector\connection.py", line 95, in __init__
    self.connect(**kwargs)
    ~~~~~~~~~~~~^^^^^^^^^^
  File "C:\Users\varsz\AppData\Local\Programs\Python\Python313\Lib\site-packages\mysql\connector\abstracts.py", line 716, in connect
    self._open_connection()
    ~~~~~~~~~~~~~~~~~~~~~^^
  File "C:\Users\varsz\AppData\Local\Programs\Python\Python313\Lib\site-packages\mysql\connector\connection.py", line 206, in _open_connection
    self._socket.open_connection()
    ~~~~~~~~~~~~~~~~~~~~~~~~~~~~^^
  File "C:\Users\varsz\AppData\Local\Programs\Python\Python313\Lib\site-packages\mysql\connector\network.py", line 511, in open_connection
    raise errors.InterfaceError(
        errno=2003, values=(self.get_address(), _strioerror(err)))
mysql.connector.errors.InterfaceError: 2003: Can't connect to MySQL server on 'localhost:3306' (10061 No connection could be made because the target machine actively refused it)
2026-07-14 12:28:37,873 - ERROR - /recent error: 2003: Can't connect to MySQL server on 'localhost:3306' (10061 No connection could be made because the target machine actively refused it)
Traceback (most recent call last):
  File "C:\Users\varsz\AppData\Local\Programs\Python\Python313\Lib\site-packages\mysql\connector\network.py", line 509, in open_connection
    self.sock.connect(sockaddr)
    ~~~~~~~~~~~~~~~~~^^^^^^^^^^
ConnectionRefusedError: [WinError 10061] No connection could be made because the target machine actively refused it

During handling of the above exception, another exception occurred:

Traceback (most recent call last):
  File "C:\laragon\www\Drone-Dashboard-Website\serverWithForwardV2.py", line 245, in recent_route
    conn = connect_database()
  File "C:\laragon\www\Drone-Dashboard-Website\serverWithForwardV2.py", line 101, in connect_database
    return mysql.connector.connect(
           ~~~~~~~~~~~~~~~~~~~~~~~^
        host=DB_CONFIG["host"],
        ^^^^^^^^^^^^^^^^^^^^^^^
    ...<2 lines>...
        database=DB_CONFIG["database"],
        ^^^^^^^^^^^^^^^^^^^^^^^^^^^^^^^
    )
    ^
  File "C:\Users\varsz\AppData\Local\Programs\Python\Python313\Lib\site-packages\mysql\connector\__init__.py", line 179, in connect
    return MySQLConnection(*args, **kwargs)
  File "C:\Users\varsz\AppData\Local\Programs\Python\Python313\Lib\site-packages\mysql\connector\connection.py", line 95, in __init__
    self.connect(**kwargs)
    ~~~~~~~~~~~~^^^^^^^^^^
  File "C:\Users\varsz\AppData\Local\Programs\Python\Python313\Lib\site-packages\mysql\connector\abstracts.py", line 716, in connect
    self._open_connection()
    ~~~~~~~~~~~~~~~~~~~~~^^
  File "C:\Users\varsz\AppData\Local\Programs\Python\Python313\Lib\site-packages\mysql\connector\connection.py", line 206, in _open_connection
    self._socket.open_connection()
    ~~~~~~~~~~~~~~~~~~~~~~~~~~~~^^
  File "C:\Users\varsz\AppData\Local\Programs\Python\Python313\Lib\site-packages\mysql\connector\network.py", line 511, in open_connection
    raise errors.InterfaceError(
        errno=2003, values=(self.get_address(), _strioerror(err)))
mysql.connector.errors.InterfaceError: 2003: Can't connect to MySQL server on 'localhost:3306' (10061 No connection could be made because the target machine actively refused it)
2026-07-14 12:28:40,878 - ERROR - /recent error: 2003: Can't connect to MySQL server on 'localhost:3306' (10061 No connection could be made because the target machine actively refused it)
Traceback (most recent call last):
  File "C:\Users\varsz\AppData\Local\Programs\Python\Python313\Lib\site-packages\mysql\connector\network.py", line 509, in open_connection
    self.sock.connect(sockaddr)
    ~~~~~~~~~~~~~~~~~^^^^^^^^^^
ConnectionRefusedError: [WinError 10061] No connection could be made because the target machine actively refused it

During handling of the above exception, another exception occurred:

Traceback (most recent call last):
  File "C:\laragon\www\Drone-Dashboard-Website\serverWithForwardV2.py", line 245, in recent_route
    conn = connect_database()
  File "C:\laragon\www\Drone-Dashboard-Website\serverWithForwardV2.py", line 101, in connect_database
    return mysql.connector.connect(
           ~~~~~~~~~~~~~~~~~~~~~~~^
        host=DB_CONFIG["host"],
        ^^^^^^^^^^^^^^^^^^^^^^^
    ...<2 lines>...
        database=DB_CONFIG["database"],
        ^^^^^^^^^^^^^^^^^^^^^^^^^^^^^^^
    )
    ^
  File "C:\Users\varsz\AppData\Local\Programs\Python\Python313\Lib\site-packages\mysql\connector\__init__.py", line 179, in connect
    return MySQLConnection(*args, **kwargs)
  File "C:\Users\varsz\AppData\Local\Programs\Python\Python313\Lib\site-packages\mysql\connector\connection.py", line 95, in __init__
    self.connect(**kwargs)
    ~~~~~~~~~~~~^^^^^^^^^^
  File "C:\Users\varsz\AppData\Local\Programs\Python\Python313\Lib\site-packages\mysql\connector\abstracts.py", line 716, in connect
    self._open_connection()
    ~~~~~~~~~~~~~~~~~~~~~^^
  File "C:\Users\varsz\AppData\Local\Programs\Python\Python313\Lib\site-packages\mysql\connector\connection.py", line 206, in _open_connection
    self._socket.open_connection()
    ~~~~~~~~~~~~~~~~~~~~~~~~~~~~^^
  File "C:\Users\varsz\AppData\Local\Programs\Python\Python313\Lib\site-packages\mysql\connector\network.py", line 511, in open_connection
    raise errors.InterfaceError(
        errno=2003, values=(self.get_address(), _strioerror(err)))
mysql.connector.errors.InterfaceError: 2003: Can't connect to MySQL server on 'localhost:3306' (10061 No connection could be made because the target machine actively refused it)
2026-07-14 12:28:43,876 - ERROR - /recent error: 2003: Can't connect to MySQL server on 'localhost:3306' (10061 No connection could be made because the target machine actively refused it)
Traceback (most recent call last):
  File "C:\Users\varsz\AppData\Local\Programs\Python\Python313\Lib\site-packages\mysql\connector\network.py", line 509, in open_connection
    self.sock.connect(sockaddr)
    ~~~~~~~~~~~~~~~~~^^^^^^^^^^
ConnectionRefusedError: [WinError 10061] No connection could be made because the target machine actively refused it

During handling of the above exception, another exception occurred:

Traceback (most recent call last):
  File "C:\laragon\www\Drone-Dashboard-Website\serverWithForwardV2.py", line 245, in recent_route
    conn = connect_database()
  File "C:\laragon\www\Drone-Dashboard-Website\serverWithForwardV2.py", line 101, in connect_database
    return mysql.connector.connect(
           ~~~~~~~~~~~~~~~~~~~~~~~^
        host=DB_CONFIG["host"],
        ^^^^^^^^^^^^^^^^^^^^^^^
    ...<2 lines>...
        database=DB_CONFIG["database"],
        ^^^^^^^^^^^^^^^^^^^^^^^^^^^^^^^
    )
    ^
  File "C:\Users\varsz\AppData\Local\Programs\Python\Python313\Lib\site-packages\mysql\connector\__init__.py", line 179, in connect
    return MySQLConnection(*args, **kwargs)
  File "C:\Users\varsz\AppData\Local\Programs\Python\Python313\Lib\site-packages\mysql\connector\connection.py", line 95, in __init__
    self.connect(**kwargs)
    ~~~~~~~~~~~~^^^^^^^^^^
  File "C:\Users\varsz\AppData\Local\Programs\Python\Python313\Lib\site-packages\mysql\connector\abstracts.py", line 716, in connect
    self._open_connection()
    ~~~~~~~~~~~~~~~~~~~~~^^
  File "C:\Users\varsz\AppData\Local\Programs\Python\Python313\Lib\site-packages\mysql\connector\connection.py", line 206, in _open_connection
    self._socket.open_connection()
    ~~~~~~~~~~~~~~~~~~~~~~~~~~~~^^
  File "C:\Users\varsz\AppData\Local\Programs\Python\Python313\Lib\site-packages\mysql\connector\network.py", line 511, in open_connection
    raise errors.InterfaceError(
        errno=2003, values=(self.get_address(), _strioerror(err)))
mysql.connector.errors.InterfaceError: 2003: Can't connect to MySQL server on 'localhost:3306' (10061 No connection could be made because the target machine actively refused it)
2026-07-14 12:28:46,866 - ERROR - /recent error: 2003: Can't connect to MySQL server on 'localhost:3306' (10061 No connection could be made because the target machine actively refused it)
Traceback (most recent call last):
  File "C:\Users\varsz\AppData\Local\Programs\Python\Python313\Lib\site-packages\mysql\connector\network.py", line 509, in open_connection
    self.sock.connect(sockaddr)
    ~~~~~~~~~~~~~~~~~^^^^^^^^^^
ConnectionRefusedError: [WinError 10061] No connection could be made because the target machine actively refused it

During handling of the above exception, another exception occurred:

Traceback (most recent call last):
  File "C:\laragon\www\Drone-Dashboard-Website\serverWithForwardV2.py", line 245, in recent_route
    conn = connect_database()
  File "C:\laragon\www\Drone-Dashboard-Website\serverWithForwardV2.py", line 101, in connect_database
    return mysql.connector.connect(
           ~~~~~~~~~~~~~~~~~~~~~~~^
        host=DB_CONFIG["host"],
        ^^^^^^^^^^^^^^^^^^^^^^^
    ...<2 lines>...
        database=DB_CONFIG["database"],
        ^^^^^^^^^^^^^^^^^^^^^^^^^^^^^^^
    )
    ^
  File "C:\Users\varsz\AppData\Local\Programs\Python\Python313\Lib\site-packages\mysql\connector\__init__.py", line 179, in connect
    return MySQLConnection(*args, **kwargs)
  File "C:\Users\varsz\AppData\Local\Programs\Python\Python313\Lib\site-packages\mysql\connector\connection.py", line 95, in __init__
    self.connect(**kwargs)
    ~~~~~~~~~~~~^^^^^^^^^^
  File "C:\Users\varsz\AppData\Local\Programs\Python\Python313\Lib\site-packages\mysql\connector\abstracts.py", line 716, in connect
    self._open_connection()
    ~~~~~~~~~~~~~~~~~~~~~^^
  File "C:\Users\varsz\AppData\Local\Programs\Python\Python313\Lib\site-packages\mysql\connector\connection.py", line 206, in _open_connection
    self._socket.open_connection()
    ~~~~~~~~~~~~~~~~~~~~~~~~~~~~^^
  File "C:\Users\varsz\AppData\Local\Programs\Python\Python313\Lib\site-packages\mysql\connector\network.py", line 511, in open_connection
    raise errors.InterfaceError(
        errno=2003, values=(self.get_address(), _strioerror(err)))
mysql.connector.errors.InterfaceError: 2003: Can't connect to MySQL server on 'localhost:3306' (10061 No connection could be made because the target machine actively refused it)
2026-07-14 12:28:49,877 - ERROR - /recent error: 2003: Can't connect to MySQL server on 'localhost:3306' (10061 No connection could be made because the target machine actively refused it)
Traceback (most recent call last):
  File "C:\Users\varsz\AppData\Local\Programs\Python\Python313\Lib\site-packages\mysql\connector\network.py", line 509, in open_connection
    self.sock.connect(sockaddr)
    ~~~~~~~~~~~~~~~~~^^^^^^^^^^
ConnectionRefusedError: [WinError 10061] No connection could be made because the target machine actively refused it

During handling of the above exception, another exception occurred:

Traceback (most recent call last):
  File "C:\laragon\www\Drone-Dashboard-Website\serverWithForwardV2.py", line 245, in recent_route
    conn = connect_database()
  File "C:\laragon\www\Drone-Dashboard-Website\serverWithForwardV2.py", line 101, in connect_database
    return mysql.connector.connect(
           ~~~~~~~~~~~~~~~~~~~~~~~^
        host=DB_CONFIG["host"],
        ^^^^^^^^^^^^^^^^^^^^^^^
    ...<2 lines>...
        database=DB_CONFIG["database"],
        ^^^^^^^^^^^^^^^^^^^^^^^^^^^^^^^
    )
    ^
  File "C:\Users\varsz\AppData\Local\Programs\Python\Python313\Lib\site-packages\mysql\connector\__init__.py", line 179, in connect
    return MySQLConnection(*args, **kwargs)
  File "C:\Users\varsz\AppData\Local\Programs\Python\Python313\Lib\site-packages\mysql\connector\connection.py", line 95, in __init__
    self.connect(**kwargs)
    ~~~~~~~~~~~~^^^^^^^^^^
  File "C:\Users\varsz\AppData\Local\Programs\Python\Python313\Lib\site-packages\mysql\connector\abstracts.py", line 716, in connect
    self._open_connection()
    ~~~~~~~~~~~~~~~~~~~~~^^
  File "C:\Users\varsz\AppData\Local\Programs\Python\Python313\Lib\site-packages\mysql\connector\connection.py", line 206, in _open_connection
    self._socket.open_connection()
    ~~~~~~~~~~~~~~~~~~~~~~~~~~~~^^
  File "C:\Users\varsz\AppData\Local\Programs\Python\Python313\Lib\site-packages\mysql\connector\network.py", line 511, in open_connection
    raise errors.InterfaceError(
        errno=2003, values=(self.get_address(), _strioerror(err)))
mysql.connector.errors.InterfaceError: 2003: Can't connect to MySQL server on 'localhost:3306' (10061 No connection could be made because the target machine actively refused it)
2026-07-14 12:28:52,874 - ERROR - /recent error: 2003: Can't connect to MySQL server on 'localhost:3306' (10061 No connection could be made because the target machine actively refused it)
Traceback (most recent call last):
  File "C:\Users\varsz\AppData\Local\Programs\Python\Python313\Lib\site-packages\mysql\connector\network.py", line 509, in open_connection
    self.sock.connect(sockaddr)
    ~~~~~~~~~~~~~~~~~^^^^^^^^^^
ConnectionRefusedError: [WinError 10061] No connection could be made because the target machine actively refused it

During handling of the above exception, another exception occurred:

Traceback (most recent call last):
  File "C:\laragon\www\Drone-Dashboard-Website\serverWithForwardV2.py", line 245, in recent_route
    conn = connect_database()
  File "C:\laragon\www\Drone-Dashboard-Website\serverWithForwardV2.py", line 101, in connect_database
    return mysql.connector.connect(
           ~~~~~~~~~~~~~~~~~~~~~~~^
        host=DB_CONFIG["host"],
        ^^^^^^^^^^^^^^^^^^^^^^^
    ...<2 lines>...
        database=DB_CONFIG["database"],
        ^^^^^^^^^^^^^^^^^^^^^^^^^^^^^^^
    )
    ^
  File "C:\Users\varsz\AppData\Local\Programs\Python\Python313\Lib\site-packages\mysql\connector\__init__.py", line 179, in connect
    return MySQLConnection(*args, **kwargs)
  File "C:\Users\varsz\AppData\Local\Programs\Python\Python313\Lib\site-packages\mysql\connector\connection.py", line 95, in __init__
    self.connect(**kwargs)
    ~~~~~~~~~~~~^^^^^^^^^^
  File "C:\Users\varsz\AppData\Local\Programs\Python\Python313\Lib\site-packages\mysql\connector\abstracts.py", line 716, in connect
    self._open_connection()
    ~~~~~~~~~~~~~~~~~~~~~^^
  File "C:\Users\varsz\AppData\Local\Programs\Python\Python313\Lib\site-packages\mysql\connector\connection.py", line 206, in _open_connection
    self._socket.open_connection()
    ~~~~~~~~~~~~~~~~~~~~~~~~~~~~^^
  File "C:\Users\varsz\AppData\Local\Programs\Python\Python313\Lib\site-packages\mysql\connector\network.py", line 511, in open_connection
    raise errors.InterfaceError(
        errno=2003, values=(self.get_address(), _strioerror(err)))
mysql.connector.errors.InterfaceError: 2003: Can't connect to MySQL server on 'localhost:3306' (10061 No connection could be made because the target machine actively refused it)
2026-07-14 12:28:55,872 - ERROR - /recent error: 2003: Can't connect to MySQL server on 'localhost:3306' (10061 No connection could be made because the target machine actively refused it)
Traceback (most recent call last):
  File "C:\Users\varsz\AppData\Local\Programs\Python\Python313\Lib\site-packages\mysql\connector\network.py", line 509, in open_connection
    self.sock.connect(sockaddr)
    ~~~~~~~~~~~~~~~~~^^^^^^^^^^
ConnectionRefusedError: [WinError 10061] No connection could be made because the target machine actively refused it

During handling of the above exception, another exception occurred:

Traceback (most recent call last):
  File "C:\laragon\www\Drone-Dashboard-Website\serverWithForwardV2.py", line 245, in recent_route
    conn = connect_database()
  File "C:\laragon\www\Drone-Dashboard-Website\serverWithForwardV2.py", line 101, in connect_database
    return mysql.connector.connect(
           ~~~~~~~~~~~~~~~~~~~~~~~^
        host=DB_CONFIG["host"],
        ^^^^^^^^^^^^^^^^^^^^^^^
    ...<2 lines>...
        database=DB_CONFIG["database"],
        ^^^^^^^^^^^^^^^^^^^^^^^^^^^^^^^
    )
    ^
  File "C:\Users\varsz\AppData\Local\Programs\Python\Python313\Lib\site-packages\mysql\connector\__init__.py", line 179, in connect
    return MySQLConnection(*args, **kwargs)
  File "C:\Users\varsz\AppData\Local\Programs\Python\Python313\Lib\site-packages\mysql\connector\connection.py", line 95, in __init__
    self.connect(**kwargs)
    ~~~~~~~~~~~~^^^^^^^^^^
  File "C:\Users\varsz\AppData\Local\Programs\Python\Python313\Lib\site-packages\mysql\connector\abstracts.py", line 716, in connect
    self._open_connection()
    ~~~~~~~~~~~~~~~~~~~~~^^
  File "C:\Users\varsz\AppData\Local\Programs\Python\Python313\Lib\site-packages\mysql\connector\connection.py", line 206, in _open_connection
    self._socket.open_connection()
    ~~~~~~~~~~~~~~~~~~~~~~~~~~~~^^
  File "C:\Users\varsz\AppData\Local\Programs\Python\Python313\Lib\site-packages\mysql\connector\network.py", line 511, in open_connection
    raise errors.InterfaceError(
        errno=2003, values=(self.get_address(), _strioerror(err)))
mysql.connector.errors.InterfaceError: 2003: Can't connect to MySQL server on 'localhost:3306' (10061 No connection could be made because the target machine actively refused it)
2026-07-14 12:28:58,855 - ERROR - /recent error: 2003: Can't connect to MySQL server on 'localhost:3306' (10061 No connection could be made because the target machine actively refused it)
Traceback (most recent call last):
  File "C:\Users\varsz\AppData\Local\Programs\Python\Python313\Lib\site-packages\mysql\connector\network.py", line 509, in open_connection
    self.sock.connect(sockaddr)
    ~~~~~~~~~~~~~~~~~^^^^^^^^^^
ConnectionRefusedError: [WinError 10061] No connection could be made because the target machine actively refused it

During handling of the above exception, another exception occurred:

Traceback (most recent call last):
  File "C:\laragon\www\Drone-Dashboard-Website\serverWithForwardV2.py", line 245, in recent_route
    conn = connect_database()
  File "C:\laragon\www\Drone-Dashboard-Website\serverWithForwardV2.py", line 101, in connect_database
    return mysql.connector.connect(
           ~~~~~~~~~~~~~~~~~~~~~~~^
        host=DB_CONFIG["host"],
        ^^^^^^^^^^^^^^^^^^^^^^^
    ...<2 lines>...
        database=DB_CONFIG["database"],
        ^^^^^^^^^^^^^^^^^^^^^^^^^^^^^^^
    )
    ^
  File "C:\Users\varsz\AppData\Local\Programs\Python\Python313\Lib\site-packages\mysql\connector\__init__.py", line 179, in connect
    return MySQLConnection(*args, **kwargs)
  File "C:\Users\varsz\AppData\Local\Programs\Python\Python313\Lib\site-packages\mysql\connector\connection.py", line 95, in __init__
    self.connect(**kwargs)
    ~~~~~~~~~~~~^^^^^^^^^^
  File "C:\Users\varsz\AppData\Local\Programs\Python\Python313\Lib\site-packages\mysql\connector\abstracts.py", line 716, in connect
    self._open_connection()
    ~~~~~~~~~~~~~~~~~~~~~^^
  File "C:\Users\varsz\AppData\Local\Programs\Python\Python313\Lib\site-packages\mysql\connector\connection.py", line 206, in _open_connection
    self._socket.open_connection()
    ~~~~~~~~~~~~~~~~~~~~~~~~~~~~^^
  File "C:\Users\varsz\AppData\Local\Programs\Python\Python313\Lib\site-packages\mysql\connector\network.py", line 511, in open_connection
    raise errors.InterfaceError(
        errno=2003, values=(self.get_address(), _strioerror(err)))
mysql.connector.errors.InterfaceError: 2003: Can't connect to MySQL server on 'localhost:3306' (10061 No connection could be made because the target machine actively refused it)
2026-07-14 12:29:01,874 - ERROR - /recent error: 2003: Can't connect to MySQL server on 'localhost:3306' (10061 No connection could be made because the target machine actively refused it)
Traceback (most recent call last):
  File "C:\Users\varsz\AppData\Local\Programs\Python\Python313\Lib\site-packages\mysql\connector\network.py", line 509, in open_connection
    self.sock.connect(sockaddr)
    ~~~~~~~~~~~~~~~~~^^^^^^^^^^
ConnectionRefusedError: [WinError 10061] No connection could be made because the target machine actively refused it

During handling of the above exception, another exception occurred:

Traceback (most recent call last):
  File "C:\laragon\www\Drone-Dashboard-Website\serverWithForwardV2.py", line 245, in recent_route
    conn = connect_database()
  File "C:\laragon\www\Drone-Dashboard-Website\serverWithForwardV2.py", line 101, in connect_database
    return mysql.connector.connect(
           ~~~~~~~~~~~~~~~~~~~~~~~^
        host=DB_CONFIG["host"],
        ^^^^^^^^^^^^^^^^^^^^^^^
    ...<2 lines>...
        database=DB_CONFIG["database"],
        ^^^^^^^^^^^^^^^^^^^^^^^^^^^^^^^
    )
    ^
  File "C:\Users\varsz\AppData\Local\Programs\Python\Python313\Lib\site-packages\mysql\connector\__init__.py", line 179, in connect
    return MySQLConnection(*args, **kwargs)
  File "C:\Users\varsz\AppData\Local\Programs\Python\Python313\Lib\site-packages\mysql\connector\connection.py", line 95, in __init__
    self.connect(**kwargs)
    ~~~~~~~~~~~~^^^^^^^^^^
  File "C:\Users\varsz\AppData\Local\Programs\Python\Python313\Lib\site-packages\mysql\connector\abstracts.py", line 716, in connect
    self._open_connection()
    ~~~~~~~~~~~~~~~~~~~~~^^
  File "C:\Users\varsz\AppData\Local\Programs\Python\Python313\Lib\site-packages\mysql\connector\connection.py", line 206, in _open_connection
    self._socket.open_connection()
    ~~~~~~~~~~~~~~~~~~~~~~~~~~~~^^
  File "C:\Users\varsz\AppData\Local\Programs\Python\Python313\Lib\site-packages\mysql\connector\network.py", line 511, in open_connection
    raise errors.InterfaceError(
        errno=2003, values=(self.get_address(), _strioerror(err)))
mysql.connector.errors.InterfaceError: 2003: Can't connect to MySQL server on 'localhost:3306' (10061 No connection could be made because the target machine actively refused it)
2026-07-14 12:29:04,884 - ERROR - /recent error: 2003: Can't connect to MySQL server on 'localhost:3306' (10061 No connection could be made because the target machine actively refused it)
Traceback (most recent call last):
  File "C:\Users\varsz\AppData\Local\Programs\Python\Python313\Lib\site-packages\mysql\connector\network.py", line 509, in open_connection
    self.sock.connect(sockaddr)
    ~~~~~~~~~~~~~~~~~^^^^^^^^^^
ConnectionRefusedError: [WinError 10061] No connection could be made because the target machine actively refused it

During handling of the above exception, another exception occurred:

Traceback (most recent call last):
  File "C:\laragon\www\Drone-Dashboard-Website\serverWithForwardV2.py", line 245, in recent_route
    conn = connect_database()
  File "C:\laragon\www\Drone-Dashboard-Website\serverWithForwardV2.py", line 101, in connect_database
    return mysql.connector.connect(
           ~~~~~~~~~~~~~~~~~~~~~~~^
        host=DB_CONFIG["host"],
        ^^^^^^^^^^^^^^^^^^^^^^^
    ...<2 lines>...
        database=DB_CONFIG["database"],
        ^^^^^^^^^^^^^^^^^^^^^^^^^^^^^^^
    )
    ^
  File "C:\Users\varsz\AppData\Local\Programs\Python\Python313\Lib\site-packages\mysql\connector\__init__.py", line 179, in connect
    return MySQLConnection(*args, **kwargs)
  File "C:\Users\varsz\AppData\Local\Programs\Python\Python313\Lib\site-packages\mysql\connector\connection.py", line 95, in __init__
    self.connect(**kwargs)
    ~~~~~~~~~~~~^^^^^^^^^^
  File "C:\Users\varsz\AppData\Local\Programs\Python\Python313\Lib\site-packages\mysql\connector\abstracts.py", line 716, in connect
    self._open_connection()
    ~~~~~~~~~~~~~~~~~~~~~^^
  File "C:\Users\varsz\AppData\Local\Programs\Python\Python313\Lib\site-packages\mysql\connector\connection.py", line 206, in _open_connection
    self._socket.open_connection()
    ~~~~~~~~~~~~~~~~~~~~~~~~~~~~^^
  File "C:\Users\varsz\AppData\Local\Programs\Python\Python313\Lib\site-packages\mysql\connector\network.py", line 511, in open_connection
    raise errors.InterfaceError(
        errno=2003, values=(self.get_address(), _strioerror(err)))
mysql.connector.errors.InterfaceError: 2003: Can't connect to MySQL server on 'localhost:3306' (10061 No connection could be made because the target machine actively refused it)
2026-07-14 12:29:07,898 - ERROR - /recent error: 2003: Can't connect to MySQL server on 'localhost:3306' (10061 No connection could be made because the target machine actively refused it)
Traceback (most recent call last):
  File "C:\Users\varsz\AppData\Local\Programs\Python\Python313\Lib\site-packages\mysql\connector\network.py", line 509, in open_connection
    self.sock.connect(sockaddr)
    ~~~~~~~~~~~~~~~~~^^^^^^^^^^
ConnectionRefusedError: [WinError 10061] No connection could be made because the target machine actively refused it

During handling of the above exception, another exception occurred:

Traceback (most recent call last):
  File "C:\laragon\www\Drone-Dashboard-Website\serverWithForwardV2.py", line 245, in recent_route
    conn = connect_database()
  File "C:\laragon\www\Drone-Dashboard-Website\serverWithForwardV2.py", line 101, in connect_database
    return mysql.connector.connect(
           ~~~~~~~~~~~~~~~~~~~~~~~^
        host=DB_CONFIG["host"],
        ^^^^^^^^^^^^^^^^^^^^^^^
    ...<2 lines>...
        database=DB_CONFIG["database"],
        ^^^^^^^^^^^^^^^^^^^^^^^^^^^^^^^
    )
    ^
  File "C:\Users\varsz\AppData\Local\Programs\Python\Python313\Lib\site-packages\mysql\connector\__init__.py", line 179, in connect
    return MySQLConnection(*args, **kwargs)
  File "C:\Users\varsz\AppData\Local\Programs\Python\Python313\Lib\site-packages\mysql\connector\connection.py", line 95, in __init__
    self.connect(**kwargs)
    ~~~~~~~~~~~~^^^^^^^^^^
  File "C:\Users\varsz\AppData\Local\Programs\Python\Python313\Lib\site-packages\mysql\connector\abstracts.py", line 716, in connect
    self._open_connection()
    ~~~~~~~~~~~~~~~~~~~~~^^
  File "C:\Users\varsz\AppData\Local\Programs\Python\Python313\Lib\site-packages\mysql\connector\connection.py", line 206, in _open_connection
    self._socket.open_connection()
    ~~~~~~~~~~~~~~~~~~~~~~~~~~~~^^
  File "C:\Users\varsz\AppData\Local\Programs\Python\Python313\Lib\site-packages\mysql\connector\network.py", line 511, in open_connection
    raise errors.InterfaceError(
        errno=2003, values=(self.get_address(), _strioerror(err)))
mysql.connector.errors.InterfaceError: 2003: Can't connect to MySQL server on 'localhost:3306' (10061 No connection could be made because the target machine actively refused it)
2026-07-14 12:29:10,886 - ERROR - /recent error: 2003: Can't connect to MySQL server on 'localhost:3306' (10061 No connection could be made because the target machine actively refused it)
Traceback (most recent call last):
  File "C:\Users\varsz\AppData\Local\Programs\Python\Python313\Lib\site-packages\mysql\connector\network.py", line 509, in open_connection
    self.sock.connect(sockaddr)
    ~~~~~~~~~~~~~~~~~^^^^^^^^^^
ConnectionRefusedError: [WinError 10061] No connection could be made because the target machine actively refused it

During handling of the above exception, another exception occurred:

Traceback (most recent call last):
  File "C:\laragon\www\Drone-Dashboard-Website\serverWithForwardV2.py", line 245, in recent_route
    conn = connect_database()
  File "C:\laragon\www\Drone-Dashboard-Website\serverWithForwardV2.py", line 101, in connect_database
    return mysql.connector.connect(
           ~~~~~~~~~~~~~~~~~~~~~~~^
        host=DB_CONFIG["host"],
        ^^^^^^^^^^^^^^^^^^^^^^^
    ...<2 lines>...
        database=DB_CONFIG["database"],
        ^^^^^^^^^^^^^^^^^^^^^^^^^^^^^^^
    )
    ^
  File "C:\Users\varsz\AppData\Local\Programs\Python\Python313\Lib\site-packages\mysql\connector\__init__.py", line 179, in connect
    return MySQLConnection(*args, **kwargs)
  File "C:\Users\varsz\AppData\Local\Programs\Python\Python313\Lib\site-packages\mysql\connector\connection.py", line 95, in __init__
    self.connect(**kwargs)
    ~~~~~~~~~~~~^^^^^^^^^^
  File "C:\Users\varsz\AppData\Local\Programs\Python\Python313\Lib\site-packages\mysql\connector\abstracts.py", line 716, in connect
    self._open_connection()
    ~~~~~~~~~~~~~~~~~~~~~^^
  File "C:\Users\varsz\AppData\Local\Programs\Python\Python313\Lib\site-packages\mysql\connector\connection.py", line 206, in _open_connection
    self._socket.open_connection()
    ~~~~~~~~~~~~~~~~~~~~~~~~~~~~^^
  File "C:\Users\varsz\AppData\Local\Programs\Python\Python313\Lib\site-packages\mysql\connector\network.py", line 511, in open_connection
    raise errors.InterfaceError(
        errno=2003, values=(self.get_address(), _strioerror(err)))
mysql.connector.errors.InterfaceError: 2003: Can't connect to MySQL server on 'localhost:3306' (10061 No connection could be made because the target machine actively refused it)
2026-07-14 12:29:13,902 - ERROR - /recent error: 2003: Can't connect to MySQL server on 'localhost:3306' (10061 No connection could be made because the target machine actively refused it)
Traceback (most recent call last):
  File "C:\Users\varsz\AppData\Local\Programs\Python\Python313\Lib\site-packages\mysql\connector\network.py", line 509, in open_connection
    self.sock.connect(sockaddr)
    ~~~~~~~~~~~~~~~~~^^^^^^^^^^
ConnectionRefusedError: [WinError 10061] No connection could be made because the target machine actively refused it

During handling of the above exception, another exception occurred:

Traceback (most recent call last):
  File "C:\laragon\www\Drone-Dashboard-Website\serverWithForwardV2.py", line 245, in recent_route
    conn = connect_database()
  File "C:\laragon\www\Drone-Dashboard-Website\serverWithForwardV2.py", line 101, in connect_database
    return mysql.connector.connect(
           ~~~~~~~~~~~~~~~~~~~~~~~^
        host=DB_CONFIG["host"],
        ^^^^^^^^^^^^^^^^^^^^^^^
    ...<2 lines>...
        database=DB_CONFIG["database"],
        ^^^^^^^^^^^^^^^^^^^^^^^^^^^^^^^
    )
    ^
  File "C:\Users\varsz\AppData\Local\Programs\Python\Python313\Lib\site-packages\mysql\connector\__init__.py", line 179, in connect
    return MySQLConnection(*args, **kwargs)
  File "C:\Users\varsz\AppData\Local\Programs\Python\Python313\Lib\site-packages\mysql\connector\connection.py", line 95, in __init__
    self.connect(**kwargs)
    ~~~~~~~~~~~~^^^^^^^^^^
  File "C:\Users\varsz\AppData\Local\Programs\Python\Python313\Lib\site-packages\mysql\connector\abstracts.py", line 716, in connect
    self._open_connection()
    ~~~~~~~~~~~~~~~~~~~~~^^
  File "C:\Users\varsz\AppData\Local\Programs\Python\Python313\Lib\site-packages\mysql\connector\connection.py", line 206, in _open_connection
    self._socket.open_connection()
    ~~~~~~~~~~~~~~~~~~~~~~~~~~~~^^
  File "C:\Users\varsz\AppData\Local\Programs\Python\Python313\Lib\site-packages\mysql\connector\network.py", line 511, in open_connection
    raise errors.InterfaceError(
        errno=2003, values=(self.get_address(), _strioerror(err)))
mysql.connector.errors.InterfaceError: 2003: Can't connect to MySQL server on 'localhost:3306' (10061 No connection could be made because the target machine actively refused it)
2026-07-14 12:29:16,910 - ERROR - /recent error: 2003: Can't connect to MySQL server on 'localhost:3306' (10061 No connection could be made because the target machine actively refused it)
Traceback (most recent call last):
  File "C:\Users\varsz\AppData\Local\Programs\Python\Python313\Lib\site-packages\mysql\connector\network.py", line 509, in open_connection
    self.sock.connect(sockaddr)
    ~~~~~~~~~~~~~~~~~^^^^^^^^^^
ConnectionRefusedError: [WinError 10061] No connection could be made because the target machine actively refused it

During handling of the above exception, another exception occurred:

Traceback (most recent call last):
  File "C:\laragon\www\Drone-Dashboard-Website\serverWithForwardV2.py", line 245, in recent_route
    conn = connect_database()
  File "C:\laragon\www\Drone-Dashboard-Website\serverWithForwardV2.py", line 101, in connect_database
    return mysql.connector.connect(
           ~~~~~~~~~~~~~~~~~~~~~~~^
        host=DB_CONFIG["host"],
        ^^^^^^^^^^^^^^^^^^^^^^^
    ...<2 lines>...
        database=DB_CONFIG["database"],
        ^^^^^^^^^^^^^^^^^^^^^^^^^^^^^^^
    )
    ^
  File "C:\Users\varsz\AppData\Local\Programs\Python\Python313\Lib\site-packages\mysql\connector\__init__.py", line 179, in connect
    return MySQLConnection(*args, **kwargs)
  File "C:\Users\varsz\AppData\Local\Programs\Python\Python313\Lib\site-packages\mysql\connector\connection.py", line 95, in __init__
    self.connect(**kwargs)
    ~~~~~~~~~~~~^^^^^^^^^^
  File "C:\Users\varsz\AppData\Local\Programs\Python\Python313\Lib\site-packages\mysql\connector\abstracts.py", line 716, in connect
    self._open_connection()
    ~~~~~~~~~~~~~~~~~~~~~^^
  File "C:\Users\varsz\AppData\Local\Programs\Python\Python313\Lib\site-packages\mysql\connector\connection.py", line 206, in _open_connection
    self._socket.open_connection()
    ~~~~~~~~~~~~~~~~~~~~~~~~~~~~^^
  File "C:\Users\varsz\AppData\Local\Programs\Python\Python313\Lib\site-packages\mysql\connector\network.py", line 511, in open_connection
    raise errors.InterfaceError(
        errno=2003, values=(self.get_address(), _strioerror(err)))
mysql.connector.errors.InterfaceError: 2003: Can't connect to MySQL server on 'localhost:3306' (10061 No connection could be made because the target machine actively refused it)
2026-07-14 12:29:19,905 - ERROR - /recent error: 2003: Can't connect to MySQL server on 'localhost:3306' (10061 No connection could be made because the target machine actively refused it)
Traceback (most recent call last):
  File "C:\Users\varsz\AppData\Local\Programs\Python\Python313\Lib\site-packages\mysql\connector\network.py", line 509, in open_connection
    self.sock.connect(sockaddr)
    ~~~~~~~~~~~~~~~~~^^^^^^^^^^
ConnectionRefusedError: [WinError 10061] No connection could be made because the target machine actively refused it

During handling of the above exception, another exception occurred:

Traceback (most recent call last):
  File "C:\laragon\www\Drone-Dashboard-Website\serverWithForwardV2.py", line 245, in recent_route
    conn = connect_database()
  File "C:\laragon\www\Drone-Dashboard-Website\serverWithForwardV2.py", line 101, in connect_database
    return mysql.connector.connect(
           ~~~~~~~~~~~~~~~~~~~~~~~^
        host=DB_CONFIG["host"],
        ^^^^^^^^^^^^^^^^^^^^^^^
    ...<2 lines>...
        database=DB_CONFIG["database"],
        ^^^^^^^^^^^^^^^^^^^^^^^^^^^^^^^
    )
    ^
  File "C:\Users\varsz\AppData\Local\Programs\Python\Python313\Lib\site-packages\mysql\connector\__init__.py", line 179, in connect
    return MySQLConnection(*args, **kwargs)
  File "C:\Users\varsz\AppData\Local\Programs\Python\Python313\Lib\site-packages\mysql\connector\connection.py", line 95, in __init__
    self.connect(**kwargs)
    ~~~~~~~~~~~~^^^^^^^^^^
  File "C:\Users\varsz\AppData\Local\Programs\Python\Python313\Lib\site-packages\mysql\connector\abstracts.py", line 716, in connect
    self._open_connection()
    ~~~~~~~~~~~~~~~~~~~~~^^
  File "C:\Users\varsz\AppData\Local\Programs\Python\Python313\Lib\site-packages\mysql\connector\connection.py", line 206, in _open_connection
    self._socket.open_connection()
    ~~~~~~~~~~~~~~~~~~~~~~~~~~~~^^
  File "C:\Users\varsz\AppData\Local\Programs\Python\Python313\Lib\site-packages\mysql\connector\network.py", line 511, in open_connection
    raise errors.InterfaceError(
        errno=2003, values=(self.get_address(), _strioerror(err)))
mysql.connector.errors.InterfaceError: 2003: Can't connect to MySQL server on 'localhost:3306' (10061 No connection could be made because the target machine actively refused it)
2026-07-14 12:29:22,900 - ERROR - /recent error: 2003: Can't connect to MySQL server on 'localhost:3306' (10061 No connection could be made because the target machine actively refused it)
Traceback (most recent call last):
  File "C:\Users\varsz\AppData\Local\Programs\Python\Python313\Lib\site-packages\mysql\connector\network.py", line 509, in open_connection
    self.sock.connect(sockaddr)
    ~~~~~~~~~~~~~~~~~^^^^^^^^^^
ConnectionRefusedError: [WinError 10061] No connection could be made because the target machine actively refused it

During handling of the above exception, another exception occurred:

Traceback (most recent call last):
  File "C:\laragon\www\Drone-Dashboard-Website\serverWithForwardV2.py", line 245, in recent_route
    conn = connect_database()
  File "C:\laragon\www\Drone-Dashboard-Website\serverWithForwardV2.py", line 101, in connect_database
    return mysql.connector.connect(
           ~~~~~~~~~~~~~~~~~~~~~~~^
        host=DB_CONFIG["host"],
        ^^^^^^^^^^^^^^^^^^^^^^^
    ...<2 lines>...
        database=DB_CONFIG["database"],
        ^^^^^^^^^^^^^^^^^^^^^^^^^^^^^^^
    )
    ^
  File "C:\Users\varsz\AppData\Local\Programs\Python\Python313\Lib\site-packages\mysql\connector\__init__.py", line 179, in connect
    return MySQLConnection(*args, **kwargs)
  File "C:\Users\varsz\AppData\Local\Programs\Python\Python313\Lib\site-packages\mysql\connector\connection.py", line 95, in __init__
    self.connect(**kwargs)
    ~~~~~~~~~~~~^^^^^^^^^^
  File "C:\Users\varsz\AppData\Local\Programs\Python\Python313\Lib\site-packages\mysql\connector\abstracts.py", line 716, in connect
    self._open_connection()
    ~~~~~~~~~~~~~~~~~~~~~^^
  File "C:\Users\varsz\AppData\Local\Programs\Python\Python313\Lib\site-packages\mysql\connector\connection.py", line 206, in _open_connection
    self._socket.open_connection()
    ~~~~~~~~~~~~~~~~~~~~~~~~~~~~^^
  File "C:\Users\varsz\AppData\Local\Programs\Python\Python313\Lib\site-packages\mysql\connector\network.py", line 511, in open_connection
    raise errors.InterfaceError(
        errno=2003, values=(self.get_address(), _strioerror(err)))
mysql.connector.errors.InterfaceError: 2003: Can't connect to MySQL server on 'localhost:3306' (10061 No connection could be made because the target machine actively refused it)
2026-07-14 12:29:25,907 - ERROR - /recent error: 2003: Can't connect to MySQL server on 'localhost:3306' (10061 No connection could be made because the target machine actively refused it)
Traceback (most recent call last):
  File "C:\Users\varsz\AppData\Local\Programs\Python\Python313\Lib\site-packages\mysql\connector\network.py", line 509, in open_connection
    self.sock.connect(sockaddr)
    ~~~~~~~~~~~~~~~~~^^^^^^^^^^
ConnectionRefusedError: [WinError 10061] No connection could be made because the target machine actively refused it

During handling of the above exception, another exception occurred:

Traceback (most recent call last):
  File "C:\laragon\www\Drone-Dashboard-Website\serverWithForwardV2.py", line 245, in recent_route
    conn = connect_database()
  File "C:\laragon\www\Drone-Dashboard-Website\serverWithForwardV2.py", line 101, in connect_database
    return mysql.connector.connect(
           ~~~~~~~~~~~~~~~~~~~~~~~^
        host=DB_CONFIG["host"],
        ^^^^^^^^^^^^^^^^^^^^^^^
    ...<2 lines>...
        database=DB_CONFIG["database"],
        ^^^^^^^^^^^^^^^^^^^^^^^^^^^^^^^
    )
    ^
  File "C:\Users\varsz\AppData\Local\Programs\Python\Python313\Lib\site-packages\mysql\connector\__init__.py", line 179, in connect
    return MySQLConnection(*args, **kwargs)
  File "C:\Users\varsz\AppData\Local\Programs\Python\Python313\Lib\site-packages\mysql\connector\connection.py", line 95, in __init__
    self.connect(**kwargs)
    ~~~~~~~~~~~~^^^^^^^^^^
  File "C:\Users\varsz\AppData\Local\Programs\Python\Python313\Lib\site-packages\mysql\connector\abstracts.py", line 716, in connect
    self._open_connection()
    ~~~~~~~~~~~~~~~~~~~~~^^
  File "C:\Users\varsz\AppData\Local\Programs\Python\Python313\Lib\site-packages\mysql\connector\connection.py", line 206, in _open_connection
    self._socket.open_connection()
    ~~~~~~~~~~~~~~~~~~~~~~~~~~~~^^
  File "C:\Users\varsz\AppData\Local\Programs\Python\Python313\Lib\site-packages\mysql\connector\network.py", line 511, in open_connection
    raise errors.InterfaceError(
        errno=2003, values=(self.get_address(), _strioerror(err)))
mysql.connector.errors.InterfaceError: 2003: Can't connect to MySQL server on 'localhost:3306' (10061 No connection could be made because the target machine actively refused it)
2026-07-14 12:29:28,893 - ERROR - /recent error: 2003: Can't connect to MySQL server on 'localhost:3306' (10061 No connection could be made because the target machine actively refused it)
Traceback (most recent call last):
  File "C:\Users\varsz\AppData\Local\Programs\Python\Python313\Lib\site-packages\mysql\connector\network.py", line 509, in open_connection
    self.sock.connect(sockaddr)
    ~~~~~~~~~~~~~~~~~^^^^^^^^^^
ConnectionRefusedError: [WinError 10061] No connection could be made because the target machine actively refused it

During handling of the above exception, another exception occurred:

Traceback (most recent call last):
  File "C:\laragon\www\Drone-Dashboard-Website\serverWithForwardV2.py", line 245, in recent_route
    conn = connect_database()
  File "C:\laragon\www\Drone-Dashboard-Website\serverWithForwardV2.py", line 101, in connect_database
    return mysql.connector.connect(
           ~~~~~~~~~~~~~~~~~~~~~~~^
        host=DB_CONFIG["host"],
        ^^^^^^^^^^^^^^^^^^^^^^^
    ...<2 lines>...
        database=DB_CONFIG["database"],
        ^^^^^^^^^^^^^^^^^^^^^^^^^^^^^^^
    )
    ^
  File "C:\Users\varsz\AppData\Local\Programs\Python\Python313\Lib\site-packages\mysql\connector\__init__.py", line 179, in connect
    return MySQLConnection(*args, **kwargs)
  File "C:\Users\varsz\AppData\Local\Programs\Python\Python313\Lib\site-packages\mysql\connector\connection.py", line 95, in __init__
    self.connect(**kwargs)
    ~~~~~~~~~~~~^^^^^^^^^^
  File "C:\Users\varsz\AppData\Local\Programs\Python\Python313\Lib\site-packages\mysql\connector\abstracts.py", line 716, in connect
    self._open_connection()
    ~~~~~~~~~~~~~~~~~~~~~^^
  File "C:\Users\varsz\AppData\Local\Programs\Python\Python313\Lib\site-packages\mysql\connector\connection.py", line 206, in _open_connection
    self._socket.open_connection()
    ~~~~~~~~~~~~~~~~~~~~~~~~~~~~^^
  File "C:\Users\varsz\AppData\Local\Programs\Python\Python313\Lib\site-packages\mysql\connector\network.py", line 511, in open_connection
    raise errors.InterfaceError(
        errno=2003, values=(self.get_address(), _strioerror(err)))
mysql.connector.errors.InterfaceError: 2003: Can't connect to MySQL server on 'localhost:3306' (10061 No connection could be made because the target machine actively refused it)
2026-07-14 12:29:31,912 - ERROR - /recent error: 2003: Can't connect to MySQL server on 'localhost:3306' (10061 No connection could be made because the target machine actively refused it)
Traceback (most recent call last):
  File "C:\Users\varsz\AppData\Local\Programs\Python\Python313\Lib\site-packages\mysql\connector\network.py", line 509, in open_connection
    self.sock.connect(sockaddr)
    ~~~~~~~~~~~~~~~~~^^^^^^^^^^
ConnectionRefusedError: [WinError 10061] No connection could be made because the target machine actively refused it

During handling of the above exception, another exception occurred:

Traceback (most recent call last):
  File "C:\laragon\www\Drone-Dashboard-Website\serverWithForwardV2.py", line 245, in recent_route
    conn = connect_database()
  File "C:\laragon\www\Drone-Dashboard-Website\serverWithForwardV2.py", line 101, in connect_database
    return mysql.connector.connect(
           ~~~~~~~~~~~~~~~~~~~~~~~^
        host=DB_CONFIG["host"],
        ^^^^^^^^^^^^^^^^^^^^^^^
    ...<2 lines>...
        database=DB_CONFIG["database"],
        ^^^^^^^^^^^^^^^^^^^^^^^^^^^^^^^
    )
    ^
  File "C:\Users\varsz\AppData\Local\Programs\Python\Python313\Lib\site-packages\mysql\connector\__init__.py", line 179, in connect
    return MySQLConnection(*args, **kwargs)
  File "C:\Users\varsz\AppData\Local\Programs\Python\Python313\Lib\site-packages\mysql\connector\connection.py", line 95, in __init__
    self.connect(**kwargs)
    ~~~~~~~~~~~~^^^^^^^^^^
  File "C:\Users\varsz\AppData\Local\Programs\Python\Python313\Lib\site-packages\mysql\connector\abstracts.py", line 716, in connect
    self._open_connection()
    ~~~~~~~~~~~~~~~~~~~~~^^
  File "C:\Users\varsz\AppData\Local\Programs\Python\Python313\Lib\site-packages\mysql\connector\connection.py", line 206, in _open_connection
    self._socket.open_connection()
    ~~~~~~~~~~~~~~~~~~~~~~~~~~~~^^
  File "C:\Users\varsz\AppData\Local\Programs\Python\Python313\Lib\site-packages\mysql\connector\network.py", line 511, in open_connection
    raise errors.InterfaceError(
        errno=2003, values=(self.get_address(), _strioerror(err)))
mysql.connector.errors.InterfaceError: 2003: Can't connect to MySQL server on 'localhost:3306' (10061 No connection could be made because the target machine actively refused it)
2026-07-14 12:29:34,916 - ERROR - /recent error: 2003: Can't connect to MySQL server on 'localhost:3306' (10061 No connection could be made because the target machine actively refused it)
Traceback (most recent call last):
  File "C:\Users\varsz\AppData\Local\Programs\Python\Python313\Lib\site-packages\mysql\connector\network.py", line 509, in open_connection
    self.sock.connect(sockaddr)
    ~~~~~~~~~~~~~~~~~^^^^^^^^^^
ConnectionRefusedError: [WinError 10061] No connection could be made because the target machine actively refused it

During handling of the above exception, another exception occurred:

Traceback (most recent call last):
  File "C:\laragon\www\Drone-Dashboard-Website\serverWithForwardV2.py", line 245, in recent_route
    conn = connect_database()
  File "C:\laragon\www\Drone-Dashboard-Website\serverWithForwardV2.py", line 101, in connect_database
    return mysql.connector.connect(
           ~~~~~~~~~~~~~~~~~~~~~~~^
        host=DB_CONFIG["host"],
        ^^^^^^^^^^^^^^^^^^^^^^^
    ...<2 lines>...
        database=DB_CONFIG["database"],
        ^^^^^^^^^^^^^^^^^^^^^^^^^^^^^^^
    )
    ^
  File "C:\Users\varsz\AppData\Local\Programs\Python\Python313\Lib\site-packages\mysql\connector\__init__.py", line 179, in connect
    return MySQLConnection(*args, **kwargs)
  File "C:\Users\varsz\AppData\Local\Programs\Python\Python313\Lib\site-packages\mysql\connector\connection.py", line 95, in __init__
    self.connect(**kwargs)
    ~~~~~~~~~~~~^^^^^^^^^^
  File "C:\Users\varsz\AppData\Local\Programs\Python\Python313\Lib\site-packages\mysql\connector\abstracts.py", line 716, in connect
    self._open_connection()
    ~~~~~~~~~~~~~~~~~~~~~^^
  File "C:\Users\varsz\AppData\Local\Programs\Python\Python313\Lib\site-packages\mysql\connector\connection.py", line 206, in _open_connection
    self._socket.open_connection()
    ~~~~~~~~~~~~~~~~~~~~~~~~~~~~^^
  File "C:\Users\varsz\AppData\Local\Programs\Python\Python313\Lib\site-packages\mysql\connector\network.py", line 511, in open_connection
    raise errors.InterfaceError(
        errno=2003, values=(self.get_address(), _strioerror(err)))
mysql.connector.errors.InterfaceError: 2003: Can't connect to MySQL server on 'localhost:3306' (10061 No connection could be made because the target machine actively refused it)
2026-07-14 12:29:37,902 - ERROR - /recent error: 2003: Can't connect to MySQL server on 'localhost:3306' (10061 No connection could be made because the target machine actively refused it)
Traceback (most recent call last):
  File "C:\Users\varsz\AppData\Local\Programs\Python\Python313\Lib\site-packages\mysql\connector\network.py", line 509, in open_connection
    self.sock.connect(sockaddr)
    ~~~~~~~~~~~~~~~~~^^^^^^^^^^
ConnectionRefusedError: [WinError 10061] No connection could be made because the target machine actively refused it

During handling of the above exception, another exception occurred:

Traceback (most recent call last):
  File "C:\laragon\www\Drone-Dashboard-Website\serverWithForwardV2.py", line 245, in recent_route
    conn = connect_database()
  File "C:\laragon\www\Drone-Dashboard-Website\serverWithForwardV2.py", line 101, in connect_database
    return mysql.connector.connect(
           ~~~~~~~~~~~~~~~~~~~~~~~^
        host=DB_CONFIG["host"],
        ^^^^^^^^^^^^^^^^^^^^^^^
    ...<2 lines>...
        database=DB_CONFIG["database"],
        ^^^^^^^^^^^^^^^^^^^^^^^^^^^^^^^
    )
    ^
  File "C:\Users\varsz\AppData\Local\Programs\Python\Python313\Lib\site-packages\mysql\connector\__init__.py", line 179, in connect
    return MySQLConnection(*args, **kwargs)
  File "C:\Users\varsz\AppData\Local\Programs\Python\Python313\Lib\site-packages\mysql\connector\connection.py", line 95, in __init__
    self.connect(**kwargs)
    ~~~~~~~~~~~~^^^^^^^^^^
  File "C:\Users\varsz\AppData\Local\Programs\Python\Python313\Lib\site-packages\mysql\connector\abstracts.py", line 716, in connect
    self._open_connection()
    ~~~~~~~~~~~~~~~~~~~~~^^
  File "C:\Users\varsz\AppData\Local\Programs\Python\Python313\Lib\site-packages\mysql\connector\connection.py", line 206, in _open_connection
    self._socket.open_connection()
    ~~~~~~~~~~~~~~~~~~~~~~~~~~~~^^
  File "C:\Users\varsz\AppData\Local\Programs\Python\Python313\Lib\site-packages\mysql\connector\network.py", line 511, in open_connection
    raise errors.InterfaceError(
        errno=2003, values=(self.get_address(), _strioerror(err)))
mysql.connector.errors.InterfaceError: 2003: Can't connect to MySQL server on 'localhost:3306' (10061 No connection could be made because the target machine actively refused it)
2026-07-14 12:29:40,911 - ERROR - /recent error: 2003: Can't connect to MySQL server on 'localhost:3306' (10061 No connection could be made because the target machine actively refused it)
Traceback (most recent call last):
  File "C:\Users\varsz\AppData\Local\Programs\Python\Python313\Lib\site-packages\mysql\connector\network.py", line 509, in open_connection
    self.sock.connect(sockaddr)
    ~~~~~~~~~~~~~~~~~^^^^^^^^^^
ConnectionRefusedError: [WinError 10061] No connection could be made because the target machine actively refused it

During handling of the above exception, another exception occurred:

Traceback (most recent call last):
  File "C:\laragon\www\Drone-Dashboard-Website\serverWithForwardV2.py", line 245, in recent_route
    conn = connect_database()
  File "C:\laragon\www\Drone-Dashboard-Website\serverWithForwardV2.py", line 101, in connect_database
    return mysql.connector.connect(
           ~~~~~~~~~~~~~~~~~~~~~~~^
        host=DB_CONFIG["host"],
        ^^^^^^^^^^^^^^^^^^^^^^^
    ...<2 lines>...
        database=DB_CONFIG["database"],
        ^^^^^^^^^^^^^^^^^^^^^^^^^^^^^^^
    )
    ^
  File "C:\Users\varsz\AppData\Local\Programs\Python\Python313\Lib\site-packages\mysql\connector\__init__.py", line 179, in connect
    return MySQLConnection(*args, **kwargs)
  File "C:\Users\varsz\AppData\Local\Programs\Python\Python313\Lib\site-packages\mysql\connector\connection.py", line 95, in __init__
    self.connect(**kwargs)
    ~~~~~~~~~~~~^^^^^^^^^^
  File "C:\Users\varsz\AppData\Local\Programs\Python\Python313\Lib\site-packages\mysql\connector\abstracts.py", line 716, in connect
    self._open_connection()
    ~~~~~~~~~~~~~~~~~~~~~^^
  File "C:\Users\varsz\AppData\Local\Programs\Python\Python313\Lib\site-packages\mysql\connector\connection.py", line 206, in _open_connection
    self._socket.open_connection()
    ~~~~~~~~~~~~~~~~~~~~~~~~~~~~^^
  File "C:\Users\varsz\AppData\Local\Programs\Python\Python313\Lib\site-packages\mysql\connector\network.py", line 511, in open_connection
    raise errors.InterfaceError(
        errno=2003, values=(self.get_address(), _strioerror(err)))
mysql.connector.errors.InterfaceError: 2003: Can't connect to MySQL server on 'localhost:3306' (10061 No connection could be made because the target machine actively refused it)
2026-07-14 12:29:43,899 - ERROR - /recent error: 2003: Can't connect to MySQL server on 'localhost:3306' (10061 No connection could be made because the target machine actively refused it)
Traceback (most recent call last):
  File "C:\Users\varsz\AppData\Local\Programs\Python\Python313\Lib\site-packages\mysql\connector\network.py", line 509, in open_connection
    self.sock.connect(sockaddr)
    ~~~~~~~~~~~~~~~~~^^^^^^^^^^
ConnectionRefusedError: [WinError 10061] No connection could be made because the target machine actively refused it

During handling of the above exception, another exception occurred:

Traceback (most recent call last):
  File "C:\laragon\www\Drone-Dashboard-Website\serverWithForwardV2.py", line 245, in recent_route
    conn = connect_database()
  File "C:\laragon\www\Drone-Dashboard-Website\serverWithForwardV2.py", line 101, in connect_database
    return mysql.connector.connect(
           ~~~~~~~~~~~~~~~~~~~~~~~^
        host=DB_CONFIG["host"],
        ^^^^^^^^^^^^^^^^^^^^^^^
    ...<2 lines>...
        database=DB_CONFIG["database"],
        ^^^^^^^^^^^^^^^^^^^^^^^^^^^^^^^
    )
    ^
  File "C:\Users\varsz\AppData\Local\Programs\Python\Python313\Lib\site-packages\mysql\connector\__init__.py", line 179, in connect
    return MySQLConnection(*args, **kwargs)
  File "C:\Users\varsz\AppData\Local\Programs\Python\Python313\Lib\site-packages\mysql\connector\connection.py", line 95, in __init__
    self.connect(**kwargs)
    ~~~~~~~~~~~~^^^^^^^^^^
  File "C:\Users\varsz\AppData\Local\Programs\Python\Python313\Lib\site-packages\mysql\connector\abstracts.py", line 716, in connect
    self._open_connection()
    ~~~~~~~~~~~~~~~~~~~~~^^
  File "C:\Users\varsz\AppData\Local\Programs\Python\Python313\Lib\site-packages\mysql\connector\connection.py", line 206, in _open_connection
    self._socket.open_connection()
    ~~~~~~~~~~~~~~~~~~~~~~~~~~~~^^
  File "C:\Users\varsz\AppData\Local\Programs\Python\Python313\Lib\site-packages\mysql\connector\network.py", line 511, in open_connection
    raise errors.InterfaceError(
        errno=2003, values=(self.get_address(), _strioerror(err)))
mysql.connector.errors.InterfaceError: 2003: Can't connect to MySQL server on 'localhost:3306' (10061 No connection could be made because the target machine actively refused it)
2026-07-14 12:29:46,909 - ERROR - /recent error: 2003: Can't connect to MySQL server on 'localhost:3306' (10061 No connection could be made because the target machine actively refused it)
Traceback (most recent call last):
  File "C:\Users\varsz\AppData\Local\Programs\Python\Python313\Lib\site-packages\mysql\connector\network.py", line 509, in open_connection
    self.sock.connect(sockaddr)
    ~~~~~~~~~~~~~~~~~^^^^^^^^^^
ConnectionRefusedError: [WinError 10061] No connection could be made because the target machine actively refused it

During handling of the above exception, another exception occurred:

Traceback (most recent call last):
  File "C:\laragon\www\Drone-Dashboard-Website\serverWithForwardV2.py", line 245, in recent_route
    conn = connect_database()
  File "C:\laragon\www\Drone-Dashboard-Website\serverWithForwardV2.py", line 101, in connect_database
    return mysql.connector.connect(
           ~~~~~~~~~~~~~~~~~~~~~~~^
        host=DB_CONFIG["host"],
        ^^^^^^^^^^^^^^^^^^^^^^^
    ...<2 lines>...
        database=DB_CONFIG["database"],
        ^^^^^^^^^^^^^^^^^^^^^^^^^^^^^^^
    )
    ^
  File "C:\Users\varsz\AppData\Local\Programs\Python\Python313\Lib\site-packages\mysql\connector\__init__.py", line 179, in connect
    return MySQLConnection(*args, **kwargs)
  File "C:\Users\varsz\AppData\Local\Programs\Python\Python313\Lib\site-packages\mysql\connector\connection.py", line 95, in __init__
    self.connect(**kwargs)
    ~~~~~~~~~~~~^^^^^^^^^^
  File "C:\Users\varsz\AppData\Local\Programs\Python\Python313\Lib\site-packages\mysql\connector\abstracts.py", line 716, in connect
    self._open_connection()
    ~~~~~~~~~~~~~~~~~~~~~^^
  File "C:\Users\varsz\AppData\Local\Programs\Python\Python313\Lib\site-packages\mysql\connector\connection.py", line 206, in _open_connection
    self._socket.open_connection()
    ~~~~~~~~~~~~~~~~~~~~~~~~~~~~^^
  File "C:\Users\varsz\AppData\Local\Programs\Python\Python313\Lib\site-packages\mysql\connector\network.py", line 511, in open_connection
    raise errors.InterfaceError(
        errno=2003, values=(self.get_address(), _strioerror(err)))
mysql.connector.errors.InterfaceError: 2003: Can't connect to MySQL server on 'localhost:3306' (10061 No connection could be made because the target machine actively refused it)
2026-07-14 12:29:49,904 - ERROR - /recent error: 2003: Can't connect to MySQL server on 'localhost:3306' (10061 No connection could be made because the target machine actively refused it)
Traceback (most recent call last):
  File "C:\Users\varsz\AppData\Local\Programs\Python\Python313\Lib\site-packages\mysql\connector\network.py", line 509, in open_connection
    self.sock.connect(sockaddr)
    ~~~~~~~~~~~~~~~~~^^^^^^^^^^
ConnectionRefusedError: [WinError 10061] No connection could be made because the target machine actively refused it

During handling of the above exception, another exception occurred:

Traceback (most recent call last):
  File "C:\laragon\www\Drone-Dashboard-Website\serverWithForwardV2.py", line 245, in recent_route
    conn = connect_database()
  File "C:\laragon\www\Drone-Dashboard-Website\serverWithForwardV2.py", line 101, in connect_database
    return mysql.connector.connect(
           ~~~~~~~~~~~~~~~~~~~~~~~^
        host=DB_CONFIG["host"],
        ^^^^^^^^^^^^^^^^^^^^^^^
    ...<2 lines>...
        database=DB_CONFIG["database"],
        ^^^^^^^^^^^^^^^^^^^^^^^^^^^^^^^
    )
    ^
  File "C:\Users\varsz\AppData\Local\Programs\Python\Python313\Lib\site-packages\mysql\connector\__init__.py", line 179, in connect
    return MySQLConnection(*args, **kwargs)
  File "C:\Users\varsz\AppData\Local\Programs\Python\Python313\Lib\site-packages\mysql\connector\connection.py", line 95, in __init__
    self.connect(**kwargs)
    ~~~~~~~~~~~~^^^^^^^^^^
  File "C:\Users\varsz\AppData\Local\Programs\Python\Python313\Lib\site-packages\mysql\connector\abstracts.py", line 716, in connect
    self._open_connection()
    ~~~~~~~~~~~~~~~~~~~~~^^
  File "C:\Users\varsz\AppData\Local\Programs\Python\Python313\Lib\site-packages\mysql\connector\connection.py", line 206, in _open_connection
    self._socket.open_connection()
    ~~~~~~~~~~~~~~~~~~~~~~~~~~~~^^
  File "C:\Users\varsz\AppData\Local\Programs\Python\Python313\Lib\site-packages\mysql\connector\network.py", line 511, in open_connection
    raise errors.InterfaceError(
        errno=2003, values=(self.get_address(), _strioerror(err)))
mysql.connector.errors.InterfaceError: 2003: Can't connect to MySQL server on 'localhost:3306' (10061 No connection could be made because the target machine actively refused it)
2026-07-14 12:29:52,898 - ERROR - /recent error: 2003: Can't connect to MySQL server on 'localhost:3306' (10061 No connection could be made because the target machine actively refused it)
Traceback (most recent call last):
  File "C:\Users\varsz\AppData\Local\Programs\Python\Python313\Lib\site-packages\mysql\connector\network.py", line 509, in open_connection
    self.sock.connect(sockaddr)
    ~~~~~~~~~~~~~~~~~^^^^^^^^^^
ConnectionRefusedError: [WinError 10061] No connection could be made because the target machine actively refused it

During handling of the above exception, another exception occurred:

Traceback (most recent call last):
  File "C:\laragon\www\Drone-Dashboard-Website\serverWithForwardV2.py", line 245, in recent_route
    conn = connect_database()
  File "C:\laragon\www\Drone-Dashboard-Website\serverWithForwardV2.py", line 101, in connect_database
    return mysql.connector.connect(
           ~~~~~~~~~~~~~~~~~~~~~~~^
        host=DB_CONFIG["host"],
        ^^^^^^^^^^^^^^^^^^^^^^^
    ...<2 lines>...
        database=DB_CONFIG["database"],
        ^^^^^^^^^^^^^^^^^^^^^^^^^^^^^^^
    )
    ^
  File "C:\Users\varsz\AppData\Local\Programs\Python\Python313\Lib\site-packages\mysql\connector\__init__.py", line 179, in connect
    return MySQLConnection(*args, **kwargs)
  File "C:\Users\varsz\AppData\Local\Programs\Python\Python313\Lib\site-packages\mysql\connector\connection.py", line 95, in __init__
    self.connect(**kwargs)
    ~~~~~~~~~~~~^^^^^^^^^^
  File "C:\Users\varsz\AppData\Local\Programs\Python\Python313\Lib\site-packages\mysql\connector\abstracts.py", line 716, in connect
    self._open_connection()
    ~~~~~~~~~~~~~~~~~~~~~^^
  File "C:\Users\varsz\AppData\Local\Programs\Python\Python313\Lib\site-packages\mysql\connector\connection.py", line 206, in _open_connection
    self._socket.open_connection()
    ~~~~~~~~~~~~~~~~~~~~~~~~~~~~^^
  File "C:\Users\varsz\AppData\Local\Programs\Python\Python313\Lib\site-packages\mysql\connector\network.py", line 511, in open_connection
    raise errors.InterfaceError(
        errno=2003, values=(self.get_address(), _strioerror(err)))
mysql.connector.errors.InterfaceError: 2003: Can't connect to MySQL server on 'localhost:3306' (10061 No connection could be made because the target machine actively refused it)
2026-07-14 12:29:55,900 - ERROR - /recent error: 2003: Can't connect to MySQL server on 'localhost:3306' (10061 No connection could be made because the target machine actively refused it)
Traceback (most recent call last):
  File "C:\Users\varsz\AppData\Local\Programs\Python\Python313\Lib\site-packages\mysql\connector\network.py", line 509, in open_connection
    self.sock.connect(sockaddr)
    ~~~~~~~~~~~~~~~~~^^^^^^^^^^
ConnectionRefusedError: [WinError 10061] No connection could be made because the target machine actively refused it

During handling of the above exception, another exception occurred:

Traceback (most recent call last):
  File "C:\laragon\www\Drone-Dashboard-Website\serverWithForwardV2.py", line 245, in recent_route
    conn = connect_database()
  File "C:\laragon\www\Drone-Dashboard-Website\serverWithForwardV2.py", line 101, in connect_database
    return mysql.connector.connect(
           ~~~~~~~~~~~~~~~~~~~~~~~^
        host=DB_CONFIG["host"],
        ^^^^^^^^^^^^^^^^^^^^^^^
    ...<2 lines>...
        database=DB_CONFIG["database"],
        ^^^^^^^^^^^^^^^^^^^^^^^^^^^^^^^
    )
    ^
  File "C:\Users\varsz\AppData\Local\Programs\Python\Python313\Lib\site-packages\mysql\connector\__init__.py", line 179, in connect
    return MySQLConnection(*args, **kwargs)
  File "C:\Users\varsz\AppData\Local\Programs\Python\Python313\Lib\site-packages\mysql\connector\connection.py", line 95, in __init__
    self.connect(**kwargs)
    ~~~~~~~~~~~~^^^^^^^^^^
  File "C:\Users\varsz\AppData\Local\Programs\Python\Python313\Lib\site-packages\mysql\connector\abstracts.py", line 716, in connect
    self._open_connection()
    ~~~~~~~~~~~~~~~~~~~~~^^
  File "C:\Users\varsz\AppData\Local\Programs\Python\Python313\Lib\site-packages\mysql\connector\connection.py", line 206, in _open_connection
    self._socket.open_connection()
    ~~~~~~~~~~~~~~~~~~~~~~~~~~~~^^
  File "C:\Users\varsz\AppData\Local\Programs\Python\Python313\Lib\site-packages\mysql\connector\network.py", line 511, in open_connection
    raise errors.InterfaceError(
        errno=2003, values=(self.get_address(), _strioerror(err)))
mysql.connector.errors.InterfaceError: 2003: Can't connect to MySQL server on 'localhost:3306' (10061 No connection could be made because the target machine actively refused it)
2026-07-14 12:29:58,909 - ERROR - /recent error: 2003: Can't connect to MySQL server on 'localhost:3306' (10061 No connection could be made because the target machine actively refused it)
Traceback (most recent call last):
  File "C:\Users\varsz\AppData\Local\Programs\Python\Python313\Lib\site-packages\mysql\connector\network.py", line 509, in open_connection
    self.sock.connect(sockaddr)
    ~~~~~~~~~~~~~~~~~^^^^^^^^^^
ConnectionRefusedError: [WinError 10061] No connection could be made because the target machine actively refused it

During handling of the above exception, another exception occurred:

Traceback (most recent call last):
  File "C:\laragon\www\Drone-Dashboard-Website\serverWithForwardV2.py", line 245, in recent_route
    conn = connect_database()
  File "C:\laragon\www\Drone-Dashboard-Website\serverWithForwardV2.py", line 101, in connect_database
    return mysql.connector.connect(
           ~~~~~~~~~~~~~~~~~~~~~~~^
        host=DB_CONFIG["host"],
        ^^^^^^^^^^^^^^^^^^^^^^^
    ...<2 lines>...
        database=DB_CONFIG["database"],
        ^^^^^^^^^^^^^^^^^^^^^^^^^^^^^^^
    )
    ^
  File "C:\Users\varsz\AppData\Local\Programs\Python\Python313\Lib\site-packages\mysql\connector\__init__.py", line 179, in connect
    return MySQLConnection(*args, **kwargs)
  File "C:\Users\varsz\AppData\Local\Programs\Python\Python313\Lib\site-packages\mysql\connector\connection.py", line 95, in __init__
    self.connect(**kwargs)
    ~~~~~~~~~~~~^^^^^^^^^^
  File "C:\Users\varsz\AppData\Local\Programs\Python\Python313\Lib\site-packages\mysql\connector\abstracts.py", line 716, in connect
    self._open_connection()
    ~~~~~~~~~~~~~~~~~~~~~^^
  File "C:\Users\varsz\AppData\Local\Programs\Python\Python313\Lib\site-packages\mysql\connector\connection.py", line 206, in _open_connection
    self._socket.open_connection()
    ~~~~~~~~~~~~~~~~~~~~~~~~~~~~^^
  File "C:\Users\varsz\AppData\Local\Programs\Python\Python313\Lib\site-packages\mysql\connector\network.py", line 511, in open_connection
    raise errors.InterfaceError(
        errno=2003, values=(self.get_address(), _strioerror(err)))
mysql.connector.errors.InterfaceError: 2003: Can't connect to MySQL server on 'localhost:3306' (10061 No connection could be made because the target machine actively refused it)
2026-07-14 12:30:01,896 - ERROR - /recent error: 2003: Can't connect to MySQL server on 'localhost:3306' (10061 No connection could be made because the target machine actively refused it)
Traceback (most recent call last):
  File "C:\Users\varsz\AppData\Local\Programs\Python\Python313\Lib\site-packages\mysql\connector\network.py", line 509, in open_connection
    self.sock.connect(sockaddr)
    ~~~~~~~~~~~~~~~~~^^^^^^^^^^
ConnectionRefusedError: [WinError 10061] No connection could be made because the target machine actively refused it

During handling of the above exception, another exception occurred:

Traceback (most recent call last):
  File "C:\laragon\www\Drone-Dashboard-Website\serverWithForwardV2.py", line 245, in recent_route
    conn = connect_database()
  File "C:\laragon\www\Drone-Dashboard-Website\serverWithForwardV2.py", line 101, in connect_database
    return mysql.connector.connect(
           ~~~~~~~~~~~~~~~~~~~~~~~^
        host=DB_CONFIG["host"],
        ^^^^^^^^^^^^^^^^^^^^^^^
    ...<2 lines>...
        database=DB_CONFIG["database"],
        ^^^^^^^^^^^^^^^^^^^^^^^^^^^^^^^
    )
    ^
  File "C:\Users\varsz\AppData\Local\Programs\Python\Python313\Lib\site-packages\mysql\connector\__init__.py", line 179, in connect
    return MySQLConnection(*args, **kwargs)
  File "C:\Users\varsz\AppData\Local\Programs\Python\Python313\Lib\site-packages\mysql\connector\connection.py", line 95, in __init__
    self.connect(**kwargs)
    ~~~~~~~~~~~~^^^^^^^^^^
  File "C:\Users\varsz\AppData\Local\Programs\Python\Python313\Lib\site-packages\mysql\connector\abstracts.py", line 716, in connect
    self._open_connection()
    ~~~~~~~~~~~~~~~~~~~~~^^
  File "C:\Users\varsz\AppData\Local\Programs\Python\Python313\Lib\site-packages\mysql\connector\connection.py", line 206, in _open_connection
    self._socket.open_connection()
    ~~~~~~~~~~~~~~~~~~~~~~~~~~~~^^
  File "C:\Users\varsz\AppData\Local\Programs\Python\Python313\Lib\site-packages\mysql\connector\network.py", line 511, in open_connection
    raise errors.InterfaceError(
        errno=2003, values=(self.get_address(), _strioerror(err)))
mysql.connector.errors.InterfaceError: 2003: Can't connect to MySQL server on 'localhost:3306' (10061 No connection could be made because the target machine actively refused it)
2026-07-14 12:30:04,911 - ERROR - /recent error: 2003: Can't connect to MySQL server on 'localhost:3306' (10061 No connection could be made because the target machine actively refused it)
Traceback (most recent call last):
  File "C:\Users\varsz\AppData\Local\Programs\Python\Python313\Lib\site-packages\mysql\connector\network.py", line 509, in open_connection
    self.sock.connect(sockaddr)
    ~~~~~~~~~~~~~~~~~^^^^^^^^^^
ConnectionRefusedError: [WinError 10061] No connection could be made because the target machine actively refused it

During handling of the above exception, another exception occurred:

Traceback (most recent call last):
  File "C:\laragon\www\Drone-Dashboard-Website\serverWithForwardV2.py", line 245, in recent_route
    conn = connect_database()
  File "C:\laragon\www\Drone-Dashboard-Website\serverWithForwardV2.py", line 101, in connect_database
    return mysql.connector.connect(
           ~~~~~~~~~~~~~~~~~~~~~~~^
        host=DB_CONFIG["host"],
        ^^^^^^^^^^^^^^^^^^^^^^^
    ...<2 lines>...
        database=DB_CONFIG["database"],
        ^^^^^^^^^^^^^^^^^^^^^^^^^^^^^^^
    )
    ^
  File "C:\Users\varsz\AppData\Local\Programs\Python\Python313\Lib\site-packages\mysql\connector\__init__.py", line 179, in connect
    return MySQLConnection(*args, **kwargs)
  File "C:\Users\varsz\AppData\Local\Programs\Python\Python313\Lib\site-packages\mysql\connector\connection.py", line 95, in __init__
    self.connect(**kwargs)
    ~~~~~~~~~~~~^^^^^^^^^^
  File "C:\Users\varsz\AppData\Local\Programs\Python\Python313\Lib\site-packages\mysql\connector\abstracts.py", line 716, in connect
    self._open_connection()
    ~~~~~~~~~~~~~~~~~~~~~^^
  File "C:\Users\varsz\AppData\Local\Programs\Python\Python313\Lib\site-packages\mysql\connector\connection.py", line 206, in _open_connection
    self._socket.open_connection()
    ~~~~~~~~~~~~~~~~~~~~~~~~~~~~^^
  File "C:\Users\varsz\AppData\Local\Programs\Python\Python313\Lib\site-packages\mysql\connector\network.py", line 511, in open_connection
    raise errors.InterfaceError(
        errno=2003, values=(self.get_address(), _strioerror(err)))
mysql.connector.errors.InterfaceError: 2003: Can't connect to MySQL server on 'localhost:3306' (10061 No connection could be made because the target machine actively refused it)
2026-07-14 12:30:07,905 - ERROR - /recent error: 2003: Can't connect to MySQL server on 'localhost:3306' (10061 No connection could be made because the target machine actively refused it)
Traceback (most recent call last):
  File "C:\Users\varsz\AppData\Local\Programs\Python\Python313\Lib\site-packages\mysql\connector\network.py", line 509, in open_connection
    self.sock.connect(sockaddr)
    ~~~~~~~~~~~~~~~~~^^^^^^^^^^
ConnectionRefusedError: [WinError 10061] No connection could be made because the target machine actively refused it

During handling of the above exception, another exception occurred:

Traceback (most recent call last):
  File "C:\laragon\www\Drone-Dashboard-Website\serverWithForwardV2.py", line 245, in recent_route
    conn = connect_database()
  File "C:\laragon\www\Drone-Dashboard-Website\serverWithForwardV2.py", line 101, in connect_database
    return mysql.connector.connect(
           ~~~~~~~~~~~~~~~~~~~~~~~^
        host=DB_CONFIG["host"],
        ^^^^^^^^^^^^^^^^^^^^^^^
    ...<2 lines>...
        database=DB_CONFIG["database"],
        ^^^^^^^^^^^^^^^^^^^^^^^^^^^^^^^
    )
    ^
  File "C:\Users\varsz\AppData\Local\Programs\Python\Python313\Lib\site-packages\mysql\connector\__init__.py", line 179, in connect
    return MySQLConnection(*args, **kwargs)
  File "C:\Users\varsz\AppData\Local\Programs\Python\Python313\Lib\site-packages\mysql\connector\connection.py", line 95, in __init__
    self.connect(**kwargs)
    ~~~~~~~~~~~~^^^^^^^^^^
  File "C:\Users\varsz\AppData\Local\Programs\Python\Python313\Lib\site-packages\mysql\connector\abstracts.py", line 716, in connect
    self._open_connection()
    ~~~~~~~~~~~~~~~~~~~~~^^
  File "C:\Users\varsz\AppData\Local\Programs\Python\Python313\Lib\site-packages\mysql\connector\connection.py", line 206, in _open_connection
    self._socket.open_connection()
    ~~~~~~~~~~~~~~~~~~~~~~~~~~~~^^
  File "C:\Users\varsz\AppData\Local\Programs\Python\Python313\Lib\site-packages\mysql\connector\network.py", line 511, in open_connection
    raise errors.InterfaceError(
        errno=2003, values=(self.get_address(), _strioerror(err)))
mysql.connector.errors.InterfaceError: 2003: Can't connect to MySQL server on 'localhost:3306' (10061 No connection could be made because the target machine actively refused it)
2026-07-14 12:30:10,880 - ERROR - /recent error: 2003: Can't connect to MySQL server on 'localhost:3306' (10061 No connection could be made because the target machine actively refused it)
Traceback (most recent call last):
  File "C:\Users\varsz\AppData\Local\Programs\Python\Python313\Lib\site-packages\mysql\connector\network.py", line 509, in open_connection
    self.sock.connect(sockaddr)
    ~~~~~~~~~~~~~~~~~^^^^^^^^^^
ConnectionRefusedError: [WinError 10061] No connection could be made because the target machine actively refused it

During handling of the above exception, another exception occurred:

Traceback (most recent call last):
  File "C:\laragon\www\Drone-Dashboard-Website\serverWithForwardV2.py", line 245, in recent_route
    conn = connect_database()
  File "C:\laragon\www\Drone-Dashboard-Website\serverWithForwardV2.py", line 101, in connect_database
    return mysql.connector.connect(
           ~~~~~~~~~~~~~~~~~~~~~~~^
        host=DB_CONFIG["host"],
        ^^^^^^^^^^^^^^^^^^^^^^^
    ...<2 lines>...
        database=DB_CONFIG["database"],
        ^^^^^^^^^^^^^^^^^^^^^^^^^^^^^^^
    )
    ^
  File "C:\Users\varsz\AppData\Local\Programs\Python\Python313\Lib\site-packages\mysql\connector\__init__.py", line 179, in connect
    return MySQLConnection(*args, **kwargs)
  File "C:\Users\varsz\AppData\Local\Programs\Python\Python313\Lib\site-packages\mysql\connector\connection.py", line 95, in __init__
    self.connect(**kwargs)
    ~~~~~~~~~~~~^^^^^^^^^^
  File "C:\Users\varsz\AppData\Local\Programs\Python\Python313\Lib\site-packages\mysql\connector\abstracts.py", line 716, in connect
    self._open_connection()
    ~~~~~~~~~~~~~~~~~~~~~^^
  File "C:\Users\varsz\AppData\Local\Programs\Python\Python313\Lib\site-packages\mysql\connector\connection.py", line 206, in _open_connection
    self._socket.open_connection()
    ~~~~~~~~~~~~~~~~~~~~~~~~~~~~^^
  File "C:\Users\varsz\AppData\Local\Programs\Python\Python313\Lib\site-packages\mysql\connector\network.py", line 511, in open_connection
    raise errors.InterfaceError(
        errno=2003, values=(self.get_address(), _strioerror(err)))
mysql.connector.errors.InterfaceError: 2003: Can't connect to MySQL server on 'localhost:3306' (10061 No connection could be made because the target machine actively refused it)
2026-07-14 12:30:13,918 - ERROR - /recent error: 2003: Can't connect to MySQL server on 'localhost:3306' (10061 No connection could be made because the target machine actively refused it)
Traceback (most recent call last):
  File "C:\Users\varsz\AppData\Local\Programs\Python\Python313\Lib\site-packages\mysql\connector\network.py", line 509, in open_connection
    self.sock.connect(sockaddr)
    ~~~~~~~~~~~~~~~~~^^^^^^^^^^
ConnectionRefusedError: [WinError 10061] No connection could be made because the target machine actively refused it

During handling of the above exception, another exception occurred:

Traceback (most recent call last):
  File "C:\laragon\www\Drone-Dashboard-Website\serverWithForwardV2.py", line 245, in recent_route
    conn = connect_database()
  File "C:\laragon\www\Drone-Dashboard-Website\serverWithForwardV2.py", line 101, in connect_database
    return mysql.connector.connect(
           ~~~~~~~~~~~~~~~~~~~~~~~^
        host=DB_CONFIG["host"],
        ^^^^^^^^^^^^^^^^^^^^^^^
    ...<2 lines>...
        database=DB_CONFIG["database"],
        ^^^^^^^^^^^^^^^^^^^^^^^^^^^^^^^
    )
    ^
  File "C:\Users\varsz\AppData\Local\Programs\Python\Python313\Lib\site-packages\mysql\connector\__init__.py", line 179, in connect
    return MySQLConnection(*args, **kwargs)
  File "C:\Users\varsz\AppData\Local\Programs\Python\Python313\Lib\site-packages\mysql\connector\connection.py", line 95, in __init__
    self.connect(**kwargs)
    ~~~~~~~~~~~~^^^^^^^^^^
  File "C:\Users\varsz\AppData\Local\Programs\Python\Python313\Lib\site-packages\mysql\connector\abstracts.py", line 716, in connect
    self._open_connection()
    ~~~~~~~~~~~~~~~~~~~~~^^
  File "C:\Users\varsz\AppData\Local\Programs\Python\Python313\Lib\site-packages\mysql\connector\connection.py", line 206, in _open_connection
    self._socket.open_connection()
    ~~~~~~~~~~~~~~~~~~~~~~~~~~~~^^
  File "C:\Users\varsz\AppData\Local\Programs\Python\Python313\Lib\site-packages\mysql\connector\network.py", line 511, in open_connection
    raise errors.InterfaceError(
        errno=2003, values=(self.get_address(), _strioerror(err)))
mysql.connector.errors.InterfaceError: 2003: Can't connect to MySQL server on 'localhost:3306' (10061 No connection could be made because the target machine actively refused it)
2026-07-14 12:30:16,917 - ERROR - /recent error: 2003: Can't connect to MySQL server on 'localhost:3306' (10061 No connection could be made because the target machine actively refused it)
Traceback (most recent call last):
  File "C:\Users\varsz\AppData\Local\Programs\Python\Python313\Lib\site-packages\mysql\connector\network.py", line 509, in open_connection
    self.sock.connect(sockaddr)
    ~~~~~~~~~~~~~~~~~^^^^^^^^^^
ConnectionRefusedError: [WinError 10061] No connection could be made because the target machine actively refused it

During handling of the above exception, another exception occurred:

Traceback (most recent call last):
  File "C:\laragon\www\Drone-Dashboard-Website\serverWithForwardV2.py", line 245, in recent_route
    conn = connect_database()
  File "C:\laragon\www\Drone-Dashboard-Website\serverWithForwardV2.py", line 101, in connect_database
    return mysql.connector.connect(
           ~~~~~~~~~~~~~~~~~~~~~~~^
        host=DB_CONFIG["host"],
        ^^^^^^^^^^^^^^^^^^^^^^^
    ...<2 lines>...
        database=DB_CONFIG["database"],
        ^^^^^^^^^^^^^^^^^^^^^^^^^^^^^^^
    )
    ^
  File "C:\Users\varsz\AppData\Local\Programs\Python\Python313\Lib\site-packages\mysql\connector\__init__.py", line 179, in connect
    return MySQLConnection(*args, **kwargs)
  File "C:\Users\varsz\AppData\Local\Programs\Python\Python313\Lib\site-packages\mysql\connector\connection.py", line 95, in __init__
    self.connect(**kwargs)
    ~~~~~~~~~~~~^^^^^^^^^^
  File "C:\Users\varsz\AppData\Local\Programs\Python\Python313\Lib\site-packages\mysql\connector\abstracts.py", line 716, in connect
    self._open_connection()
    ~~~~~~~~~~~~~~~~~~~~~^^
  File "C:\Users\varsz\AppData\Local\Programs\Python\Python313\Lib\site-packages\mysql\connector\connection.py", line 206, in _open_connection
    self._socket.open_connection()
    ~~~~~~~~~~~~~~~~~~~~~~~~~~~~^^
  File "C:\Users\varsz\AppData\Local\Programs\Python\Python313\Lib\site-packages\mysql\connector\network.py", line 511, in open_connection
    raise errors.InterfaceError(
        errno=2003, values=(self.get_address(), _strioerror(err)))
mysql.connector.errors.InterfaceError: 2003: Can't connect to MySQL server on 'localhost:3306' (10061 No connection could be made because the target machine actively refused it)
2026-07-14 12:30:19,898 - ERROR - /recent error: 2003: Can't connect to MySQL server on 'localhost:3306' (10061 No connection could be made because the target machine actively refused it)
Traceback (most recent call last):
  File "C:\Users\varsz\AppData\Local\Programs\Python\Python313\Lib\site-packages\mysql\connector\network.py", line 509, in open_connection
    self.sock.connect(sockaddr)
    ~~~~~~~~~~~~~~~~~^^^^^^^^^^
ConnectionRefusedError: [WinError 10061] No connection could be made because the target machine actively refused it

During handling of the above exception, another exception occurred:

Traceback (most recent call last):
  File "C:\laragon\www\Drone-Dashboard-Website\serverWithForwardV2.py", line 245, in recent_route
    conn = connect_database()
  File "C:\laragon\www\Drone-Dashboard-Website\serverWithForwardV2.py", line 101, in connect_database
    return mysql.connector.connect(
           ~~~~~~~~~~~~~~~~~~~~~~~^
        host=DB_CONFIG["host"],
        ^^^^^^^^^^^^^^^^^^^^^^^
    ...<2 lines>...
        database=DB_CONFIG["database"],
        ^^^^^^^^^^^^^^^^^^^^^^^^^^^^^^^
    )
    ^
  File "C:\Users\varsz\AppData\Local\Programs\Python\Python313\Lib\site-packages\mysql\connector\__init__.py", line 179, in connect
    return MySQLConnection(*args, **kwargs)
  File "C:\Users\varsz\AppData\Local\Programs\Python\Python313\Lib\site-packages\mysql\connector\connection.py", line 95, in __init__
    self.connect(**kwargs)
    ~~~~~~~~~~~~^^^^^^^^^^
  File "C:\Users\varsz\AppData\Local\Programs\Python\Python313\Lib\site-packages\mysql\connector\abstracts.py", line 716, in connect
    self._open_connection()
    ~~~~~~~~~~~~~~~~~~~~~^^
  File "C:\Users\varsz\AppData\Local\Programs\Python\Python313\Lib\site-packages\mysql\connector\connection.py", line 206, in _open_connection
    self._socket.open_connection()
    ~~~~~~~~~~~~~~~~~~~~~~~~~~~~^^
  File "C:\Users\varsz\AppData\Local\Programs\Python\Python313\Lib\site-packages\mysql\connector\network.py", line 511, in open_connection
    raise errors.InterfaceError(
        errno=2003, values=(self.get_address(), _strioerror(err)))
mysql.connector.errors.InterfaceError: 2003: Can't connect to MySQL server on 'localhost:3306' (10061 No connection could be made because the target machine actively refused it)
2026-07-14 12:30:22,931 - ERROR - /recent error: 2003: Can't connect to MySQL server on 'localhost:3306' (10061 No connection could be made because the target machine actively refused it)
Traceback (most recent call last):
  File "C:\Users\varsz\AppData\Local\Programs\Python\Python313\Lib\site-packages\mysql\connector\network.py", line 509, in open_connection
    self.sock.connect(sockaddr)
    ~~~~~~~~~~~~~~~~~^^^^^^^^^^
ConnectionRefusedError: [WinError 10061] No connection could be made because the target machine actively refused it

During handling of the above exception, another exception occurred:

Traceback (most recent call last):
  File "C:\laragon\www\Drone-Dashboard-Website\serverWithForwardV2.py", line 245, in recent_route
    conn = connect_database()
  File "C:\laragon\www\Drone-Dashboard-Website\serverWithForwardV2.py", line 101, in connect_database
    return mysql.connector.connect(
           ~~~~~~~~~~~~~~~~~~~~~~~^
        host=DB_CONFIG["host"],
        ^^^^^^^^^^^^^^^^^^^^^^^
    ...<2 lines>...
        database=DB_CONFIG["database"],
        ^^^^^^^^^^^^^^^^^^^^^^^^^^^^^^^
    )
    ^
  File "C:\Users\varsz\AppData\Local\Programs\Python\Python313\Lib\site-packages\mysql\connector\__init__.py", line 179, in connect
    return MySQLConnection(*args, **kwargs)
  File "C:\Users\varsz\AppData\Local\Programs\Python\Python313\Lib\site-packages\mysql\connector\connection.py", line 95, in __init__
    self.connect(**kwargs)
    ~~~~~~~~~~~~^^^^^^^^^^
  File "C:\Users\varsz\AppData\Local\Programs\Python\Python313\Lib\site-packages\mysql\connector\abstracts.py", line 716, in connect
    self._open_connection()
    ~~~~~~~~~~~~~~~~~~~~~^^
  File "C:\Users\varsz\AppData\Local\Programs\Python\Python313\Lib\site-packages\mysql\connector\connection.py", line 206, in _open_connection
    self._socket.open_connection()
    ~~~~~~~~~~~~~~~~~~~~~~~~~~~~^^
  File "C:\Users\varsz\AppData\Local\Programs\Python\Python313\Lib\site-packages\mysql\connector\network.py", line 511, in open_connection
    raise errors.InterfaceError(
        errno=2003, values=(self.get_address(), _strioerror(err)))
mysql.connector.errors.InterfaceError: 2003: Can't connect to MySQL server on 'localhost:3306' (10061 No connection could be made because the target machine actively refused it)
2026-07-14 12:30:25,916 - ERROR - /recent error: 2003: Can't connect to MySQL server on 'localhost:3306' (10061 No connection could be made because the target machine actively refused it)
Traceback (most recent call last):
  File "C:\Users\varsz\AppData\Local\Programs\Python\Python313\Lib\site-packages\mysql\connector\network.py", line 509, in open_connection
    self.sock.connect(sockaddr)
    ~~~~~~~~~~~~~~~~~^^^^^^^^^^
ConnectionRefusedError: [WinError 10061] No connection could be made because the target machine actively refused it

During handling of the above exception, another exception occurred:

Traceback (most recent call last):
  File "C:\laragon\www\Drone-Dashboard-Website\serverWithForwardV2.py", line 245, in recent_route
    conn = connect_database()
  File "C:\laragon\www\Drone-Dashboard-Website\serverWithForwardV2.py", line 101, in connect_database
    return mysql.connector.connect(
           ~~~~~~~~~~~~~~~~~~~~~~~^
        host=DB_CONFIG["host"],
        ^^^^^^^^^^^^^^^^^^^^^^^
    ...<2 lines>...
        database=DB_CONFIG["database"],
        ^^^^^^^^^^^^^^^^^^^^^^^^^^^^^^^
    )
    ^
  File "C:\Users\varsz\AppData\Local\Programs\Python\Python313\Lib\site-packages\mysql\connector\__init__.py", line 179, in connect
    return MySQLConnection(*args, **kwargs)
  File "C:\Users\varsz\AppData\Local\Programs\Python\Python313\Lib\site-packages\mysql\connector\connection.py", line 95, in __init__
    self.connect(**kwargs)
    ~~~~~~~~~~~~^^^^^^^^^^
  File "C:\Users\varsz\AppData\Local\Programs\Python\Python313\Lib\site-packages\mysql\connector\abstracts.py", line 716, in connect
    self._open_connection()
    ~~~~~~~~~~~~~~~~~~~~~^^
  File "C:\Users\varsz\AppData\Local\Programs\Python\Python313\Lib\site-packages\mysql\connector\connection.py", line 206, in _open_connection
    self._socket.open_connection()
    ~~~~~~~~~~~~~~~~~~~~~~~~~~~~^^
  File "C:\Users\varsz\AppData\Local\Programs\Python\Python313\Lib\site-packages\mysql\connector\network.py", line 511, in open_connection
    raise errors.InterfaceError(
        errno=2003, values=(self.get_address(), _strioerror(err)))
mysql.connector.errors.InterfaceError: 2003: Can't connect to MySQL server on 'localhost:3306' (10061 No connection could be made because the target machine actively refused it)
2026-07-14 12:30:28,926 - ERROR - /recent error: 2003: Can't connect to MySQL server on 'localhost:3306' (10061 No connection could be made because the target machine actively refused it)
Traceback (most recent call last):
  File "C:\Users\varsz\AppData\Local\Programs\Python\Python313\Lib\site-packages\mysql\connector\network.py", line 509, in open_connection
    self.sock.connect(sockaddr)
    ~~~~~~~~~~~~~~~~~^^^^^^^^^^
ConnectionRefusedError: [WinError 10061] No connection could be made because the target machine actively refused it

During handling of the above exception, another exception occurred:

Traceback (most recent call last):
  File "C:\laragon\www\Drone-Dashboard-Website\serverWithForwardV2.py", line 245, in recent_route
    conn = connect_database()
  File "C:\laragon\www\Drone-Dashboard-Website\serverWithForwardV2.py", line 101, in connect_database
    return mysql.connector.connect(
           ~~~~~~~~~~~~~~~~~~~~~~~^
        host=DB_CONFIG["host"],
        ^^^^^^^^^^^^^^^^^^^^^^^
    ...<2 lines>...
        database=DB_CONFIG["database"],
        ^^^^^^^^^^^^^^^^^^^^^^^^^^^^^^^
    )
    ^
  File "C:\Users\varsz\AppData\Local\Programs\Python\Python313\Lib\site-packages\mysql\connector\__init__.py", line 179, in connect
    return MySQLConnection(*args, **kwargs)
  File "C:\Users\varsz\AppData\Local\Programs\Python\Python313\Lib\site-packages\mysql\connector\connection.py", line 95, in __init__
    self.connect(**kwargs)
    ~~~~~~~~~~~~^^^^^^^^^^
  File "C:\Users\varsz\AppData\Local\Programs\Python\Python313\Lib\site-packages\mysql\connector\abstracts.py", line 716, in connect
    self._open_connection()
    ~~~~~~~~~~~~~~~~~~~~~^^
  File "C:\Users\varsz\AppData\Local\Programs\Python\Python313\Lib\site-packages\mysql\connector\connection.py", line 206, in _open_connection
    self._socket.open_connection()
    ~~~~~~~~~~~~~~~~~~~~~~~~~~~~^^
  File "C:\Users\varsz\AppData\Local\Programs\Python\Python313\Lib\site-packages\mysql\connector\network.py", line 511, in open_connection
    raise errors.InterfaceError(
        errno=2003, values=(self.get_address(), _strioerror(err)))
mysql.connector.errors.InterfaceError: 2003: Can't connect to MySQL server on 'localhost:3306' (10061 No connection could be made because the target machine actively refused it)
2026-07-14 12:30:31,925 - ERROR - /recent error: 2003: Can't connect to MySQL server on 'localhost:3306' (10061 No connection could be made because the target machine actively refused it)
Traceback (most recent call last):
  File "C:\Users\varsz\AppData\Local\Programs\Python\Python313\Lib\site-packages\mysql\connector\network.py", line 509, in open_connection
    self.sock.connect(sockaddr)
    ~~~~~~~~~~~~~~~~~^^^^^^^^^^
ConnectionRefusedError: [WinError 10061] No connection could be made because the target machine actively refused it

During handling of the above exception, another exception occurred:

Traceback (most recent call last):
  File "C:\laragon\www\Drone-Dashboard-Website\serverWithForwardV2.py", line 245, in recent_route
    conn = connect_database()
  File "C:\laragon\www\Drone-Dashboard-Website\serverWithForwardV2.py", line 101, in connect_database
    return mysql.connector.connect(
           ~~~~~~~~~~~~~~~~~~~~~~~^
        host=DB_CONFIG["host"],
        ^^^^^^^^^^^^^^^^^^^^^^^
    ...<2 lines>...
        database=DB_CONFIG["database"],
        ^^^^^^^^^^^^^^^^^^^^^^^^^^^^^^^
    )
    ^
  File "C:\Users\varsz\AppData\Local\Programs\Python\Python313\Lib\site-packages\mysql\connector\__init__.py", line 179, in connect
    return MySQLConnection(*args, **kwargs)
  File "C:\Users\varsz\AppData\Local\Programs\Python\Python313\Lib\site-packages\mysql\connector\connection.py", line 95, in __init__
    self.connect(**kwargs)
    ~~~~~~~~~~~~^^^^^^^^^^
  File "C:\Users\varsz\AppData\Local\Programs\Python\Python313\Lib\site-packages\mysql\connector\abstracts.py", line 716, in connect
    self._open_connection()
    ~~~~~~~~~~~~~~~~~~~~~^^
  File "C:\Users\varsz\AppData\Local\Programs\Python\Python313\Lib\site-packages\mysql\connector\connection.py", line 206, in _open_connection
    self._socket.open_connection()
    ~~~~~~~~~~~~~~~~~~~~~~~~~~~~^^
  File "C:\Users\varsz\AppData\Local\Programs\Python\Python313\Lib\site-packages\mysql\connector\network.py", line 511, in open_connection
    raise errors.InterfaceError(
        errno=2003, values=(self.get_address(), _strioerror(err)))
mysql.connector.errors.InterfaceError: 2003: Can't connect to MySQL server on 'localhost:3306' (10061 No connection could be made because the target machine actively refused it)
2026-07-14 12:30:34,926 - ERROR - /recent error: 2003: Can't connect to MySQL server on 'localhost:3306' (10061 No connection could be made because the target machine actively refused it)
Traceback (most recent call last):
  File "C:\Users\varsz\AppData\Local\Programs\Python\Python313\Lib\site-packages\mysql\connector\network.py", line 509, in open_connection
    self.sock.connect(sockaddr)
    ~~~~~~~~~~~~~~~~~^^^^^^^^^^
ConnectionRefusedError: [WinError 10061] No connection could be made because the target machine actively refused it

During handling of the above exception, another exception occurred:

Traceback (most recent call last):
  File "C:\laragon\www\Drone-Dashboard-Website\serverWithForwardV2.py", line 245, in recent_route
    conn = connect_database()
  File "C:\laragon\www\Drone-Dashboard-Website\serverWithForwardV2.py", line 101, in connect_database
    return mysql.connector.connect(
           ~~~~~~~~~~~~~~~~~~~~~~~^
        host=DB_CONFIG["host"],
        ^^^^^^^^^^^^^^^^^^^^^^^
    ...<2 lines>...
        database=DB_CONFIG["database"],
        ^^^^^^^^^^^^^^^^^^^^^^^^^^^^^^^
    )
    ^
  File "C:\Users\varsz\AppData\Local\Programs\Python\Python313\Lib\site-packages\mysql\connector\__init__.py", line 179, in connect
    return MySQLConnection(*args, **kwargs)
  File "C:\Users\varsz\AppData\Local\Programs\Python\Python313\Lib\site-packages\mysql\connector\connection.py", line 95, in __init__
    self.connect(**kwargs)
    ~~~~~~~~~~~~^^^^^^^^^^
  File "C:\Users\varsz\AppData\Local\Programs\Python\Python313\Lib\site-packages\mysql\connector\abstracts.py", line 716, in connect
    self._open_connection()
    ~~~~~~~~~~~~~~~~~~~~~^^
  File "C:\Users\varsz\AppData\Local\Programs\Python\Python313\Lib\site-packages\mysql\connector\connection.py", line 206, in _open_connection
    self._socket.open_connection()
    ~~~~~~~~~~~~~~~~~~~~~~~~~~~~^^
  File "C:\Users\varsz\AppData\Local\Programs\Python\Python313\Lib\site-packages\mysql\connector\network.py", line 511, in open_connection
    raise errors.InterfaceError(
        errno=2003, values=(self.get_address(), _strioerror(err)))
mysql.connector.errors.InterfaceError: 2003: Can't connect to MySQL server on 'localhost:3306' (10061 No connection could be made because the target machine actively refused it)
2026-07-14 12:30:37,908 - ERROR - /recent error: 2003: Can't connect to MySQL server on 'localhost:3306' (10061 No connection could be made because the target machine actively refused it)
Traceback (most recent call last):
  File "C:\Users\varsz\AppData\Local\Programs\Python\Python313\Lib\site-packages\mysql\connector\network.py", line 509, in open_connection
    self.sock.connect(sockaddr)
    ~~~~~~~~~~~~~~~~~^^^^^^^^^^
ConnectionRefusedError: [WinError 10061] No connection could be made because the target machine actively refused it

During handling of the above exception, another exception occurred:

Traceback (most recent call last):
  File "C:\laragon\www\Drone-Dashboard-Website\serverWithForwardV2.py", line 245, in recent_route
    conn = connect_database()
  File "C:\laragon\www\Drone-Dashboard-Website\serverWithForwardV2.py", line 101, in connect_database
    return mysql.connector.connect(
           ~~~~~~~~~~~~~~~~~~~~~~~^
        host=DB_CONFIG["host"],
        ^^^^^^^^^^^^^^^^^^^^^^^
    ...<2 lines>...
        database=DB_CONFIG["database"],
        ^^^^^^^^^^^^^^^^^^^^^^^^^^^^^^^
    )
    ^
  File "C:\Users\varsz\AppData\Local\Programs\Python\Python313\Lib\site-packages\mysql\connector\__init__.py", line 179, in connect
    return MySQLConnection(*args, **kwargs)
  File "C:\Users\varsz\AppData\Local\Programs\Python\Python313\Lib\site-packages\mysql\connector\connection.py", line 95, in __init__
    self.connect(**kwargs)
    ~~~~~~~~~~~~^^^^^^^^^^
  File "C:\Users\varsz\AppData\Local\Programs\Python\Python313\Lib\site-packages\mysql\connector\abstracts.py", line 716, in connect
    self._open_connection()
    ~~~~~~~~~~~~~~~~~~~~~^^
  File "C:\Users\varsz\AppData\Local\Programs\Python\Python313\Lib\site-packages\mysql\connector\connection.py", line 206, in _open_connection
    self._socket.open_connection()
    ~~~~~~~~~~~~~~~~~~~~~~~~~~~~^^
  File "C:\Users\varsz\AppData\Local\Programs\Python\Python313\Lib\site-packages\mysql\connector\network.py", line 511, in open_connection
    raise errors.InterfaceError(
        errno=2003, values=(self.get_address(), _strioerror(err)))
mysql.connector.errors.InterfaceError: 2003: Can't connect to MySQL server on 'localhost:3306' (10061 No connection could be made because the target machine actively refused it)
2026-07-14 12:30:40,910 - ERROR - /recent error: 2003: Can't connect to MySQL server on 'localhost:3306' (10061 No connection could be made because the target machine actively refused it)
Traceback (most recent call last):
  File "C:\Users\varsz\AppData\Local\Programs\Python\Python313\Lib\site-packages\mysql\connector\network.py", line 509, in open_connection
    self.sock.connect(sockaddr)
    ~~~~~~~~~~~~~~~~~^^^^^^^^^^
ConnectionRefusedError: [WinError 10061] No connection could be made because the target machine actively refused it

During handling of the above exception, another exception occurred:

Traceback (most recent call last):
  File "C:\laragon\www\Drone-Dashboard-Website\serverWithForwardV2.py", line 245, in recent_route
    conn = connect_database()
  File "C:\laragon\www\Drone-Dashboard-Website\serverWithForwardV2.py", line 101, in connect_database
    return mysql.connector.connect(
           ~~~~~~~~~~~~~~~~~~~~~~~^
        host=DB_CONFIG["host"],
        ^^^^^^^^^^^^^^^^^^^^^^^
    ...<2 lines>...
        database=DB_CONFIG["database"],
        ^^^^^^^^^^^^^^^^^^^^^^^^^^^^^^^
    )
    ^
  File "C:\Users\varsz\AppData\Local\Programs\Python\Python313\Lib\site-packages\mysql\connector\__init__.py", line 179, in connect
    return MySQLConnection(*args, **kwargs)
  File "C:\Users\varsz\AppData\Local\Programs\Python\Python313\Lib\site-packages\mysql\connector\connection.py", line 95, in __init__
    self.connect(**kwargs)
    ~~~~~~~~~~~~^^^^^^^^^^
  File "C:\Users\varsz\AppData\Local\Programs\Python\Python313\Lib\site-packages\mysql\connector\abstracts.py", line 716, in connect
    self._open_connection()
    ~~~~~~~~~~~~~~~~~~~~~^^
  File "C:\Users\varsz\AppData\Local\Programs\Python\Python313\Lib\site-packages\mysql\connector\connection.py", line 206, in _open_connection
    self._socket.open_connection()
    ~~~~~~~~~~~~~~~~~~~~~~~~~~~~^^
  File "C:\Users\varsz\AppData\Local\Programs\Python\Python313\Lib\site-packages\mysql\connector\network.py", line 511, in open_connection
    raise errors.InterfaceError(
        errno=2003, values=(self.get_address(), _strioerror(err)))
mysql.connector.errors.InterfaceError: 2003: Can't connect to MySQL server on 'localhost:3306' (10061 No connection could be made because the target machine actively refused it)
2026-07-14 12:30:43,944 - ERROR - /recent error: 2003: Can't connect to MySQL server on 'localhost:3306' (10061 No connection could be made because the target machine actively refused it)
Traceback (most recent call last):
  File "C:\Users\varsz\AppData\Local\Programs\Python\Python313\Lib\site-packages\mysql\connector\network.py", line 509, in open_connection
    self.sock.connect(sockaddr)
    ~~~~~~~~~~~~~~~~~^^^^^^^^^^
ConnectionRefusedError: [WinError 10061] No connection could be made because the target machine actively refused it

During handling of the above exception, another exception occurred:

Traceback (most recent call last):
  File "C:\laragon\www\Drone-Dashboard-Website\serverWithForwardV2.py", line 245, in recent_route
    conn = connect_database()
  File "C:\laragon\www\Drone-Dashboard-Website\serverWithForwardV2.py", line 101, in connect_database
    return mysql.connector.connect(
           ~~~~~~~~~~~~~~~~~~~~~~~^
        host=DB_CONFIG["host"],
        ^^^^^^^^^^^^^^^^^^^^^^^
    ...<2 lines>...
        database=DB_CONFIG["database"],
        ^^^^^^^^^^^^^^^^^^^^^^^^^^^^^^^
    )
    ^
  File "C:\Users\varsz\AppData\Local\Programs\Python\Python313\Lib\site-packages\mysql\connector\__init__.py", line 179, in connect
    return MySQLConnection(*args, **kwargs)
  File "C:\Users\varsz\AppData\Local\Programs\Python\Python313\Lib\site-packages\mysql\connector\connection.py", line 95, in __init__
    self.connect(**kwargs)
    ~~~~~~~~~~~~^^^^^^^^^^
  File "C:\Users\varsz\AppData\Local\Programs\Python\Python313\Lib\site-packages\mysql\connector\abstracts.py", line 716, in connect
    self._open_connection()
    ~~~~~~~~~~~~~~~~~~~~~^^
  File "C:\Users\varsz\AppData\Local\Programs\Python\Python313\Lib\site-packages\mysql\connector\connection.py", line 206, in _open_connection
    self._socket.open_connection()
    ~~~~~~~~~~~~~~~~~~~~~~~~~~~~^^
  File "C:\Users\varsz\AppData\Local\Programs\Python\Python313\Lib\site-packages\mysql\connector\network.py", line 511, in open_connection
    raise errors.InterfaceError(
        errno=2003, values=(self.get_address(), _strioerror(err)))
mysql.connector.errors.InterfaceError: 2003: Can't connect to MySQL server on 'localhost:3306' (10061 No connection could be made because the target machine actively refused it)
2026-07-14 12:30:46,934 - ERROR - /recent error: 2003: Can't connect to MySQL server on 'localhost:3306' (10061 No connection could be made because the target machine actively refused it)
Traceback (most recent call last):
  File "C:\Users\varsz\AppData\Local\Programs\Python\Python313\Lib\site-packages\mysql\connector\network.py", line 509, in open_connection
    self.sock.connect(sockaddr)
    ~~~~~~~~~~~~~~~~~^^^^^^^^^^
ConnectionRefusedError: [WinError 10061] No connection could be made because the target machine actively refused it

During handling of the above exception, another exception occurred:

Traceback (most recent call last):
  File "C:\laragon\www\Drone-Dashboard-Website\serverWithForwardV2.py", line 245, in recent_route
    conn = connect_database()
  File "C:\laragon\www\Drone-Dashboard-Website\serverWithForwardV2.py", line 101, in connect_database
    return mysql.connector.connect(
           ~~~~~~~~~~~~~~~~~~~~~~~^
        host=DB_CONFIG["host"],
        ^^^^^^^^^^^^^^^^^^^^^^^
    ...<2 lines>...
        database=DB_CONFIG["database"],
        ^^^^^^^^^^^^^^^^^^^^^^^^^^^^^^^
    )
    ^
  File "C:\Users\varsz\AppData\Local\Programs\Python\Python313\Lib\site-packages\mysql\connector\__init__.py", line 179, in connect
    return MySQLConnection(*args, **kwargs)
  File "C:\Users\varsz\AppData\Local\Programs\Python\Python313\Lib\site-packages\mysql\connector\connection.py", line 95, in __init__
    self.connect(**kwargs)
    ~~~~~~~~~~~~^^^^^^^^^^
  File "C:\Users\varsz\AppData\Local\Programs\Python\Python313\Lib\site-packages\mysql\connector\abstracts.py", line 716, in connect
    self._open_connection()
    ~~~~~~~~~~~~~~~~~~~~~^^
  File "C:\Users\varsz\AppData\Local\Programs\Python\Python313\Lib\site-packages\mysql\connector\connection.py", line 206, in _open_connection
    self._socket.open_connection()
    ~~~~~~~~~~~~~~~~~~~~~~~~~~~~^^
  File "C:\Users\varsz\AppData\Local\Programs\Python\Python313\Lib\site-packages\mysql\connector\network.py", line 511, in open_connection
    raise errors.InterfaceError(
        errno=2003, values=(self.get_address(), _strioerror(err)))
mysql.connector.errors.InterfaceError: 2003: Can't connect to MySQL server on 'localhost:3306' (10061 No connection could be made because the target machine actively refused it)
2026-07-14 12:30:49,924 - ERROR - /recent error: 2003: Can't connect to MySQL server on 'localhost:3306' (10061 No connection could be made because the target machine actively refused it)
Traceback (most recent call last):
  File "C:\Users\varsz\AppData\Local\Programs\Python\Python313\Lib\site-packages\mysql\connector\network.py", line 509, in open_connection
    self.sock.connect(sockaddr)
    ~~~~~~~~~~~~~~~~~^^^^^^^^^^
ConnectionRefusedError: [WinError 10061] No connection could be made because the target machine actively refused it

During handling of the above exception, another exception occurred:

Traceback (most recent call last):
  File "C:\laragon\www\Drone-Dashboard-Website\serverWithForwardV2.py", line 245, in recent_route
    conn = connect_database()
  File "C:\laragon\www\Drone-Dashboard-Website\serverWithForwardV2.py", line 101, in connect_database
    return mysql.connector.connect(
           ~~~~~~~~~~~~~~~~~~~~~~~^
        host=DB_CONFIG["host"],
        ^^^^^^^^^^^^^^^^^^^^^^^
    ...<2 lines>...
        database=DB_CONFIG["database"],
        ^^^^^^^^^^^^^^^^^^^^^^^^^^^^^^^
    )
    ^
  File "C:\Users\varsz\AppData\Local\Programs\Python\Python313\Lib\site-packages\mysql\connector\__init__.py", line 179, in connect
    return MySQLConnection(*args, **kwargs)
  File "C:\Users\varsz\AppData\Local\Programs\Python\Python313\Lib\site-packages\mysql\connector\connection.py", line 95, in __init__
    self.connect(**kwargs)
    ~~~~~~~~~~~~^^^^^^^^^^
  File "C:\Users\varsz\AppData\Local\Programs\Python\Python313\Lib\site-packages\mysql\connector\abstracts.py", line 716, in connect
    self._open_connection()
    ~~~~~~~~~~~~~~~~~~~~~^^
  File "C:\Users\varsz\AppData\Local\Programs\Python\Python313\Lib\site-packages\mysql\connector\connection.py", line 206, in _open_connection
    self._socket.open_connection()
    ~~~~~~~~~~~~~~~~~~~~~~~~~~~~^^
  File "C:\Users\varsz\AppData\Local\Programs\Python\Python313\Lib\site-packages\mysql\connector\network.py", line 511, in open_connection
    raise errors.InterfaceError(
        errno=2003, values=(self.get_address(), _strioerror(err)))
mysql.connector.errors.InterfaceError: 2003: Can't connect to MySQL server on 'localhost:3306' (10061 No connection could be made because the target machine actively refused it)
2026-07-14 12:30:52,933 - ERROR - /recent error: 2003: Can't connect to MySQL server on 'localhost:3306' (10061 No connection could be made because the target machine actively refused it)
Traceback (most recent call last):
  File "C:\Users\varsz\AppData\Local\Programs\Python\Python313\Lib\site-packages\mysql\connector\network.py", line 509, in open_connection
    self.sock.connect(sockaddr)
    ~~~~~~~~~~~~~~~~~^^^^^^^^^^
ConnectionRefusedError: [WinError 10061] No connection could be made because the target machine actively refused it

During handling of the above exception, another exception occurred:

Traceback (most recent call last):
  File "C:\laragon\www\Drone-Dashboard-Website\serverWithForwardV2.py", line 245, in recent_route
    conn = connect_database()
  File "C:\laragon\www\Drone-Dashboard-Website\serverWithForwardV2.py", line 101, in connect_database
    return mysql.connector.connect(
           ~~~~~~~~~~~~~~~~~~~~~~~^
        host=DB_CONFIG["host"],
        ^^^^^^^^^^^^^^^^^^^^^^^
    ...<2 lines>...
        database=DB_CONFIG["database"],
        ^^^^^^^^^^^^^^^^^^^^^^^^^^^^^^^
    )
    ^
  File "C:\Users\varsz\AppData\Local\Programs\Python\Python313\Lib\site-packages\mysql\connector\__init__.py", line 179, in connect
    return MySQLConnection(*args, **kwargs)
  File "C:\Users\varsz\AppData\Local\Programs\Python\Python313\Lib\site-packages\mysql\connector\connection.py", line 95, in __init__
    self.connect(**kwargs)
    ~~~~~~~~~~~~^^^^^^^^^^
  File "C:\Users\varsz\AppData\Local\Programs\Python\Python313\Lib\site-packages\mysql\connector\abstracts.py", line 716, in connect
    self._open_connection()
    ~~~~~~~~~~~~~~~~~~~~~^^
  File "C:\Users\varsz\AppData\Local\Programs\Python\Python313\Lib\site-packages\mysql\connector\connection.py", line 206, in _open_connection
    self._socket.open_connection()
    ~~~~~~~~~~~~~~~~~~~~~~~~~~~~^^
  File "C:\Users\varsz\AppData\Local\Programs\Python\Python313\Lib\site-packages\mysql\connector\network.py", line 511, in open_connection
    raise errors.InterfaceError(
        errno=2003, values=(self.get_address(), _strioerror(err)))
mysql.connector.errors.InterfaceError: 2003: Can't connect to MySQL server on 'localhost:3306' (10061 No connection could be made because the target machine actively refused it)
2026-07-14 12:30:55,937 - ERROR - /recent error: 2003: Can't connect to MySQL server on 'localhost:3306' (10061 No connection could be made because the target machine actively refused it)
Traceback (most recent call last):
  File "C:\Users\varsz\AppData\Local\Programs\Python\Python313\Lib\site-packages\mysql\connector\network.py", line 509, in open_connection
    self.sock.connect(sockaddr)
    ~~~~~~~~~~~~~~~~~^^^^^^^^^^
ConnectionRefusedError: [WinError 10061] No connection could be made because the target machine actively refused it

During handling of the above exception, another exception occurred:

Traceback (most recent call last):
  File "C:\laragon\www\Drone-Dashboard-Website\serverWithForwardV2.py", line 245, in recent_route
    conn = connect_database()
  File "C:\laragon\www\Drone-Dashboard-Website\serverWithForwardV2.py", line 101, in connect_database
    return mysql.connector.connect(
           ~~~~~~~~~~~~~~~~~~~~~~~^
        host=DB_CONFIG["host"],
        ^^^^^^^^^^^^^^^^^^^^^^^
    ...<2 lines>...
        database=DB_CONFIG["database"],
        ^^^^^^^^^^^^^^^^^^^^^^^^^^^^^^^
    )
    ^
  File "C:\Users\varsz\AppData\Local\Programs\Python\Python313\Lib\site-packages\mysql\connector\__init__.py", line 179, in connect
    return MySQLConnection(*args, **kwargs)
  File "C:\Users\varsz\AppData\Local\Programs\Python\Python313\Lib\site-packages\mysql\connector\connection.py", line 95, in __init__
    self.connect(**kwargs)
    ~~~~~~~~~~~~^^^^^^^^^^
  File "C:\Users\varsz\AppData\Local\Programs\Python\Python313\Lib\site-packages\mysql\connector\abstracts.py", line 716, in connect
    self._open_connection()
    ~~~~~~~~~~~~~~~~~~~~~^^
  File "C:\Users\varsz\AppData\Local\Programs\Python\Python313\Lib\site-packages\mysql\connector\connection.py", line 206, in _open_connection
    self._socket.open_connection()
    ~~~~~~~~~~~~~~~~~~~~~~~~~~~~^^
  File "C:\Users\varsz\AppData\Local\Programs\Python\Python313\Lib\site-packages\mysql\connector\network.py", line 511, in open_connection
    raise errors.InterfaceError(
        errno=2003, values=(self.get_address(), _strioerror(err)))
mysql.connector.errors.InterfaceError: 2003: Can't connect to MySQL server on 'localhost:3306' (10061 No connection could be made because the target machine actively refused it)
2026-07-14 12:30:58,941 - ERROR - /recent error: 2003: Can't connect to MySQL server on 'localhost:3306' (10061 No connection could be made because the target machine actively refused it)
Traceback (most recent call last):
  File "C:\Users\varsz\AppData\Local\Programs\Python\Python313\Lib\site-packages\mysql\connector\network.py", line 509, in open_connection
    self.sock.connect(sockaddr)
    ~~~~~~~~~~~~~~~~~^^^^^^^^^^
ConnectionRefusedError: [WinError 10061] No connection could be made because the target machine actively refused it

During handling of the above exception, another exception occurred:

Traceback (most recent call last):
  File "C:\laragon\www\Drone-Dashboard-Website\serverWithForwardV2.py", line 245, in recent_route
    conn = connect_database()
  File "C:\laragon\www\Drone-Dashboard-Website\serverWithForwardV2.py", line 101, in connect_database
    return mysql.connector.connect(
           ~~~~~~~~~~~~~~~~~~~~~~~^
        host=DB_CONFIG["host"],
        ^^^^^^^^^^^^^^^^^^^^^^^
    ...<2 lines>...
        database=DB_CONFIG["database"],
        ^^^^^^^^^^^^^^^^^^^^^^^^^^^^^^^
    )
    ^
  File "C:\Users\varsz\AppData\Local\Programs\Python\Python313\Lib\site-packages\mysql\connector\__init__.py", line 179, in connect
    return MySQLConnection(*args, **kwargs)
  File "C:\Users\varsz\AppData\Local\Programs\Python\Python313\Lib\site-packages\mysql\connector\connection.py", line 95, in __init__
    self.connect(**kwargs)
    ~~~~~~~~~~~~^^^^^^^^^^
  File "C:\Users\varsz\AppData\Local\Programs\Python\Python313\Lib\site-packages\mysql\connector\abstracts.py", line 716, in connect
    self._open_connection()
    ~~~~~~~~~~~~~~~~~~~~~^^
  File "C:\Users\varsz\AppData\Local\Programs\Python\Python313\Lib\site-packages\mysql\connector\connection.py", line 206, in _open_connection
    self._socket.open_connection()
    ~~~~~~~~~~~~~~~~~~~~~~~~~~~~^^
  File "C:\Users\varsz\AppData\Local\Programs\Python\Python313\Lib\site-packages\mysql\connector\network.py", line 511, in open_connection
    raise errors.InterfaceError(
        errno=2003, values=(self.get_address(), _strioerror(err)))
mysql.connector.errors.InterfaceError: 2003: Can't connect to MySQL server on 'localhost:3306' (10061 No connection could be made because the target machine actively refused it)
2026-07-14 12:31:01,939 - ERROR - /recent error: 2003: Can't connect to MySQL server on 'localhost:3306' (10061 No connection could be made because the target machine actively refused it)
Traceback (most recent call last):
  File "C:\Users\varsz\AppData\Local\Programs\Python\Python313\Lib\site-packages\mysql\connector\network.py", line 509, in open_connection
    self.sock.connect(sockaddr)
    ~~~~~~~~~~~~~~~~~^^^^^^^^^^
ConnectionRefusedError: [WinError 10061] No connection could be made because the target machine actively refused it

During handling of the above exception, another exception occurred:

Traceback (most recent call last):
  File "C:\laragon\www\Drone-Dashboard-Website\serverWithForwardV2.py", line 245, in recent_route
    conn = connect_database()
  File "C:\laragon\www\Drone-Dashboard-Website\serverWithForwardV2.py", line 101, in connect_database
    return mysql.connector.connect(
           ~~~~~~~~~~~~~~~~~~~~~~~^
        host=DB_CONFIG["host"],
        ^^^^^^^^^^^^^^^^^^^^^^^
    ...<2 lines>...
        database=DB_CONFIG["database"],
        ^^^^^^^^^^^^^^^^^^^^^^^^^^^^^^^
    )
    ^
  File "C:\Users\varsz\AppData\Local\Programs\Python\Python313\Lib\site-packages\mysql\connector\__init__.py", line 179, in connect
    return MySQLConnection(*args, **kwargs)
  File "C:\Users\varsz\AppData\Local\Programs\Python\Python313\Lib\site-packages\mysql\connector\connection.py", line 95, in __init__
    self.connect(**kwargs)
    ~~~~~~~~~~~~^^^^^^^^^^
  File "C:\Users\varsz\AppData\Local\Programs\Python\Python313\Lib\site-packages\mysql\connector\abstracts.py", line 716, in connect
    self._open_connection()
    ~~~~~~~~~~~~~~~~~~~~~^^
  File "C:\Users\varsz\AppData\Local\Programs\Python\Python313\Lib\site-packages\mysql\connector\connection.py", line 206, in _open_connection
    self._socket.open_connection()
    ~~~~~~~~~~~~~~~~~~~~~~~~~~~~^^
  File "C:\Users\varsz\AppData\Local\Programs\Python\Python313\Lib\site-packages\mysql\connector\network.py", line 511, in open_connection
    raise errors.InterfaceError(
        errno=2003, values=(self.get_address(), _strioerror(err)))
mysql.connector.errors.InterfaceError: 2003: Can't connect to MySQL server on 'localhost:3306' (10061 No connection could be made because the target machine actively refused it)
2026-07-14 12:31:04,943 - ERROR - /recent error: 2003: Can't connect to MySQL server on 'localhost:3306' (10061 No connection could be made because the target machine actively refused it)
Traceback (most recent call last):
  File "C:\Users\varsz\AppData\Local\Programs\Python\Python313\Lib\site-packages\mysql\connector\network.py", line 509, in open_connection
    self.sock.connect(sockaddr)
    ~~~~~~~~~~~~~~~~~^^^^^^^^^^
ConnectionRefusedError: [WinError 10061] No connection could be made because the target machine actively refused it

During handling of the above exception, another exception occurred:

Traceback (most recent call last):
  File "C:\laragon\www\Drone-Dashboard-Website\serverWithForwardV2.py", line 245, in recent_route
    conn = connect_database()
  File "C:\laragon\www\Drone-Dashboard-Website\serverWithForwardV2.py", line 101, in connect_database
    return mysql.connector.connect(
           ~~~~~~~~~~~~~~~~~~~~~~~^
        host=DB_CONFIG["host"],
        ^^^^^^^^^^^^^^^^^^^^^^^
    ...<2 lines>...
        database=DB_CONFIG["database"],
        ^^^^^^^^^^^^^^^^^^^^^^^^^^^^^^^
    )
    ^
  File "C:\Users\varsz\AppData\Local\Programs\Python\Python313\Lib\site-packages\mysql\connector\__init__.py", line 179, in connect
    return MySQLConnection(*args, **kwargs)
  File "C:\Users\varsz\AppData\Local\Programs\Python\Python313\Lib\site-packages\mysql\connector\connection.py", line 95, in __init__
    self.connect(**kwargs)
    ~~~~~~~~~~~~^^^^^^^^^^
  File "C:\Users\varsz\AppData\Local\Programs\Python\Python313\Lib\site-packages\mysql\connector\abstracts.py", line 716, in connect
    self._open_connection()
    ~~~~~~~~~~~~~~~~~~~~~^^
  File "C:\Users\varsz\AppData\Local\Programs\Python\Python313\Lib\site-packages\mysql\connector\connection.py", line 206, in _open_connection
    self._socket.open_connection()
    ~~~~~~~~~~~~~~~~~~~~~~~~~~~~^^
  File "C:\Users\varsz\AppData\Local\Programs\Python\Python313\Lib\site-packages\mysql\connector\network.py", line 511, in open_connection
    raise errors.InterfaceError(
        errno=2003, values=(self.get_address(), _strioerror(err)))
mysql.connector.errors.InterfaceError: 2003: Can't connect to MySQL server on 'localhost:3306' (10061 No connection could be made because the target machine actively refused it)
2026-07-14 12:31:07,942 - ERROR - /recent error: 2003: Can't connect to MySQL server on 'localhost:3306' (10061 No connection could be made because the target machine actively refused it)
Traceback (most recent call last):
  File "C:\Users\varsz\AppData\Local\Programs\Python\Python313\Lib\site-packages\mysql\connector\network.py", line 509, in open_connection
    self.sock.connect(sockaddr)
    ~~~~~~~~~~~~~~~~~^^^^^^^^^^
ConnectionRefusedError: [WinError 10061] No connection could be made because the target machine actively refused it

During handling of the above exception, another exception occurred:

Traceback (most recent call last):
  File "C:\laragon\www\Drone-Dashboard-Website\serverWithForwardV2.py", line 245, in recent_route
    conn = connect_database()
  File "C:\laragon\www\Drone-Dashboard-Website\serverWithForwardV2.py", line 101, in connect_database
    return mysql.connector.connect(
           ~~~~~~~~~~~~~~~~~~~~~~~^
        host=DB_CONFIG["host"],
        ^^^^^^^^^^^^^^^^^^^^^^^
    ...<2 lines>...
        database=DB_CONFIG["database"],
        ^^^^^^^^^^^^^^^^^^^^^^^^^^^^^^^
    )
    ^
  File "C:\Users\varsz\AppData\Local\Programs\Python\Python313\Lib\site-packages\mysql\connector\__init__.py", line 179, in connect
    return MySQLConnection(*args, **kwargs)
  File "C:\Users\varsz\AppData\Local\Programs\Python\Python313\Lib\site-packages\mysql\connector\connection.py", line 95, in __init__
    self.connect(**kwargs)
    ~~~~~~~~~~~~^^^^^^^^^^
  File "C:\Users\varsz\AppData\Local\Programs\Python\Python313\Lib\site-packages\mysql\connector\abstracts.py", line 716, in connect
    self._open_connection()
    ~~~~~~~~~~~~~~~~~~~~~^^
  File "C:\Users\varsz\AppData\Local\Programs\Python\Python313\Lib\site-packages\mysql\connector\connection.py", line 206, in _open_connection
    self._socket.open_connection()
    ~~~~~~~~~~~~~~~~~~~~~~~~~~~~^^
  File "C:\Users\varsz\AppData\Local\Programs\Python\Python313\Lib\site-packages\mysql\connector\network.py", line 511, in open_connection
    raise errors.InterfaceError(
        errno=2003, values=(self.get_address(), _strioerror(err)))
mysql.connector.errors.InterfaceError: 2003: Can't connect to MySQL server on 'localhost:3306' (10061 No connection could be made because the target machine actively refused it)
2026-07-14 12:31:10,899 - ERROR - /recent error: 2003: Can't connect to MySQL server on 'localhost:3306' (10061 No connection could be made because the target machine actively refused it)
Traceback (most recent call last):
  File "C:\Users\varsz\AppData\Local\Programs\Python\Python313\Lib\site-packages\mysql\connector\network.py", line 509, in open_connection
    self.sock.connect(sockaddr)
    ~~~~~~~~~~~~~~~~~^^^^^^^^^^
ConnectionRefusedError: [WinError 10061] No connection could be made because the target machine actively refused it

During handling of the above exception, another exception occurred:

Traceback (most recent call last):
  File "C:\laragon\www\Drone-Dashboard-Website\serverWithForwardV2.py", line 245, in recent_route
    conn = connect_database()
  File "C:\laragon\www\Drone-Dashboard-Website\serverWithForwardV2.py", line 101, in connect_database
    return mysql.connector.connect(
           ~~~~~~~~~~~~~~~~~~~~~~~^
        host=DB_CONFIG["host"],
        ^^^^^^^^^^^^^^^^^^^^^^^
    ...<2 lines>...
        database=DB_CONFIG["database"],
        ^^^^^^^^^^^^^^^^^^^^^^^^^^^^^^^
    )
    ^
  File "C:\Users\varsz\AppData\Local\Programs\Python\Python313\Lib\site-packages\mysql\connector\__init__.py", line 179, in connect
    return MySQLConnection(*args, **kwargs)
  File "C:\Users\varsz\AppData\Local\Programs\Python\Python313\Lib\site-packages\mysql\connector\connection.py", line 95, in __init__
    self.connect(**kwargs)
    ~~~~~~~~~~~~^^^^^^^^^^
  File "C:\Users\varsz\AppData\Local\Programs\Python\Python313\Lib\site-packages\mysql\connector\abstracts.py", line 716, in connect
    self._open_connection()
    ~~~~~~~~~~~~~~~~~~~~~^^
  File "C:\Users\varsz\AppData\Local\Programs\Python\Python313\Lib\site-packages\mysql\connector\connection.py", line 206, in _open_connection
    self._socket.open_connection()
    ~~~~~~~~~~~~~~~~~~~~~~~~~~~~^^
  File "C:\Users\varsz\AppData\Local\Programs\Python\Python313\Lib\site-packages\mysql\connector\network.py", line 511, in open_connection
    raise errors.InterfaceError(
        errno=2003, values=(self.get_address(), _strioerror(err)))
mysql.connector.errors.InterfaceError: 2003: Can't connect to MySQL server on 'localhost:3306' (10061 No connection could be made because the target machine actively refused it)
2026-07-14 12:31:13,924 - ERROR - /recent error: 2003: Can't connect to MySQL server on 'localhost:3306' (10061 No connection could be made because the target machine actively refused it)
Traceback (most recent call last):
  File "C:\Users\varsz\AppData\Local\Programs\Python\Python313\Lib\site-packages\mysql\connector\network.py", line 509, in open_connection
    self.sock.connect(sockaddr)
    ~~~~~~~~~~~~~~~~~^^^^^^^^^^
ConnectionRefusedError: [WinError 10061] No connection could be made because the target machine actively refused it

During handling of the above exception, another exception occurred:

Traceback (most recent call last):
  File "C:\laragon\www\Drone-Dashboard-Website\serverWithForwardV2.py", line 245, in recent_route
    conn = connect_database()
  File "C:\laragon\www\Drone-Dashboard-Website\serverWithForwardV2.py", line 101, in connect_database
    return mysql.connector.connect(
           ~~~~~~~~~~~~~~~~~~~~~~~^
        host=DB_CONFIG["host"],
        ^^^^^^^^^^^^^^^^^^^^^^^
    ...<2 lines>...
        database=DB_CONFIG["database"],
        ^^^^^^^^^^^^^^^^^^^^^^^^^^^^^^^
    )
    ^
  File "C:\Users\varsz\AppData\Local\Programs\Python\Python313\Lib\site-packages\mysql\connector\__init__.py", line 179, in connect
    return MySQLConnection(*args, **kwargs)
  File "C:\Users\varsz\AppData\Local\Programs\Python\Python313\Lib\site-packages\mysql\connector\connection.py", line 95, in __init__
    self.connect(**kwargs)
    ~~~~~~~~~~~~^^^^^^^^^^
  File "C:\Users\varsz\AppData\Local\Programs\Python\Python313\Lib\site-packages\mysql\connector\abstracts.py", line 716, in connect
    self._open_connection()
    ~~~~~~~~~~~~~~~~~~~~~^^
  File "C:\Users\varsz\AppData\Local\Programs\Python\Python313\Lib\site-packages\mysql\connector\connection.py", line 206, in _open_connection
    self._socket.open_connection()
    ~~~~~~~~~~~~~~~~~~~~~~~~~~~~^^
  File "C:\Users\varsz\AppData\Local\Programs\Python\Python313\Lib\site-packages\mysql\connector\network.py", line 511, in open_connection
    raise errors.InterfaceError(
        errno=2003, values=(self.get_address(), _strioerror(err)))
mysql.connector.errors.InterfaceError: 2003: Can't connect to MySQL server on 'localhost:3306' (10061 No connection could be made because the target machine actively refused it)
2026-07-14 12:31:16,916 - ERROR - /recent error: 2003: Can't connect to MySQL server on 'localhost:3306' (10061 No connection could be made because the target machine actively refused it)
Traceback (most recent call last):
  File "C:\Users\varsz\AppData\Local\Programs\Python\Python313\Lib\site-packages\mysql\connector\network.py", line 509, in open_connection
    self.sock.connect(sockaddr)
    ~~~~~~~~~~~~~~~~~^^^^^^^^^^
ConnectionRefusedError: [WinError 10061] No connection could be made because the target machine actively refused it

During handling of the above exception, another exception occurred:

Traceback (most recent call last):
  File "C:\laragon\www\Drone-Dashboard-Website\serverWithForwardV2.py", line 245, in recent_route
    conn = connect_database()
  File "C:\laragon\www\Drone-Dashboard-Website\serverWithForwardV2.py", line 101, in connect_database
    return mysql.connector.connect(
           ~~~~~~~~~~~~~~~~~~~~~~~^
        host=DB_CONFIG["host"],
        ^^^^^^^^^^^^^^^^^^^^^^^
    ...<2 lines>...
        database=DB_CONFIG["database"],
        ^^^^^^^^^^^^^^^^^^^^^^^^^^^^^^^
    )
    ^
  File "C:\Users\varsz\AppData\Local\Programs\Python\Python313\Lib\site-packages\mysql\connector\__init__.py", line 179, in connect
    return MySQLConnection(*args, **kwargs)
  File "C:\Users\varsz\AppData\Local\Programs\Python\Python313\Lib\site-packages\mysql\connector\connection.py", line 95, in __init__
    self.connect(**kwargs)
    ~~~~~~~~~~~~^^^^^^^^^^
  File "C:\Users\varsz\AppData\Local\Programs\Python\Python313\Lib\site-packages\mysql\connector\abstracts.py", line 716, in connect
    self._open_connection()
    ~~~~~~~~~~~~~~~~~~~~~^^
  File "C:\Users\varsz\AppData\Local\Programs\Python\Python313\Lib\site-packages\mysql\connector\connection.py", line 206, in _open_connection
    self._socket.open_connection()
    ~~~~~~~~~~~~~~~~~~~~~~~~~~~~^^
  File "C:\Users\varsz\AppData\Local\Programs\Python\Python313\Lib\site-packages\mysql\connector\network.py", line 511, in open_connection
    raise errors.InterfaceError(
        errno=2003, values=(self.get_address(), _strioerror(err)))
mysql.connector.errors.InterfaceError: 2003: Can't connect to MySQL server on 'localhost:3306' (10061 No connection could be made because the target machine actively refused it)
2026-07-14 12:31:19,926 - ERROR - /recent error: 2003: Can't connect to MySQL server on 'localhost:3306' (10061 No connection could be made because the target machine actively refused it)
Traceback (most recent call last):
  File "C:\Users\varsz\AppData\Local\Programs\Python\Python313\Lib\site-packages\mysql\connector\network.py", line 509, in open_connection
    self.sock.connect(sockaddr)
    ~~~~~~~~~~~~~~~~~^^^^^^^^^^
ConnectionRefusedError: [WinError 10061] No connection could be made because the target machine actively refused it

During handling of the above exception, another exception occurred:

Traceback (most recent call last):
  File "C:\laragon\www\Drone-Dashboard-Website\serverWithForwardV2.py", line 245, in recent_route
    conn = connect_database()
  File "C:\laragon\www\Drone-Dashboard-Website\serverWithForwardV2.py", line 101, in connect_database
    return mysql.connector.connect(
           ~~~~~~~~~~~~~~~~~~~~~~~^
        host=DB_CONFIG["host"],
        ^^^^^^^^^^^^^^^^^^^^^^^
    ...<2 lines>...
        database=DB_CONFIG["database"],
        ^^^^^^^^^^^^^^^^^^^^^^^^^^^^^^^
    )
    ^
  File "C:\Users\varsz\AppData\Local\Programs\Python\Python313\Lib\site-packages\mysql\connector\__init__.py", line 179, in connect
    return MySQLConnection(*args, **kwargs)
  File "C:\Users\varsz\AppData\Local\Programs\Python\Python313\Lib\site-packages\mysql\connector\connection.py", line 95, in __init__
    self.connect(**kwargs)
    ~~~~~~~~~~~~^^^^^^^^^^
  File "C:\Users\varsz\AppData\Local\Programs\Python\Python313\Lib\site-packages\mysql\connector\abstracts.py", line 716, in connect
    self._open_connection()
    ~~~~~~~~~~~~~~~~~~~~~^^
  File "C:\Users\varsz\AppData\Local\Programs\Python\Python313\Lib\site-packages\mysql\connector\connection.py", line 206, in _open_connection
    self._socket.open_connection()
    ~~~~~~~~~~~~~~~~~~~~~~~~~~~~^^
  File "C:\Users\varsz\AppData\Local\Programs\Python\Python313\Lib\site-packages\mysql\connector\network.py", line 511, in open_connection
    raise errors.InterfaceError(
        errno=2003, values=(self.get_address(), _strioerror(err)))
mysql.connector.errors.InterfaceError: 2003: Can't connect to MySQL server on 'localhost:3306' (10061 No connection could be made because the target machine actively refused it)
2026-07-14 12:31:22,907 - ERROR - /recent error: 2003: Can't connect to MySQL server on 'localhost:3306' (10061 No connection could be made because the target machine actively refused it)
Traceback (most recent call last):
  File "C:\Users\varsz\AppData\Local\Programs\Python\Python313\Lib\site-packages\mysql\connector\network.py", line 509, in open_connection
    self.sock.connect(sockaddr)
    ~~~~~~~~~~~~~~~~~^^^^^^^^^^
ConnectionRefusedError: [WinError 10061] No connection could be made because the target machine actively refused it

During handling of the above exception, another exception occurred:

Traceback (most recent call last):
  File "C:\laragon\www\Drone-Dashboard-Website\serverWithForwardV2.py", line 245, in recent_route
    conn = connect_database()
  File "C:\laragon\www\Drone-Dashboard-Website\serverWithForwardV2.py", line 101, in connect_database
    return mysql.connector.connect(
           ~~~~~~~~~~~~~~~~~~~~~~~^
        host=DB_CONFIG["host"],
        ^^^^^^^^^^^^^^^^^^^^^^^
    ...<2 lines>...
        database=DB_CONFIG["database"],
        ^^^^^^^^^^^^^^^^^^^^^^^^^^^^^^^
    )
    ^
  File "C:\Users\varsz\AppData\Local\Programs\Python\Python313\Lib\site-packages\mysql\connector\__init__.py", line 179, in connect
    return MySQLConnection(*args, **kwargs)
  File "C:\Users\varsz\AppData\Local\Programs\Python\Python313\Lib\site-packages\mysql\connector\connection.py", line 95, in __init__
    self.connect(**kwargs)
    ~~~~~~~~~~~~^^^^^^^^^^
  File "C:\Users\varsz\AppData\Local\Programs\Python\Python313\Lib\site-packages\mysql\connector\abstracts.py", line 716, in connect
    self._open_connection()
    ~~~~~~~~~~~~~~~~~~~~~^^
  File "C:\Users\varsz\AppData\Local\Programs\Python\Python313\Lib\site-packages\mysql\connector\connection.py", line 206, in _open_connection
    self._socket.open_connection()
    ~~~~~~~~~~~~~~~~~~~~~~~~~~~~^^
  File "C:\Users\varsz\AppData\Local\Programs\Python\Python313\Lib\site-packages\mysql\connector\network.py", line 511, in open_connection
    raise errors.InterfaceError(
        errno=2003, values=(self.get_address(), _strioerror(err)))
mysql.connector.errors.InterfaceError: 2003: Can't connect to MySQL server on 'localhost:3306' (10061 No connection could be made because the target machine actively refused it)
2026-07-14 12:31:25,931 - ERROR - /recent error: 2003: Can't connect to MySQL server on 'localhost:3306' (10061 No connection could be made because the target machine actively refused it)
Traceback (most recent call last):
  File "C:\Users\varsz\AppData\Local\Programs\Python\Python313\Lib\site-packages\mysql\connector\network.py", line 509, in open_connection
    self.sock.connect(sockaddr)
    ~~~~~~~~~~~~~~~~~^^^^^^^^^^
ConnectionRefusedError: [WinError 10061] No connection could be made because the target machine actively refused it

During handling of the above exception, another exception occurred:

Traceback (most recent call last):
  File "C:\laragon\www\Drone-Dashboard-Website\serverWithForwardV2.py", line 245, in recent_route
    conn = connect_database()
  File "C:\laragon\www\Drone-Dashboard-Website\serverWithForwardV2.py", line 101, in connect_database
    return mysql.connector.connect(
           ~~~~~~~~~~~~~~~~~~~~~~~^
        host=DB_CONFIG["host"],
        ^^^^^^^^^^^^^^^^^^^^^^^
    ...<2 lines>...
        database=DB_CONFIG["database"],
        ^^^^^^^^^^^^^^^^^^^^^^^^^^^^^^^
    )
    ^
  File "C:\Users\varsz\AppData\Local\Programs\Python\Python313\Lib\site-packages\mysql\connector\__init__.py", line 179, in connect
    return MySQLConnection(*args, **kwargs)
  File "C:\Users\varsz\AppData\Local\Programs\Python\Python313\Lib\site-packages\mysql\connector\connection.py", line 95, in __init__
    self.connect(**kwargs)
    ~~~~~~~~~~~~^^^^^^^^^^
  File "C:\Users\varsz\AppData\Local\Programs\Python\Python313\Lib\site-packages\mysql\connector\abstracts.py", line 716, in connect
    self._open_connection()
    ~~~~~~~~~~~~~~~~~~~~~^^
  File "C:\Users\varsz\AppData\Local\Programs\Python\Python313\Lib\site-packages\mysql\connector\connection.py", line 206, in _open_connection
    self._socket.open_connection()
    ~~~~~~~~~~~~~~~~~~~~~~~~~~~~^^
  File "C:\Users\varsz\AppData\Local\Programs\Python\Python313\Lib\site-packages\mysql\connector\network.py", line 511, in open_connection
    raise errors.InterfaceError(
        errno=2003, values=(self.get_address(), _strioerror(err)))
mysql.connector.errors.InterfaceError: 2003: Can't connect to MySQL server on 'localhost:3306' (10061 No connection could be made because the target machine actively refused it)
2026-07-14 12:31:28,935 - ERROR - /recent error: 2003: Can't connect to MySQL server on 'localhost:3306' (10061 No connection could be made because the target machine actively refused it)
Traceback (most recent call last):
  File "C:\Users\varsz\AppData\Local\Programs\Python\Python313\Lib\site-packages\mysql\connector\network.py", line 509, in open_connection
    self.sock.connect(sockaddr)
    ~~~~~~~~~~~~~~~~~^^^^^^^^^^
ConnectionRefusedError: [WinError 10061] No connection could be made because the target machine actively refused it

During handling of the above exception, another exception occurred:

Traceback (most recent call last):
  File "C:\laragon\www\Drone-Dashboard-Website\serverWithForwardV2.py", line 245, in recent_route
    conn = connect_database()
  File "C:\laragon\www\Drone-Dashboard-Website\serverWithForwardV2.py", line 101, in connect_database
    return mysql.connector.connect(
           ~~~~~~~~~~~~~~~~~~~~~~~^
        host=DB_CONFIG["host"],
        ^^^^^^^^^^^^^^^^^^^^^^^
    ...<2 lines>...
        database=DB_CONFIG["database"],
        ^^^^^^^^^^^^^^^^^^^^^^^^^^^^^^^
    )
    ^
  File "C:\Users\varsz\AppData\Local\Programs\Python\Python313\Lib\site-packages\mysql\connector\__init__.py", line 179, in connect
    return MySQLConnection(*args, **kwargs)
  File "C:\Users\varsz\AppData\Local\Programs\Python\Python313\Lib\site-packages\mysql\connector\connection.py", line 95, in __init__
    self.connect(**kwargs)
    ~~~~~~~~~~~~^^^^^^^^^^
  File "C:\Users\varsz\AppData\Local\Programs\Python\Python313\Lib\site-packages\mysql\connector\abstracts.py", line 716, in connect
    self._open_connection()
    ~~~~~~~~~~~~~~~~~~~~~^^
  File "C:\Users\varsz\AppData\Local\Programs\Python\Python313\Lib\site-packages\mysql\connector\connection.py", line 206, in _open_connection
    self._socket.open_connection()
    ~~~~~~~~~~~~~~~~~~~~~~~~~~~~^^
  File "C:\Users\varsz\AppData\Local\Programs\Python\Python313\Lib\site-packages\mysql\connector\network.py", line 511, in open_connection
    raise errors.InterfaceError(
        errno=2003, values=(self.get_address(), _strioerror(err)))
mysql.connector.errors.InterfaceError: 2003: Can't connect to MySQL server on 'localhost:3306' (10061 No connection could be made because the target machine actively refused it)
2026-07-14 12:31:31,943 - ERROR - /recent error: 2003: Can't connect to MySQL server on 'localhost:3306' (10061 No connection could be made because the target machine actively refused it)
Traceback (most recent call last):
  File "C:\Users\varsz\AppData\Local\Programs\Python\Python313\Lib\site-packages\mysql\connector\network.py", line 509, in open_connection
    self.sock.connect(sockaddr)
    ~~~~~~~~~~~~~~~~~^^^^^^^^^^
ConnectionRefusedError: [WinError 10061] No connection could be made because the target machine actively refused it

During handling of the above exception, another exception occurred:

Traceback (most recent call last):
  File "C:\laragon\www\Drone-Dashboard-Website\serverWithForwardV2.py", line 245, in recent_route
    conn = connect_database()
  File "C:\laragon\www\Drone-Dashboard-Website\serverWithForwardV2.py", line 101, in connect_database
    return mysql.connector.connect(
           ~~~~~~~~~~~~~~~~~~~~~~~^
        host=DB_CONFIG["host"],
        ^^^^^^^^^^^^^^^^^^^^^^^
    ...<2 lines>...
        database=DB_CONFIG["database"],
        ^^^^^^^^^^^^^^^^^^^^^^^^^^^^^^^
    )
    ^
  File "C:\Users\varsz\AppData\Local\Programs\Python\Python313\Lib\site-packages\mysql\connector\__init__.py", line 179, in connect
    return MySQLConnection(*args, **kwargs)
  File "C:\Users\varsz\AppData\Local\Programs\Python\Python313\Lib\site-packages\mysql\connector\connection.py", line 95, in __init__
    self.connect(**kwargs)
    ~~~~~~~~~~~~^^^^^^^^^^
  File "C:\Users\varsz\AppData\Local\Programs\Python\Python313\Lib\site-packages\mysql\connector\abstracts.py", line 716, in connect
    self._open_connection()
    ~~~~~~~~~~~~~~~~~~~~~^^
  File "C:\Users\varsz\AppData\Local\Programs\Python\Python313\Lib\site-packages\mysql\connector\connection.py", line 206, in _open_connection
    self._socket.open_connection()
    ~~~~~~~~~~~~~~~~~~~~~~~~~~~~^^
  File "C:\Users\varsz\AppData\Local\Programs\Python\Python313\Lib\site-packages\mysql\connector\network.py", line 511, in open_connection
    raise errors.InterfaceError(
        errno=2003, values=(self.get_address(), _strioerror(err)))
mysql.connector.errors.InterfaceError: 2003: Can't connect to MySQL server on 'localhost:3306' (10061 No connection could be made because the target machine actively refused it)
2026-07-14 12:31:34,946 - ERROR - /recent error: 2003: Can't connect to MySQL server on 'localhost:3306' (10061 No connection could be made because the target machine actively refused it)
Traceback (most recent call last):
  File "C:\Users\varsz\AppData\Local\Programs\Python\Python313\Lib\site-packages\mysql\connector\network.py", line 509, in open_connection
    self.sock.connect(sockaddr)
    ~~~~~~~~~~~~~~~~~^^^^^^^^^^
ConnectionRefusedError: [WinError 10061] No connection could be made because the target machine actively refused it

During handling of the above exception, another exception occurred:

Traceback (most recent call last):
  File "C:\laragon\www\Drone-Dashboard-Website\serverWithForwardV2.py", line 245, in recent_route
    conn = connect_database()
  File "C:\laragon\www\Drone-Dashboard-Website\serverWithForwardV2.py", line 101, in connect_database
    return mysql.connector.connect(
           ~~~~~~~~~~~~~~~~~~~~~~~^
        host=DB_CONFIG["host"],
        ^^^^^^^^^^^^^^^^^^^^^^^
    ...<2 lines>...
        database=DB_CONFIG["database"],
        ^^^^^^^^^^^^^^^^^^^^^^^^^^^^^^^
    )
    ^
  File "C:\Users\varsz\AppData\Local\Programs\Python\Python313\Lib\site-packages\mysql\connector\__init__.py", line 179, in connect
    return MySQLConnection(*args, **kwargs)
  File "C:\Users\varsz\AppData\Local\Programs\Python\Python313\Lib\site-packages\mysql\connector\connection.py", line 95, in __init__
    self.connect(**kwargs)
    ~~~~~~~~~~~~^^^^^^^^^^
  File "C:\Users\varsz\AppData\Local\Programs\Python\Python313\Lib\site-packages\mysql\connector\abstracts.py", line 716, in connect
    self._open_connection()
    ~~~~~~~~~~~~~~~~~~~~~^^
  File "C:\Users\varsz\AppData\Local\Programs\Python\Python313\Lib\site-packages\mysql\connector\connection.py", line 206, in _open_connection
    self._socket.open_connection()
    ~~~~~~~~~~~~~~~~~~~~~~~~~~~~^^
  File "C:\Users\varsz\AppData\Local\Programs\Python\Python313\Lib\site-packages\mysql\connector\network.py", line 511, in open_connection
    raise errors.InterfaceError(
        errno=2003, values=(self.get_address(), _strioerror(err)))
mysql.connector.errors.InterfaceError: 2003: Can't connect to MySQL server on 'localhost:3306' (10061 No connection could be made because the target machine actively refused it)
2026-07-14 12:31:37,933 - ERROR - /recent error: 2003: Can't connect to MySQL server on 'localhost:3306' (10061 No connection could be made because the target machine actively refused it)
Traceback (most recent call last):
  File "C:\Users\varsz\AppData\Local\Programs\Python\Python313\Lib\site-packages\mysql\connector\network.py", line 509, in open_connection
    self.sock.connect(sockaddr)
    ~~~~~~~~~~~~~~~~~^^^^^^^^^^
ConnectionRefusedError: [WinError 10061] No connection could be made because the target machine actively refused it

During handling of the above exception, another exception occurred:

Traceback (most recent call last):
  File "C:\laragon\www\Drone-Dashboard-Website\serverWithForwardV2.py", line 245, in recent_route
    conn = connect_database()
  File "C:\laragon\www\Drone-Dashboard-Website\serverWithForwardV2.py", line 101, in connect_database
    return mysql.connector.connect(
           ~~~~~~~~~~~~~~~~~~~~~~~^
        host=DB_CONFIG["host"],
        ^^^^^^^^^^^^^^^^^^^^^^^
    ...<2 lines>...
        database=DB_CONFIG["database"],
        ^^^^^^^^^^^^^^^^^^^^^^^^^^^^^^^
    )
    ^
  File "C:\Users\varsz\AppData\Local\Programs\Python\Python313\Lib\site-packages\mysql\connector\__init__.py", line 179, in connect
    return MySQLConnection(*args, **kwargs)
  File "C:\Users\varsz\AppData\Local\Programs\Python\Python313\Lib\site-packages\mysql\connector\connection.py", line 95, in __init__
    self.connect(**kwargs)
    ~~~~~~~~~~~~^^^^^^^^^^
  File "C:\Users\varsz\AppData\Local\Programs\Python\Python313\Lib\site-packages\mysql\connector\abstracts.py", line 716, in connect
    self._open_connection()
    ~~~~~~~~~~~~~~~~~~~~~^^
  File "C:\Users\varsz\AppData\Local\Programs\Python\Python313\Lib\site-packages\mysql\connector\connection.py", line 206, in _open_connection
    self._socket.open_connection()
    ~~~~~~~~~~~~~~~~~~~~~~~~~~~~^^
  File "C:\Users\varsz\AppData\Local\Programs\Python\Python313\Lib\site-packages\mysql\connector\network.py", line 511, in open_connection
    raise errors.InterfaceError(
        errno=2003, values=(self.get_address(), _strioerror(err)))
mysql.connector.errors.InterfaceError: 2003: Can't connect to MySQL server on 'localhost:3306' (10061 No connection could be made because the target machine actively refused it)
2026-07-14 12:31:40,947 - ERROR - /recent error: 2003: Can't connect to MySQL server on 'localhost:3306' (10061 No connection could be made because the target machine actively refused it)
Traceback (most recent call last):
  File "C:\Users\varsz\AppData\Local\Programs\Python\Python313\Lib\site-packages\mysql\connector\network.py", line 509, in open_connection
    self.sock.connect(sockaddr)
    ~~~~~~~~~~~~~~~~~^^^^^^^^^^
ConnectionRefusedError: [WinError 10061] No connection could be made because the target machine actively refused it

During handling of the above exception, another exception occurred:

Traceback (most recent call last):
  File "C:\laragon\www\Drone-Dashboard-Website\serverWithForwardV2.py", line 245, in recent_route
    conn = connect_database()
  File "C:\laragon\www\Drone-Dashboard-Website\serverWithForwardV2.py", line 101, in connect_database
    return mysql.connector.connect(
           ~~~~~~~~~~~~~~~~~~~~~~~^
        host=DB_CONFIG["host"],
        ^^^^^^^^^^^^^^^^^^^^^^^
    ...<2 lines>...
        database=DB_CONFIG["database"],
        ^^^^^^^^^^^^^^^^^^^^^^^^^^^^^^^
    )
    ^
  File "C:\Users\varsz\AppData\Local\Programs\Python\Python313\Lib\site-packages\mysql\connector\__init__.py", line 179, in connect
    return MySQLConnection(*args, **kwargs)
  File "C:\Users\varsz\AppData\Local\Programs\Python\Python313\Lib\site-packages\mysql\connector\connection.py", line 95, in __init__
    self.connect(**kwargs)
    ~~~~~~~~~~~~^^^^^^^^^^
  File "C:\Users\varsz\AppData\Local\Programs\Python\Python313\Lib\site-packages\mysql\connector\abstracts.py", line 716, in connect
    self._open_connection()
    ~~~~~~~~~~~~~~~~~~~~~^^
  File "C:\Users\varsz\AppData\Local\Programs\Python\Python313\Lib\site-packages\mysql\connector\connection.py", line 206, in _open_connection
    self._socket.open_connection()
    ~~~~~~~~~~~~~~~~~~~~~~~~~~~~^^
  File "C:\Users\varsz\AppData\Local\Programs\Python\Python313\Lib\site-packages\mysql\connector\network.py", line 511, in open_connection
    raise errors.InterfaceError(
        errno=2003, values=(self.get_address(), _strioerror(err)))
mysql.connector.errors.InterfaceError: 2003: Can't connect to MySQL server on 'localhost:3306' (10061 No connection could be made because the target machine actively refused it)
2026-07-14 12:31:43,941 - ERROR - /recent error: 2003: Can't connect to MySQL server on 'localhost:3306' (10061 No connection could be made because the target machine actively refused it)
Traceback (most recent call last):
  File "C:\Users\varsz\AppData\Local\Programs\Python\Python313\Lib\site-packages\mysql\connector\network.py", line 509, in open_connection
    self.sock.connect(sockaddr)
    ~~~~~~~~~~~~~~~~~^^^^^^^^^^
ConnectionRefusedError: [WinError 10061] No connection could be made because the target machine actively refused it

During handling of the above exception, another exception occurred:

Traceback (most recent call last):
  File "C:\laragon\www\Drone-Dashboard-Website\serverWithForwardV2.py", line 245, in recent_route
    conn = connect_database()
  File "C:\laragon\www\Drone-Dashboard-Website\serverWithForwardV2.py", line 101, in connect_database
    return mysql.connector.connect(
           ~~~~~~~~~~~~~~~~~~~~~~~^
        host=DB_CONFIG["host"],
        ^^^^^^^^^^^^^^^^^^^^^^^
    ...<2 lines>...
        database=DB_CONFIG["database"],
        ^^^^^^^^^^^^^^^^^^^^^^^^^^^^^^^
    )
    ^
  File "C:\Users\varsz\AppData\Local\Programs\Python\Python313\Lib\site-packages\mysql\connector\__init__.py", line 179, in connect
    return MySQLConnection(*args, **kwargs)
  File "C:\Users\varsz\AppData\Local\Programs\Python\Python313\Lib\site-packages\mysql\connector\connection.py", line 95, in __init__
    self.connect(**kwargs)
    ~~~~~~~~~~~~^^^^^^^^^^
  File "C:\Users\varsz\AppData\Local\Programs\Python\Python313\Lib\site-packages\mysql\connector\abstracts.py", line 716, in connect
    self._open_connection()
    ~~~~~~~~~~~~~~~~~~~~~^^
  File "C:\Users\varsz\AppData\Local\Programs\Python\Python313\Lib\site-packages\mysql\connector\connection.py", line 206, in _open_connection
    self._socket.open_connection()
    ~~~~~~~~~~~~~~~~~~~~~~~~~~~~^^
  File "C:\Users\varsz\AppData\Local\Programs\Python\Python313\Lib\site-packages\mysql\connector\network.py", line 511, in open_connection
    raise errors.InterfaceError(
        errno=2003, values=(self.get_address(), _strioerror(err)))
mysql.connector.errors.InterfaceError: 2003: Can't connect to MySQL server on 'localhost:3306' (10061 No connection could be made because the target machine actively refused it)
2026-07-14 12:31:44,816 - ERROR - /data POST error: 2003: Can't connect to MySQL server on 'localhost:3306' (10061 No connection could be made because the target machine actively refused it)
Traceback (most recent call last):
  File "C:\Users\varsz\AppData\Local\Programs\Python\Python313\Lib\site-packages\mysql\connector\network.py", line 509, in open_connection
    self.sock.connect(sockaddr)
    ~~~~~~~~~~~~~~~~~^^^^^^^^^^
ConnectionRefusedError: [WinError 10061] No connection could be made because the target machine actively refused it

During handling of the above exception, another exception occurred:

Traceback (most recent call last):
  File "C:\laragon\www\Drone-Dashboard-Website\serverWithForwardV2.py", line 196, in data_route
    conn = connect_database()
  File "C:\laragon\www\Drone-Dashboard-Website\serverWithForwardV2.py", line 101, in connect_database
    return mysql.connector.connect(
           ~~~~~~~~~~~~~~~~~~~~~~~^
        host=DB_CONFIG["host"],
        ^^^^^^^^^^^^^^^^^^^^^^^
    ...<2 lines>...
        database=DB_CONFIG["database"],
        ^^^^^^^^^^^^^^^^^^^^^^^^^^^^^^^
    )
    ^
  File "C:\Users\varsz\AppData\Local\Programs\Python\Python313\Lib\site-packages\mysql\connector\__init__.py", line 179, in connect
    return MySQLConnection(*args, **kwargs)
  File "C:\Users\varsz\AppData\Local\Programs\Python\Python313\Lib\site-packages\mysql\connector\connection.py", line 95, in __init__
    self.connect(**kwargs)
    ~~~~~~~~~~~~^^^^^^^^^^
  File "C:\Users\varsz\AppData\Local\Programs\Python\Python313\Lib\site-packages\mysql\connector\abstracts.py", line 716, in connect
    self._open_connection()
    ~~~~~~~~~~~~~~~~~~~~~^^
  File "C:\Users\varsz\AppData\Local\Programs\Python\Python313\Lib\site-packages\mysql\connector\connection.py", line 206, in _open_connection
    self._socket.open_connection()
    ~~~~~~~~~~~~~~~~~~~~~~~~~~~~^^
  File "C:\Users\varsz\AppData\Local\Programs\Python\Python313\Lib\site-packages\mysql\connector\network.py", line 511, in open_connection
    raise errors.InterfaceError(
        errno=2003, values=(self.get_address(), _strioerror(err)))
mysql.connector.errors.InterfaceError: 2003: Can't connect to MySQL server on 'localhost:3306' (10061 No connection could be made because the target machine actively refused it)
2026-07-14 12:31:46,928 - ERROR - /recent error: 2003: Can't connect to MySQL server on 'localhost:3306' (10061 No connection could be made because the target machine actively refused it)
Traceback (most recent call last):
  File "C:\Users\varsz\AppData\Local\Programs\Python\Python313\Lib\site-packages\mysql\connector\network.py", line 509, in open_connection
    self.sock.connect(sockaddr)
    ~~~~~~~~~~~~~~~~~^^^^^^^^^^
ConnectionRefusedError: [WinError 10061] No connection could be made because the target machine actively refused it

During handling of the above exception, another exception occurred:

Traceback (most recent call last):
  File "C:\laragon\www\Drone-Dashboard-Website\serverWithForwardV2.py", line 245, in recent_route
    conn = connect_database()
  File "C:\laragon\www\Drone-Dashboard-Website\serverWithForwardV2.py", line 101, in connect_database
    return mysql.connector.connect(
           ~~~~~~~~~~~~~~~~~~~~~~~^
        host=DB_CONFIG["host"],
        ^^^^^^^^^^^^^^^^^^^^^^^
    ...<2 lines>...
        database=DB_CONFIG["database"],
        ^^^^^^^^^^^^^^^^^^^^^^^^^^^^^^^
    )
    ^
  File "C:\Users\varsz\AppData\Local\Programs\Python\Python313\Lib\site-packages\mysql\connector\__init__.py", line 179, in connect
    return MySQLConnection(*args, **kwargs)
  File "C:\Users\varsz\AppData\Local\Programs\Python\Python313\Lib\site-packages\mysql\connector\connection.py", line 95, in __init__
    self.connect(**kwargs)
    ~~~~~~~~~~~~^^^^^^^^^^
  File "C:\Users\varsz\AppData\Local\Programs\Python\Python313\Lib\site-packages\mysql\connector\abstracts.py", line 716, in connect
    self._open_connection()
    ~~~~~~~~~~~~~~~~~~~~~^^
  File "C:\Users\varsz\AppData\Local\Programs\Python\Python313\Lib\site-packages\mysql\connector\connection.py", line 206, in _open_connection
    self._socket.open_connection()
    ~~~~~~~~~~~~~~~~~~~~~~~~~~~~^^
  File "C:\Users\varsz\AppData\Local\Programs\Python\Python313\Lib\site-packages\mysql\connector\network.py", line 511, in open_connection
    raise errors.InterfaceError(
        errno=2003, values=(self.get_address(), _strioerror(err)))
mysql.connector.errors.InterfaceError: 2003: Can't connect to MySQL server on 'localhost:3306' (10061 No connection could be made because the target machine actively refused it)
2026-07-14 12:31:49,948 - ERROR - /recent error: 2003: Can't connect to MySQL server on 'localhost:3306' (10061 No connection could be made because the target machine actively refused it)
Traceback (most recent call last):
  File "C:\Users\varsz\AppData\Local\Programs\Python\Python313\Lib\site-packages\mysql\connector\network.py", line 509, in open_connection
    self.sock.connect(sockaddr)
    ~~~~~~~~~~~~~~~~~^^^^^^^^^^
ConnectionRefusedError: [WinError 10061] No connection could be made because the target machine actively refused it

During handling of the above exception, another exception occurred:

Traceback (most recent call last):
  File "C:\laragon\www\Drone-Dashboard-Website\serverWithForwardV2.py", line 245, in recent_route
    conn = connect_database()
  File "C:\laragon\www\Drone-Dashboard-Website\serverWithForwardV2.py", line 101, in connect_database
    return mysql.connector.connect(
           ~~~~~~~~~~~~~~~~~~~~~~~^
        host=DB_CONFIG["host"],
        ^^^^^^^^^^^^^^^^^^^^^^^
    ...<2 lines>...
        database=DB_CONFIG["database"],
        ^^^^^^^^^^^^^^^^^^^^^^^^^^^^^^^
    )
    ^
  File "C:\Users\varsz\AppData\Local\Programs\Python\Python313\Lib\site-packages\mysql\connector\__init__.py", line 179, in connect
    return MySQLConnection(*args, **kwargs)
  File "C:\Users\varsz\AppData\Local\Programs\Python\Python313\Lib\site-packages\mysql\connector\connection.py", line 95, in __init__
    self.connect(**kwargs)
    ~~~~~~~~~~~~^^^^^^^^^^
  File "C:\Users\varsz\AppData\Local\Programs\Python\Python313\Lib\site-packages\mysql\connector\abstracts.py", line 716, in connect
    self._open_connection()
    ~~~~~~~~~~~~~~~~~~~~~^^
  File "C:\Users\varsz\AppData\Local\Programs\Python\Python313\Lib\site-packages\mysql\connector\connection.py", line 206, in _open_connection
    self._socket.open_connection()
    ~~~~~~~~~~~~~~~~~~~~~~~~~~~~^^
  File "C:\Users\varsz\AppData\Local\Programs\Python\Python313\Lib\site-packages\mysql\connector\network.py", line 511, in open_connection
    raise errors.InterfaceError(
        errno=2003, values=(self.get_address(), _strioerror(err)))
mysql.connector.errors.InterfaceError: 2003: Can't connect to MySQL server on 'localhost:3306' (10061 No connection could be made because the target machine actively refused it)
2026-07-14 12:31:52,928 - ERROR - /recent error: 2003: Can't connect to MySQL server on 'localhost:3306' (10061 No connection could be made because the target machine actively refused it)
Traceback (most recent call last):
  File "C:\Users\varsz\AppData\Local\Programs\Python\Python313\Lib\site-packages\mysql\connector\network.py", line 509, in open_connection
    self.sock.connect(sockaddr)
    ~~~~~~~~~~~~~~~~~^^^^^^^^^^
ConnectionRefusedError: [WinError 10061] No connection could be made because the target machine actively refused it

During handling of the above exception, another exception occurred:

Traceback (most recent call last):
  File "C:\laragon\www\Drone-Dashboard-Website\serverWithForwardV2.py", line 245, in recent_route
    conn = connect_database()
  File "C:\laragon\www\Drone-Dashboard-Website\serverWithForwardV2.py", line 101, in connect_database
    return mysql.connector.connect(
           ~~~~~~~~~~~~~~~~~~~~~~~^
        host=DB_CONFIG["host"],
        ^^^^^^^^^^^^^^^^^^^^^^^
    ...<2 lines>...
        database=DB_CONFIG["database"],
        ^^^^^^^^^^^^^^^^^^^^^^^^^^^^^^^
    )
    ^
  File "C:\Users\varsz\AppData\Local\Programs\Python\Python313\Lib\site-packages\mysql\connector\__init__.py", line 179, in connect
    return MySQLConnection(*args, **kwargs)
  File "C:\Users\varsz\AppData\Local\Programs\Python\Python313\Lib\site-packages\mysql\connector\connection.py", line 95, in __init__
    self.connect(**kwargs)
    ~~~~~~~~~~~~^^^^^^^^^^
  File "C:\Users\varsz\AppData\Local\Programs\Python\Python313\Lib\site-packages\mysql\connector\abstracts.py", line 716, in connect
    self._open_connection()
    ~~~~~~~~~~~~~~~~~~~~~^^
  File "C:\Users\varsz\AppData\Local\Programs\Python\Python313\Lib\site-packages\mysql\connector\connection.py", line 206, in _open_connection
    self._socket.open_connection()
    ~~~~~~~~~~~~~~~~~~~~~~~~~~~~^^
  File "C:\Users\varsz\AppData\Local\Programs\Python\Python313\Lib\site-packages\mysql\connector\network.py", line 511, in open_connection
    raise errors.InterfaceError(
        errno=2003, values=(self.get_address(), _strioerror(err)))
mysql.connector.errors.InterfaceError: 2003: Can't connect to MySQL server on 'localhost:3306' (10061 No connection could be made because the target machine actively refused it)
2026-07-14 12:31:55,957 - ERROR - /recent error: 2003: Can't connect to MySQL server on 'localhost:3306' (10061 No connection could be made because the target machine actively refused it)
Traceback (most recent call last):
  File "C:\Users\varsz\AppData\Local\Programs\Python\Python313\Lib\site-packages\mysql\connector\network.py", line 509, in open_connection
    self.sock.connect(sockaddr)
    ~~~~~~~~~~~~~~~~~^^^^^^^^^^
ConnectionRefusedError: [WinError 10061] No connection could be made because the target machine actively refused it

During handling of the above exception, another exception occurred:

Traceback (most recent call last):
  File "C:\laragon\www\Drone-Dashboard-Website\serverWithForwardV2.py", line 245, in recent_route
    conn = connect_database()
  File "C:\laragon\www\Drone-Dashboard-Website\serverWithForwardV2.py", line 101, in connect_database
    return mysql.connector.connect(
           ~~~~~~~~~~~~~~~~~~~~~~~^
        host=DB_CONFIG["host"],
        ^^^^^^^^^^^^^^^^^^^^^^^
    ...<2 lines>...
        database=DB_CONFIG["database"],
        ^^^^^^^^^^^^^^^^^^^^^^^^^^^^^^^
    )
    ^
  File "C:\Users\varsz\AppData\Local\Programs\Python\Python313\Lib\site-packages\mysql\connector\__init__.py", line 179, in connect
    return MySQLConnection(*args, **kwargs)
  File "C:\Users\varsz\AppData\Local\Programs\Python\Python313\Lib\site-packages\mysql\connector\connection.py", line 95, in __init__
    self.connect(**kwargs)
    ~~~~~~~~~~~~^^^^^^^^^^
  File "C:\Users\varsz\AppData\Local\Programs\Python\Python313\Lib\site-packages\mysql\connector\abstracts.py", line 716, in connect
    self._open_connection()
    ~~~~~~~~~~~~~~~~~~~~~^^
  File "C:\Users\varsz\AppData\Local\Programs\Python\Python313\Lib\site-packages\mysql\connector\connection.py", line 206, in _open_connection
    self._socket.open_connection()
    ~~~~~~~~~~~~~~~~~~~~~~~~~~~~^^
  File "C:\Users\varsz\AppData\Local\Programs\Python\Python313\Lib\site-packages\mysql\connector\network.py", line 511, in open_connection
    raise errors.InterfaceError(
        errno=2003, values=(self.get_address(), _strioerror(err)))
mysql.connector.errors.InterfaceError: 2003: Can't connect to MySQL server on 'localhost:3306' (10061 No connection could be made because the target machine actively refused it)
2026-07-14 12:31:58,943 - ERROR - /recent error: 2003: Can't connect to MySQL server on 'localhost:3306' (10061 No connection could be made because the target machine actively refused it)
Traceback (most recent call last):
  File "C:\Users\varsz\AppData\Local\Programs\Python\Python313\Lib\site-packages\mysql\connector\network.py", line 509, in open_connection
    self.sock.connect(sockaddr)
    ~~~~~~~~~~~~~~~~~^^^^^^^^^^
ConnectionRefusedError: [WinError 10061] No connection could be made because the target machine actively refused it

During handling of the above exception, another exception occurred:

Traceback (most recent call last):
  File "C:\laragon\www\Drone-Dashboard-Website\serverWithForwardV2.py", line 245, in recent_route
    conn = connect_database()
  File "C:\laragon\www\Drone-Dashboard-Website\serverWithForwardV2.py", line 101, in connect_database
    return mysql.connector.connect(
           ~~~~~~~~~~~~~~~~~~~~~~~^
        host=DB_CONFIG["host"],
        ^^^^^^^^^^^^^^^^^^^^^^^
    ...<2 lines>...
        database=DB_CONFIG["database"],
        ^^^^^^^^^^^^^^^^^^^^^^^^^^^^^^^
    )
    ^
  File "C:\Users\varsz\AppData\Local\Programs\Python\Python313\Lib\site-packages\mysql\connector\__init__.py", line 179, in connect
    return MySQLConnection(*args, **kwargs)
  File "C:\Users\varsz\AppData\Local\Programs\Python\Python313\Lib\site-packages\mysql\connector\connection.py", line 95, in __init__
    self.connect(**kwargs)
    ~~~~~~~~~~~~^^^^^^^^^^
  File "C:\Users\varsz\AppData\Local\Programs\Python\Python313\Lib\site-packages\mysql\connector\abstracts.py", line 716, in connect
    self._open_connection()
    ~~~~~~~~~~~~~~~~~~~~~^^
  File "C:\Users\varsz\AppData\Local\Programs\Python\Python313\Lib\site-packages\mysql\connector\connection.py", line 206, in _open_connection
    self._socket.open_connection()
    ~~~~~~~~~~~~~~~~~~~~~~~~~~~~^^
  File "C:\Users\varsz\AppData\Local\Programs\Python\Python313\Lib\site-packages\mysql\connector\network.py", line 511, in open_connection
    raise errors.InterfaceError(
        errno=2003, values=(self.get_address(), _strioerror(err)))
mysql.connector.errors.InterfaceError: 2003: Can't connect to MySQL server on 'localhost:3306' (10061 No connection could be made because the target machine actively refused it)
2026-07-14 12:32:01,960 - ERROR - /recent error: 2003: Can't connect to MySQL server on 'localhost:3306' (10061 No connection could be made because the target machine actively refused it)
Traceback (most recent call last):
  File "C:\Users\varsz\AppData\Local\Programs\Python\Python313\Lib\site-packages\mysql\connector\network.py", line 509, in open_connection
    self.sock.connect(sockaddr)
    ~~~~~~~~~~~~~~~~~^^^^^^^^^^
ConnectionRefusedError: [WinError 10061] No connection could be made because the target machine actively refused it

During handling of the above exception, another exception occurred:

Traceback (most recent call last):
  File "C:\laragon\www\Drone-Dashboard-Website\serverWithForwardV2.py", line 245, in recent_route
    conn = connect_database()
  File "C:\laragon\www\Drone-Dashboard-Website\serverWithForwardV2.py", line 101, in connect_database
    return mysql.connector.connect(
           ~~~~~~~~~~~~~~~~~~~~~~~^
        host=DB_CONFIG["host"],
        ^^^^^^^^^^^^^^^^^^^^^^^
    ...<2 lines>...
        database=DB_CONFIG["database"],
        ^^^^^^^^^^^^^^^^^^^^^^^^^^^^^^^
    )
    ^
  File "C:\Users\varsz\AppData\Local\Programs\Python\Python313\Lib\site-packages\mysql\connector\__init__.py", line 179, in connect
    return MySQLConnection(*args, **kwargs)
  File "C:\Users\varsz\AppData\Local\Programs\Python\Python313\Lib\site-packages\mysql\connector\connection.py", line 95, in __init__
    self.connect(**kwargs)
    ~~~~~~~~~~~~^^^^^^^^^^
  File "C:\Users\varsz\AppData\Local\Programs\Python\Python313\Lib\site-packages\mysql\connector\abstracts.py", line 716, in connect
    self._open_connection()
    ~~~~~~~~~~~~~~~~~~~~~^^
  File "C:\Users\varsz\AppData\Local\Programs\Python\Python313\Lib\site-packages\mysql\connector\connection.py", line 206, in _open_connection
    self._socket.open_connection()
    ~~~~~~~~~~~~~~~~~~~~~~~~~~~~^^
  File "C:\Users\varsz\AppData\Local\Programs\Python\Python313\Lib\site-packages\mysql\connector\network.py", line 511, in open_connection
    raise errors.InterfaceError(
        errno=2003, values=(self.get_address(), _strioerror(err)))
mysql.connector.errors.InterfaceError: 2003: Can't connect to MySQL server on 'localhost:3306' (10061 No connection could be made because the target machine actively refused it)
2026-07-14 12:42:56,006 - INFO - Database initialized
2026-07-14 15:06:17,233 - ERROR - Failed to init database: 2003: Can't connect to MySQL server on 'localhost:3306' (10061 No connection could be made because the target machine actively refused it)
Traceback (most recent call last):
  File "C:\Users\varsz\AppData\Local\Programs\Python\Python313\Lib\site-packages\mysql\connector\network.py", line 509, in open_connection
    self.sock.connect(sockaddr)
    ~~~~~~~~~~~~~~~~~^^^^^^^^^^
ConnectionRefusedError: [WinError 10061] No connection could be made because the target machine actively refused it

During handling of the above exception, another exception occurred:

Traceback (most recent call last):
  File "C:\laragon\www\Drone-Dashboard-Website\serverWithForwardV2.py", line 66, in initiate_database
    conn = mysql.connector.connect(
        host=DB_CONFIG["host"],
        user=DB_CONFIG["user"],
        password=DB_CONFIG["password"],
    )
  File "C:\Users\varsz\AppData\Local\Programs\Python\Python313\Lib\site-packages\mysql\connector\__init__.py", line 179, in connect
    return MySQLConnection(*args, **kwargs)
  File "C:\Users\varsz\AppData\Local\Programs\Python\Python313\Lib\site-packages\mysql\connector\connection.py", line 95, in __init__
    self.connect(**kwargs)
    ~~~~~~~~~~~~^^^^^^^^^^
  File "C:\Users\varsz\AppData\Local\Programs\Python\Python313\Lib\site-packages\mysql\connector\abstracts.py", line 716, in connect
    self._open_connection()
    ~~~~~~~~~~~~~~~~~~~~~^^
  File "C:\Users\varsz\AppData\Local\Programs\Python\Python313\Lib\site-packages\mysql\connector\connection.py", line 206, in _open_connection
    self._socket.open_connection()
    ~~~~~~~~~~~~~~~~~~~~~~~~~~~~^^
  File "C:\Users\varsz\AppData\Local\Programs\Python\Python313\Lib\site-packages\mysql\connector\network.py", line 511, in open_connection
    raise errors.InterfaceError(
        errno=2003, values=(self.get_address(), _strioerror(err)))
mysql.connector.errors.InterfaceError: 2003: Can't connect to MySQL server on 'localhost:3306' (10061 No connection could be made because the target machine actively refused it)
2026-07-14 15:06:31,403 - ERROR - /recent error: 2003: Can't connect to MySQL server on 'localhost:3306' (10061 No connection could be made because the target machine actively refused it)
Traceback (most recent call last):
  File "C:\Users\varsz\AppData\Local\Programs\Python\Python313\Lib\site-packages\mysql\connector\network.py", line 509, in open_connection
    self.sock.connect(sockaddr)
    ~~~~~~~~~~~~~~~~~^^^^^^^^^^
ConnectionRefusedError: [WinError 10061] No connection could be made because the target machine actively refused it

During handling of the above exception, another exception occurred:

Traceback (most recent call last):
  File "C:\laragon\www\Drone-Dashboard-Website\serverWithForwardV2.py", line 245, in recent_route
    conn = connect_database()
  File "C:\laragon\www\Drone-Dashboard-Website\serverWithForwardV2.py", line 101, in connect_database
    return mysql.connector.connect(
           ~~~~~~~~~~~~~~~~~~~~~~~^
        host=DB_CONFIG["host"],
        ^^^^^^^^^^^^^^^^^^^^^^^
    ...<2 lines>...
        database=DB_CONFIG["database"],
        ^^^^^^^^^^^^^^^^^^^^^^^^^^^^^^^
    )
    ^
  File "C:\Users\varsz\AppData\Local\Programs\Python\Python313\Lib\site-packages\mysql\connector\__init__.py", line 179, in connect
    return MySQLConnection(*args, **kwargs)
  File "C:\Users\varsz\AppData\Local\Programs\Python\Python313\Lib\site-packages\mysql\connector\connection.py", line 95, in __init__
    self.connect(**kwargs)
    ~~~~~~~~~~~~^^^^^^^^^^
  File "C:\Users\varsz\AppData\Local\Programs\Python\Python313\Lib\site-packages\mysql\connector\abstracts.py", line 716, in connect
    self._open_connection()
    ~~~~~~~~~~~~~~~~~~~~~^^
  File "C:\Users\varsz\AppData\Local\Programs\Python\Python313\Lib\site-packages\mysql\connector\connection.py", line 206, in _open_connection
    self._socket.open_connection()
    ~~~~~~~~~~~~~~~~~~~~~~~~~~~~^^
  File "C:\Users\varsz\AppData\Local\Programs\Python\Python313\Lib\site-packages\mysql\connector\network.py", line 511, in open_connection
    raise errors.InterfaceError(
        errno=2003, values=(self.get_address(), _strioerror(err)))
mysql.connector.errors.InterfaceError: 2003: Can't connect to MySQL server on 'localhost:3306' (10061 No connection could be made because the target machine actively refused it)
2026-07-14 15:06:34,336 - ERROR - /recent error: 2003: Can't connect to MySQL server on 'localhost:3306' (10061 No connection could be made because the target machine actively refused it)
Traceback (most recent call last):
  File "C:\Users\varsz\AppData\Local\Programs\Python\Python313\Lib\site-packages\mysql\connector\network.py", line 509, in open_connection
    self.sock.connect(sockaddr)
    ~~~~~~~~~~~~~~~~~^^^^^^^^^^
ConnectionRefusedError: [WinError 10061] No connection could be made because the target machine actively refused it

During handling of the above exception, another exception occurred:

Traceback (most recent call last):
  File "C:\laragon\www\Drone-Dashboard-Website\serverWithForwardV2.py", line 245, in recent_route
    conn = connect_database()
  File "C:\laragon\www\Drone-Dashboard-Website\serverWithForwardV2.py", line 101, in connect_database
    return mysql.connector.connect(
           ~~~~~~~~~~~~~~~~~~~~~~~^
        host=DB_CONFIG["host"],
        ^^^^^^^^^^^^^^^^^^^^^^^
    ...<2 lines>...
        database=DB_CONFIG["database"],
        ^^^^^^^^^^^^^^^^^^^^^^^^^^^^^^^
    )
    ^
  File "C:\Users\varsz\AppData\Local\Programs\Python\Python313\Lib\site-packages\mysql\connector\__init__.py", line 179, in connect
    return MySQLConnection(*args, **kwargs)
  File "C:\Users\varsz\AppData\Local\Programs\Python\Python313\Lib\site-packages\mysql\connector\connection.py", line 95, in __init__
    self.connect(**kwargs)
    ~~~~~~~~~~~~^^^^^^^^^^
  File "C:\Users\varsz\AppData\Local\Programs\Python\Python313\Lib\site-packages\mysql\connector\abstracts.py", line 716, in connect
    self._open_connection()
    ~~~~~~~~~~~~~~~~~~~~~^^
  File "C:\Users\varsz\AppData\Local\Programs\Python\Python313\Lib\site-packages\mysql\connector\connection.py", line 206, in _open_connection
    self._socket.open_connection()
    ~~~~~~~~~~~~~~~~~~~~~~~~~~~~^^
  File "C:\Users\varsz\AppData\Local\Programs\Python\Python313\Lib\site-packages\mysql\connector\network.py", line 511, in open_connection
    raise errors.InterfaceError(
        errno=2003, values=(self.get_address(), _strioerror(err)))
mysql.connector.errors.InterfaceError: 2003: Can't connect to MySQL server on 'localhost:3306' (10061 No connection could be made because the target machine actively refused it)
2026-07-14 15:06:37,338 - ERROR - /recent error: 2003: Can't connect to MySQL server on 'localhost:3306' (10061 No connection could be made because the target machine actively refused it)
Traceback (most recent call last):
  File "C:\Users\varsz\AppData\Local\Programs\Python\Python313\Lib\site-packages\mysql\connector\network.py", line 509, in open_connection
    self.sock.connect(sockaddr)
    ~~~~~~~~~~~~~~~~~^^^^^^^^^^
ConnectionRefusedError: [WinError 10061] No connection could be made because the target machine actively refused it

During handling of the above exception, another exception occurred:

Traceback (most recent call last):
  File "C:\laragon\www\Drone-Dashboard-Website\serverWithForwardV2.py", line 245, in recent_route
    conn = connect_database()
  File "C:\laragon\www\Drone-Dashboard-Website\serverWithForwardV2.py", line 101, in connect_database
    return mysql.connector.connect(
           ~~~~~~~~~~~~~~~~~~~~~~~^
        host=DB_CONFIG["host"],
        ^^^^^^^^^^^^^^^^^^^^^^^
    ...<2 lines>...
        database=DB_CONFIG["database"],
        ^^^^^^^^^^^^^^^^^^^^^^^^^^^^^^^
    )
    ^
  File "C:\Users\varsz\AppData\Local\Programs\Python\Python313\Lib\site-packages\mysql\connector\__init__.py", line 179, in connect
    return MySQLConnection(*args, **kwargs)
  File "C:\Users\varsz\AppData\Local\Programs\Python\Python313\Lib\site-packages\mysql\connector\connection.py", line 95, in __init__
    self.connect(**kwargs)
    ~~~~~~~~~~~~^^^^^^^^^^
  File "C:\Users\varsz\AppData\Local\Programs\Python\Python313\Lib\site-packages\mysql\connector\abstracts.py", line 716, in connect
    self._open_connection()
    ~~~~~~~~~~~~~~~~~~~~~^^
  File "C:\Users\varsz\AppData\Local\Programs\Python\Python313\Lib\site-packages\mysql\connector\connection.py", line 206, in _open_connection
    self._socket.open_connection()
    ~~~~~~~~~~~~~~~~~~~~~~~~~~~~^^
  File "C:\Users\varsz\AppData\Local\Programs\Python\Python313\Lib\site-packages\mysql\connector\network.py", line 511, in open_connection
    raise errors.InterfaceError(
        errno=2003, values=(self.get_address(), _strioerror(err)))
mysql.connector.errors.InterfaceError: 2003: Can't connect to MySQL server on 'localhost:3306' (10061 No connection could be made because the target machine actively refused it)
2026-07-14 15:06:40,345 - ERROR - /recent error: 2003: Can't connect to MySQL server on 'localhost:3306' (10061 No connection could be made because the target machine actively refused it)
Traceback (most recent call last):
  File "C:\Users\varsz\AppData\Local\Programs\Python\Python313\Lib\site-packages\mysql\connector\network.py", line 509, in open_connection
    self.sock.connect(sockaddr)
    ~~~~~~~~~~~~~~~~~^^^^^^^^^^
ConnectionRefusedError: [WinError 10061] No connection could be made because the target machine actively refused it

During handling of the above exception, another exception occurred:

Traceback (most recent call last):
  File "C:\laragon\www\Drone-Dashboard-Website\serverWithForwardV2.py", line 245, in recent_route
    conn = connect_database()
  File "C:\laragon\www\Drone-Dashboard-Website\serverWithForwardV2.py", line 101, in connect_database
    return mysql.connector.connect(
           ~~~~~~~~~~~~~~~~~~~~~~~^
        host=DB_CONFIG["host"],
        ^^^^^^^^^^^^^^^^^^^^^^^
    ...<2 lines>...
        database=DB_CONFIG["database"],
        ^^^^^^^^^^^^^^^^^^^^^^^^^^^^^^^
    )
    ^
  File "C:\Users\varsz\AppData\Local\Programs\Python\Python313\Lib\site-packages\mysql\connector\__init__.py", line 179, in connect
    return MySQLConnection(*args, **kwargs)
  File "C:\Users\varsz\AppData\Local\Programs\Python\Python313\Lib\site-packages\mysql\connector\connection.py", line 95, in __init__
    self.connect(**kwargs)
    ~~~~~~~~~~~~^^^^^^^^^^
  File "C:\Users\varsz\AppData\Local\Programs\Python\Python313\Lib\site-packages\mysql\connector\abstracts.py", line 716, in connect
    self._open_connection()
    ~~~~~~~~~~~~~~~~~~~~~^^
  File "C:\Users\varsz\AppData\Local\Programs\Python\Python313\Lib\site-packages\mysql\connector\connection.py", line 206, in _open_connection
    self._socket.open_connection()
    ~~~~~~~~~~~~~~~~~~~~~~~~~~~~^^
  File "C:\Users\varsz\AppData\Local\Programs\Python\Python313\Lib\site-packages\mysql\connector\network.py", line 511, in open_connection
    raise errors.InterfaceError(
        errno=2003, values=(self.get_address(), _strioerror(err)))
mysql.connector.errors.InterfaceError: 2003: Can't connect to MySQL server on 'localhost:3306' (10061 No connection could be made because the target machine actively refused it)
2026-07-14 15:06:43,356 - ERROR - /recent error: 2003: Can't connect to MySQL server on 'localhost:3306' (10061 No connection could be made because the target machine actively refused it)
Traceback (most recent call last):
  File "C:\Users\varsz\AppData\Local\Programs\Python\Python313\Lib\site-packages\mysql\connector\network.py", line 509, in open_connection
    self.sock.connect(sockaddr)
    ~~~~~~~~~~~~~~~~~^^^^^^^^^^
ConnectionRefusedError: [WinError 10061] No connection could be made because the target machine actively refused it

During handling of the above exception, another exception occurred:

Traceback (most recent call last):
  File "C:\laragon\www\Drone-Dashboard-Website\serverWithForwardV2.py", line 245, in recent_route
    conn = connect_database()
  File "C:\laragon\www\Drone-Dashboard-Website\serverWithForwardV2.py", line 101, in connect_database
    return mysql.connector.connect(
           ~~~~~~~~~~~~~~~~~~~~~~~^
        host=DB_CONFIG["host"],
        ^^^^^^^^^^^^^^^^^^^^^^^
    ...<2 lines>...
        database=DB_CONFIG["database"],
        ^^^^^^^^^^^^^^^^^^^^^^^^^^^^^^^
    )
    ^
  File "C:\Users\varsz\AppData\Local\Programs\Python\Python313\Lib\site-packages\mysql\connector\__init__.py", line 179, in connect
    return MySQLConnection(*args, **kwargs)
  File "C:\Users\varsz\AppData\Local\Programs\Python\Python313\Lib\site-packages\mysql\connector\connection.py", line 95, in __init__
    self.connect(**kwargs)
    ~~~~~~~~~~~~^^^^^^^^^^
  File "C:\Users\varsz\AppData\Local\Programs\Python\Python313\Lib\site-packages\mysql\connector\abstracts.py", line 716, in connect
    self._open_connection()
    ~~~~~~~~~~~~~~~~~~~~~^^
  File "C:\Users\varsz\AppData\Local\Programs\Python\Python313\Lib\site-packages\mysql\connector\connection.py", line 206, in _open_connection
    self._socket.open_connection()
    ~~~~~~~~~~~~~~~~~~~~~~~~~~~~^^
  File "C:\Users\varsz\AppData\Local\Programs\Python\Python313\Lib\site-packages\mysql\connector\network.py", line 511, in open_connection
    raise errors.InterfaceError(
        errno=2003, values=(self.get_address(), _strioerror(err)))
mysql.connector.errors.InterfaceError: 2003: Can't connect to MySQL server on 'localhost:3306' (10061 No connection could be made because the target machine actively refused it)
2026-07-14 15:06:46,362 - ERROR - /recent error: 2003: Can't connect to MySQL server on 'localhost:3306' (10061 No connection could be made because the target machine actively refused it)
Traceback (most recent call last):
  File "C:\Users\varsz\AppData\Local\Programs\Python\Python313\Lib\site-packages\mysql\connector\network.py", line 509, in open_connection
    self.sock.connect(sockaddr)
    ~~~~~~~~~~~~~~~~~^^^^^^^^^^
ConnectionRefusedError: [WinError 10061] No connection could be made because the target machine actively refused it

During handling of the above exception, another exception occurred:

Traceback (most recent call last):
  File "C:\laragon\www\Drone-Dashboard-Website\serverWithForwardV2.py", line 245, in recent_route
    conn = connect_database()
  File "C:\laragon\www\Drone-Dashboard-Website\serverWithForwardV2.py", line 101, in connect_database
    return mysql.connector.connect(
           ~~~~~~~~~~~~~~~~~~~~~~~^
        host=DB_CONFIG["host"],
        ^^^^^^^^^^^^^^^^^^^^^^^
    ...<2 lines>...
        database=DB_CONFIG["database"],
        ^^^^^^^^^^^^^^^^^^^^^^^^^^^^^^^
    )
    ^
  File "C:\Users\varsz\AppData\Local\Programs\Python\Python313\Lib\site-packages\mysql\connector\__init__.py", line 179, in connect
    return MySQLConnection(*args, **kwargs)
  File "C:\Users\varsz\AppData\Local\Programs\Python\Python313\Lib\site-packages\mysql\connector\connection.py", line 95, in __init__
    self.connect(**kwargs)
    ~~~~~~~~~~~~^^^^^^^^^^
  File "C:\Users\varsz\AppData\Local\Programs\Python\Python313\Lib\site-packages\mysql\connector\abstracts.py", line 716, in connect
    self._open_connection()
    ~~~~~~~~~~~~~~~~~~~~~^^
  File "C:\Users\varsz\AppData\Local\Programs\Python\Python313\Lib\site-packages\mysql\connector\connection.py", line 206, in _open_connection
    self._socket.open_connection()
    ~~~~~~~~~~~~~~~~~~~~~~~~~~~~^^
  File "C:\Users\varsz\AppData\Local\Programs\Python\Python313\Lib\site-packages\mysql\connector\network.py", line 511, in open_connection
    raise errors.InterfaceError(
        errno=2003, values=(self.get_address(), _strioerror(err)))
mysql.connector.errors.InterfaceError: 2003: Can't connect to MySQL server on 'localhost:3306' (10061 No connection could be made because the target machine actively refused it)
2026-07-14 15:06:49,356 - ERROR - /recent error: 2003: Can't connect to MySQL server on 'localhost:3306' (10061 No connection could be made because the target machine actively refused it)
Traceback (most recent call last):
  File "C:\Users\varsz\AppData\Local\Programs\Python\Python313\Lib\site-packages\mysql\connector\network.py", line 509, in open_connection
    self.sock.connect(sockaddr)
    ~~~~~~~~~~~~~~~~~^^^^^^^^^^
ConnectionRefusedError: [WinError 10061] No connection could be made because the target machine actively refused it

During handling of the above exception, another exception occurred:

Traceback (most recent call last):
  File "C:\laragon\www\Drone-Dashboard-Website\serverWithForwardV2.py", line 245, in recent_route
    conn = connect_database()
  File "C:\laragon\www\Drone-Dashboard-Website\serverWithForwardV2.py", line 101, in connect_database
    return mysql.connector.connect(
           ~~~~~~~~~~~~~~~~~~~~~~~^
        host=DB_CONFIG["host"],
        ^^^^^^^^^^^^^^^^^^^^^^^
    ...<2 lines>...
        database=DB_CONFIG["database"],
        ^^^^^^^^^^^^^^^^^^^^^^^^^^^^^^^
    )
    ^
  File "C:\Users\varsz\AppData\Local\Programs\Python\Python313\Lib\site-packages\mysql\connector\__init__.py", line 179, in connect
    return MySQLConnection(*args, **kwargs)
  File "C:\Users\varsz\AppData\Local\Programs\Python\Python313\Lib\site-packages\mysql\connector\connection.py", line 95, in __init__
    self.connect(**kwargs)
    ~~~~~~~~~~~~^^^^^^^^^^
  File "C:\Users\varsz\AppData\Local\Programs\Python\Python313\Lib\site-packages\mysql\connector\abstracts.py", line 716, in connect
    self._open_connection()
    ~~~~~~~~~~~~~~~~~~~~~^^
  File "C:\Users\varsz\AppData\Local\Programs\Python\Python313\Lib\site-packages\mysql\connector\connection.py", line 206, in _open_connection
    self._socket.open_connection()
    ~~~~~~~~~~~~~~~~~~~~~~~~~~~~^^
  File "C:\Users\varsz\AppData\Local\Programs\Python\Python313\Lib\site-packages\mysql\connector\network.py", line 511, in open_connection
    raise errors.InterfaceError(
        errno=2003, values=(self.get_address(), _strioerror(err)))
mysql.connector.errors.InterfaceError: 2003: Can't connect to MySQL server on 'localhost:3306' (10061 No connection could be made because the target machine actively refused it)
2026-07-14 15:06:52,362 - ERROR - /recent error: 2003: Can't connect to MySQL server on 'localhost:3306' (10061 No connection could be made because the target machine actively refused it)
Traceback (most recent call last):
  File "C:\Users\varsz\AppData\Local\Programs\Python\Python313\Lib\site-packages\mysql\connector\network.py", line 509, in open_connection
    self.sock.connect(sockaddr)
    ~~~~~~~~~~~~~~~~~^^^^^^^^^^
ConnectionRefusedError: [WinError 10061] No connection could be made because the target machine actively refused it

During handling of the above exception, another exception occurred:

Traceback (most recent call last):
  File "C:\laragon\www\Drone-Dashboard-Website\serverWithForwardV2.py", line 245, in recent_route
    conn = connect_database()
  File "C:\laragon\www\Drone-Dashboard-Website\serverWithForwardV2.py", line 101, in connect_database
    return mysql.connector.connect(
           ~~~~~~~~~~~~~~~~~~~~~~~^
        host=DB_CONFIG["host"],
        ^^^^^^^^^^^^^^^^^^^^^^^
    ...<2 lines>...
        database=DB_CONFIG["database"],
        ^^^^^^^^^^^^^^^^^^^^^^^^^^^^^^^
    )
    ^
  File "C:\Users\varsz\AppData\Local\Programs\Python\Python313\Lib\site-packages\mysql\connector\__init__.py", line 179, in connect
    return MySQLConnection(*args, **kwargs)
  File "C:\Users\varsz\AppData\Local\Programs\Python\Python313\Lib\site-packages\mysql\connector\connection.py", line 95, in __init__
    self.connect(**kwargs)
    ~~~~~~~~~~~~^^^^^^^^^^
  File "C:\Users\varsz\AppData\Local\Programs\Python\Python313\Lib\site-packages\mysql\connector\abstracts.py", line 716, in connect
    self._open_connection()
    ~~~~~~~~~~~~~~~~~~~~~^^
  File "C:\Users\varsz\AppData\Local\Programs\Python\Python313\Lib\site-packages\mysql\connector\connection.py", line 206, in _open_connection
    self._socket.open_connection()
    ~~~~~~~~~~~~~~~~~~~~~~~~~~~~^^
  File "C:\Users\varsz\AppData\Local\Programs\Python\Python313\Lib\site-packages\mysql\connector\network.py", line 511, in open_connection
    raise errors.InterfaceError(
        errno=2003, values=(self.get_address(), _strioerror(err)))
mysql.connector.errors.InterfaceError: 2003: Can't connect to MySQL server on 'localhost:3306' (10061 No connection could be made because the target machine actively refused it)
2026-07-14 15:06:55,362 - ERROR - /recent error: 2003: Can't connect to MySQL server on 'localhost:3306' (10061 No connection could be made because the target machine actively refused it)
Traceback (most recent call last):
  File "C:\Users\varsz\AppData\Local\Programs\Python\Python313\Lib\site-packages\mysql\connector\network.py", line 509, in open_connection
    self.sock.connect(sockaddr)
    ~~~~~~~~~~~~~~~~~^^^^^^^^^^
ConnectionRefusedError: [WinError 10061] No connection could be made because the target machine actively refused it

During handling of the above exception, another exception occurred:

Traceback (most recent call last):
  File "C:\laragon\www\Drone-Dashboard-Website\serverWithForwardV2.py", line 245, in recent_route
    conn = connect_database()
  File "C:\laragon\www\Drone-Dashboard-Website\serverWithForwardV2.py", line 101, in connect_database
    return mysql.connector.connect(
           ~~~~~~~~~~~~~~~~~~~~~~~^
        host=DB_CONFIG["host"],
        ^^^^^^^^^^^^^^^^^^^^^^^
    ...<2 lines>...
        database=DB_CONFIG["database"],
        ^^^^^^^^^^^^^^^^^^^^^^^^^^^^^^^
    )
    ^
  File "C:\Users\varsz\AppData\Local\Programs\Python\Python313\Lib\site-packages\mysql\connector\__init__.py", line 179, in connect
    return MySQLConnection(*args, **kwargs)
  File "C:\Users\varsz\AppData\Local\Programs\Python\Python313\Lib\site-packages\mysql\connector\connection.py", line 95, in __init__
    self.connect(**kwargs)
    ~~~~~~~~~~~~^^^^^^^^^^
  File "C:\Users\varsz\AppData\Local\Programs\Python\Python313\Lib\site-packages\mysql\connector\abstracts.py", line 716, in connect
    self._open_connection()
    ~~~~~~~~~~~~~~~~~~~~~^^
  File "C:\Users\varsz\AppData\Local\Programs\Python\Python313\Lib\site-packages\mysql\connector\connection.py", line 206, in _open_connection
    self._socket.open_connection()
    ~~~~~~~~~~~~~~~~~~~~~~~~~~~~^^
  File "C:\Users\varsz\AppData\Local\Programs\Python\Python313\Lib\site-packages\mysql\connector\network.py", line 511, in open_connection
    raise errors.InterfaceError(
        errno=2003, values=(self.get_address(), _strioerror(err)))
mysql.connector.errors.InterfaceError: 2003: Can't connect to MySQL server on 'localhost:3306' (10061 No connection could be made because the target machine actively refused it)
2026-07-14 15:06:58,349 - ERROR - /recent error: 2003: Can't connect to MySQL server on 'localhost:3306' (10061 No connection could be made because the target machine actively refused it)
Traceback (most recent call last):
  File "C:\Users\varsz\AppData\Local\Programs\Python\Python313\Lib\site-packages\mysql\connector\network.py", line 509, in open_connection
    self.sock.connect(sockaddr)
    ~~~~~~~~~~~~~~~~~^^^^^^^^^^
ConnectionRefusedError: [WinError 10061] No connection could be made because the target machine actively refused it

During handling of the above exception, another exception occurred:

Traceback (most recent call last):
  File "C:\laragon\www\Drone-Dashboard-Website\serverWithForwardV2.py", line 245, in recent_route
    conn = connect_database()
  File "C:\laragon\www\Drone-Dashboard-Website\serverWithForwardV2.py", line 101, in connect_database
    return mysql.connector.connect(
           ~~~~~~~~~~~~~~~~~~~~~~~^
        host=DB_CONFIG["host"],
        ^^^^^^^^^^^^^^^^^^^^^^^
    ...<2 lines>...
        database=DB_CONFIG["database"],
        ^^^^^^^^^^^^^^^^^^^^^^^^^^^^^^^
    )
    ^
  File "C:\Users\varsz\AppData\Local\Programs\Python\Python313\Lib\site-packages\mysql\connector\__init__.py", line 179, in connect
    return MySQLConnection(*args, **kwargs)
  File "C:\Users\varsz\AppData\Local\Programs\Python\Python313\Lib\site-packages\mysql\connector\connection.py", line 95, in __init__
    self.connect(**kwargs)
    ~~~~~~~~~~~~^^^^^^^^^^
  File "C:\Users\varsz\AppData\Local\Programs\Python\Python313\Lib\site-packages\mysql\connector\abstracts.py", line 716, in connect
    self._open_connection()
    ~~~~~~~~~~~~~~~~~~~~~^^
  File "C:\Users\varsz\AppData\Local\Programs\Python\Python313\Lib\site-packages\mysql\connector\connection.py", line 206, in _open_connection
    self._socket.open_connection()
    ~~~~~~~~~~~~~~~~~~~~~~~~~~~~^^
  File "C:\Users\varsz\AppData\Local\Programs\Python\Python313\Lib\site-packages\mysql\connector\network.py", line 511, in open_connection
    raise errors.InterfaceError(
        errno=2003, values=(self.get_address(), _strioerror(err)))
mysql.connector.errors.InterfaceError: 2003: Can't connect to MySQL server on 'localhost:3306' (10061 No connection could be made because the target machine actively refused it)
2026-07-14 15:07:01,359 - ERROR - /recent error: 2003: Can't connect to MySQL server on 'localhost:3306' (10061 No connection could be made because the target machine actively refused it)
Traceback (most recent call last):
  File "C:\Users\varsz\AppData\Local\Programs\Python\Python313\Lib\site-packages\mysql\connector\network.py", line 509, in open_connection
    self.sock.connect(sockaddr)
    ~~~~~~~~~~~~~~~~~^^^^^^^^^^
ConnectionRefusedError: [WinError 10061] No connection could be made because the target machine actively refused it

During handling of the above exception, another exception occurred:

Traceback (most recent call last):
  File "C:\laragon\www\Drone-Dashboard-Website\serverWithForwardV2.py", line 245, in recent_route
    conn = connect_database()
  File "C:\laragon\www\Drone-Dashboard-Website\serverWithForwardV2.py", line 101, in connect_database
    return mysql.connector.connect(
           ~~~~~~~~~~~~~~~~~~~~~~~^
        host=DB_CONFIG["host"],
        ^^^^^^^^^^^^^^^^^^^^^^^
    ...<2 lines>...
        database=DB_CONFIG["database"],
        ^^^^^^^^^^^^^^^^^^^^^^^^^^^^^^^
    )
    ^
  File "C:\Users\varsz\AppData\Local\Programs\Python\Python313\Lib\site-packages\mysql\connector\__init__.py", line 179, in connect
    return MySQLConnection(*args, **kwargs)
  File "C:\Users\varsz\AppData\Local\Programs\Python\Python313\Lib\site-packages\mysql\connector\connection.py", line 95, in __init__
    self.connect(**kwargs)
    ~~~~~~~~~~~~^^^^^^^^^^
  File "C:\Users\varsz\AppData\Local\Programs\Python\Python313\Lib\site-packages\mysql\connector\abstracts.py", line 716, in connect
    self._open_connection()
    ~~~~~~~~~~~~~~~~~~~~~^^
  File "C:\Users\varsz\AppData\Local\Programs\Python\Python313\Lib\site-packages\mysql\connector\connection.py", line 206, in _open_connection
    self._socket.open_connection()
    ~~~~~~~~~~~~~~~~~~~~~~~~~~~~^^
  File "C:\Users\varsz\AppData\Local\Programs\Python\Python313\Lib\site-packages\mysql\connector\network.py", line 511, in open_connection
    raise errors.InterfaceError(
        errno=2003, values=(self.get_address(), _strioerror(err)))
mysql.connector.errors.InterfaceError: 2003: Can't connect to MySQL server on 'localhost:3306' (10061 No connection could be made because the target machine actively refused it)
2026-07-14 15:07:04,239 - ERROR - /data POST error: 2003: Can't connect to MySQL server on 'localhost:3306' (10061 No connection could be made because the target machine actively refused it)
Traceback (most recent call last):
  File "C:\Users\varsz\AppData\Local\Programs\Python\Python313\Lib\site-packages\mysql\connector\network.py", line 509, in open_connection
    self.sock.connect(sockaddr)
    ~~~~~~~~~~~~~~~~~^^^^^^^^^^
ConnectionRefusedError: [WinError 10061] No connection could be made because the target machine actively refused it

During handling of the above exception, another exception occurred:

Traceback (most recent call last):
  File "C:\laragon\www\Drone-Dashboard-Website\serverWithForwardV2.py", line 196, in data_route
    conn = connect_database()
  File "C:\laragon\www\Drone-Dashboard-Website\serverWithForwardV2.py", line 101, in connect_database
    return mysql.connector.connect(
           ~~~~~~~~~~~~~~~~~~~~~~~^
        host=DB_CONFIG["host"],
        ^^^^^^^^^^^^^^^^^^^^^^^
    ...<2 lines>...
        database=DB_CONFIG["database"],
        ^^^^^^^^^^^^^^^^^^^^^^^^^^^^^^^
    )
    ^
  File "C:\Users\varsz\AppData\Local\Programs\Python\Python313\Lib\site-packages\mysql\connector\__init__.py", line 179, in connect
    return MySQLConnection(*args, **kwargs)
  File "C:\Users\varsz\AppData\Local\Programs\Python\Python313\Lib\site-packages\mysql\connector\connection.py", line 95, in __init__
    self.connect(**kwargs)
    ~~~~~~~~~~~~^^^^^^^^^^
  File "C:\Users\varsz\AppData\Local\Programs\Python\Python313\Lib\site-packages\mysql\connector\abstracts.py", line 716, in connect
    self._open_connection()
    ~~~~~~~~~~~~~~~~~~~~~^^
  File "C:\Users\varsz\AppData\Local\Programs\Python\Python313\Lib\site-packages\mysql\connector\connection.py", line 206, in _open_connection
    self._socket.open_connection()
    ~~~~~~~~~~~~~~~~~~~~~~~~~~~~^^
  File "C:\Users\varsz\AppData\Local\Programs\Python\Python313\Lib\site-packages\mysql\connector\network.py", line 511, in open_connection
    raise errors.InterfaceError(
        errno=2003, values=(self.get_address(), _strioerror(err)))
mysql.connector.errors.InterfaceError: 2003: Can't connect to MySQL server on 'localhost:3306' (10061 No connection could be made because the target machine actively refused it)
2026-07-14 15:07:04,382 - ERROR - /recent error: 2003: Can't connect to MySQL server on 'localhost:3306' (10061 No connection could be made because the target machine actively refused it)
Traceback (most recent call last):
  File "C:\Users\varsz\AppData\Local\Programs\Python\Python313\Lib\site-packages\mysql\connector\network.py", line 509, in open_connection
    self.sock.connect(sockaddr)
    ~~~~~~~~~~~~~~~~~^^^^^^^^^^
ConnectionRefusedError: [WinError 10061] No connection could be made because the target machine actively refused it

During handling of the above exception, another exception occurred:

Traceback (most recent call last):
  File "C:\laragon\www\Drone-Dashboard-Website\serverWithForwardV2.py", line 245, in recent_route
    conn = connect_database()
  File "C:\laragon\www\Drone-Dashboard-Website\serverWithForwardV2.py", line 101, in connect_database
    return mysql.connector.connect(
           ~~~~~~~~~~~~~~~~~~~~~~~^
        host=DB_CONFIG["host"],
        ^^^^^^^^^^^^^^^^^^^^^^^
    ...<2 lines>...
        database=DB_CONFIG["database"],
        ^^^^^^^^^^^^^^^^^^^^^^^^^^^^^^^
    )
    ^
  File "C:\Users\varsz\AppData\Local\Programs\Python\Python313\Lib\site-packages\mysql\connector\__init__.py", line 179, in connect
    return MySQLConnection(*args, **kwargs)
  File "C:\Users\varsz\AppData\Local\Programs\Python\Python313\Lib\site-packages\mysql\connector\connection.py", line 95, in __init__
    self.connect(**kwargs)
    ~~~~~~~~~~~~^^^^^^^^^^
  File "C:\Users\varsz\AppData\Local\Programs\Python\Python313\Lib\site-packages\mysql\connector\abstracts.py", line 716, in connect
    self._open_connection()
    ~~~~~~~~~~~~~~~~~~~~~^^
  File "C:\Users\varsz\AppData\Local\Programs\Python\Python313\Lib\site-packages\mysql\connector\connection.py", line 206, in _open_connection
    self._socket.open_connection()
    ~~~~~~~~~~~~~~~~~~~~~~~~~~~~^^
  File "C:\Users\varsz\AppData\Local\Programs\Python\Python313\Lib\site-packages\mysql\connector\network.py", line 511, in open_connection
    raise errors.InterfaceError(
        errno=2003, values=(self.get_address(), _strioerror(err)))
mysql.connector.errors.InterfaceError: 2003: Can't connect to MySQL server on 'localhost:3306' (10061 No connection could be made because the target machine actively refused it)
2026-07-14 15:07:07,405 - ERROR - /recent error: 2003: Can't connect to MySQL server on 'localhost:3306' (10061 No connection could be made because the target machine actively refused it)
Traceback (most recent call last):
  File "C:\Users\varsz\AppData\Local\Programs\Python\Python313\Lib\site-packages\mysql\connector\network.py", line 509, in open_connection
    self.sock.connect(sockaddr)
    ~~~~~~~~~~~~~~~~~^^^^^^^^^^
ConnectionRefusedError: [WinError 10061] No connection could be made because the target machine actively refused it

During handling of the above exception, another exception occurred:

Traceback (most recent call last):
  File "C:\laragon\www\Drone-Dashboard-Website\serverWithForwardV2.py", line 245, in recent_route
    conn = connect_database()
  File "C:\laragon\www\Drone-Dashboard-Website\serverWithForwardV2.py", line 101, in connect_database
    return mysql.connector.connect(
           ~~~~~~~~~~~~~~~~~~~~~~~^
        host=DB_CONFIG["host"],
        ^^^^^^^^^^^^^^^^^^^^^^^
    ...<2 lines>...
        database=DB_CONFIG["database"],
        ^^^^^^^^^^^^^^^^^^^^^^^^^^^^^^^
    )
    ^
  File "C:\Users\varsz\AppData\Local\Programs\Python\Python313\Lib\site-packages\mysql\connector\__init__.py", line 179, in connect
    return MySQLConnection(*args, **kwargs)
  File "C:\Users\varsz\AppData\Local\Programs\Python\Python313\Lib\site-packages\mysql\connector\connection.py", line 95, in __init__
    self.connect(**kwargs)
    ~~~~~~~~~~~~^^^^^^^^^^
  File "C:\Users\varsz\AppData\Local\Programs\Python\Python313\Lib\site-packages\mysql\connector\abstracts.py", line 716, in connect
    self._open_connection()
    ~~~~~~~~~~~~~~~~~~~~~^^
  File "C:\Users\varsz\AppData\Local\Programs\Python\Python313\Lib\site-packages\mysql\connector\connection.py", line 206, in _open_connection
    self._socket.open_connection()
    ~~~~~~~~~~~~~~~~~~~~~~~~~~~~^^
  File "C:\Users\varsz\AppData\Local\Programs\Python\Python313\Lib\site-packages\mysql\connector\network.py", line 511, in open_connection
    raise errors.InterfaceError(
        errno=2003, values=(self.get_address(), _strioerror(err)))
mysql.connector.errors.InterfaceError: 2003: Can't connect to MySQL server on 'localhost:3306' (10061 No connection could be made because the target machine actively refused it)
2026-07-14 15:07:10,378 - ERROR - /recent error: 2003: Can't connect to MySQL server on 'localhost:3306' (10061 No connection could be made because the target machine actively refused it)
Traceback (most recent call last):
  File "C:\Users\varsz\AppData\Local\Programs\Python\Python313\Lib\site-packages\mysql\connector\network.py", line 509, in open_connection
    self.sock.connect(sockaddr)
    ~~~~~~~~~~~~~~~~~^^^^^^^^^^
ConnectionRefusedError: [WinError 10061] No connection could be made because the target machine actively refused it

During handling of the above exception, another exception occurred:

Traceback (most recent call last):
  File "C:\laragon\www\Drone-Dashboard-Website\serverWithForwardV2.py", line 245, in recent_route
    conn = connect_database()
  File "C:\laragon\www\Drone-Dashboard-Website\serverWithForwardV2.py", line 101, in connect_database
    return mysql.connector.connect(
           ~~~~~~~~~~~~~~~~~~~~~~~^
        host=DB_CONFIG["host"],
        ^^^^^^^^^^^^^^^^^^^^^^^
    ...<2 lines>...
        database=DB_CONFIG["database"],
        ^^^^^^^^^^^^^^^^^^^^^^^^^^^^^^^
    )
    ^
  File "C:\Users\varsz\AppData\Local\Programs\Python\Python313\Lib\site-packages\mysql\connector\__init__.py", line 179, in connect
    return MySQLConnection(*args, **kwargs)
  File "C:\Users\varsz\AppData\Local\Programs\Python\Python313\Lib\site-packages\mysql\connector\connection.py", line 95, in __init__
    self.connect(**kwargs)
    ~~~~~~~~~~~~^^^^^^^^^^
  File "C:\Users\varsz\AppData\Local\Programs\Python\Python313\Lib\site-packages\mysql\connector\abstracts.py", line 716, in connect
    self._open_connection()
    ~~~~~~~~~~~~~~~~~~~~~^^
  File "C:\Users\varsz\AppData\Local\Programs\Python\Python313\Lib\site-packages\mysql\connector\connection.py", line 206, in _open_connection
    self._socket.open_connection()
    ~~~~~~~~~~~~~~~~~~~~~~~~~~~~^^
  File "C:\Users\varsz\AppData\Local\Programs\Python\Python313\Lib\site-packages\mysql\connector\network.py", line 511, in open_connection
    raise errors.InterfaceError(
        errno=2003, values=(self.get_address(), _strioerror(err)))
mysql.connector.errors.InterfaceError: 2003: Can't connect to MySQL server on 'localhost:3306' (10061 No connection could be made because the target machine actively refused it)
2026-07-14 15:07:13,359 - ERROR - /recent error: 2003: Can't connect to MySQL server on 'localhost:3306' (10061 No connection could be made because the target machine actively refused it)
Traceback (most recent call last):
  File "C:\Users\varsz\AppData\Local\Programs\Python\Python313\Lib\site-packages\mysql\connector\network.py", line 509, in open_connection
    self.sock.connect(sockaddr)
    ~~~~~~~~~~~~~~~~~^^^^^^^^^^
ConnectionRefusedError: [WinError 10061] No connection could be made because the target machine actively refused it

During handling of the above exception, another exception occurred:

Traceback (most recent call last):
  File "C:\laragon\www\Drone-Dashboard-Website\serverWithForwardV2.py", line 245, in recent_route
    conn = connect_database()
  File "C:\laragon\www\Drone-Dashboard-Website\serverWithForwardV2.py", line 101, in connect_database
    return mysql.connector.connect(
           ~~~~~~~~~~~~~~~~~~~~~~~^
        host=DB_CONFIG["host"],
        ^^^^^^^^^^^^^^^^^^^^^^^
    ...<2 lines>...
        database=DB_CONFIG["database"],
        ^^^^^^^^^^^^^^^^^^^^^^^^^^^^^^^
    )
    ^
  File "C:\Users\varsz\AppData\Local\Programs\Python\Python313\Lib\site-packages\mysql\connector\__init__.py", line 179, in connect
    return MySQLConnection(*args, **kwargs)
  File "C:\Users\varsz\AppData\Local\Programs\Python\Python313\Lib\site-packages\mysql\connector\connection.py", line 95, in __init__
    self.connect(**kwargs)
    ~~~~~~~~~~~~^^^^^^^^^^
  File "C:\Users\varsz\AppData\Local\Programs\Python\Python313\Lib\site-packages\mysql\connector\abstracts.py", line 716, in connect
    self._open_connection()
    ~~~~~~~~~~~~~~~~~~~~~^^
  File "C:\Users\varsz\AppData\Local\Programs\Python\Python313\Lib\site-packages\mysql\connector\connection.py", line 206, in _open_connection
    self._socket.open_connection()
    ~~~~~~~~~~~~~~~~~~~~~~~~~~~~^^
  File "C:\Users\varsz\AppData\Local\Programs\Python\Python313\Lib\site-packages\mysql\connector\network.py", line 511, in open_connection
    raise errors.InterfaceError(
        errno=2003, values=(self.get_address(), _strioerror(err)))
mysql.connector.errors.InterfaceError: 2003: Can't connect to MySQL server on 'localhost:3306' (10061 No connection could be made because the target machine actively refused it)
2026-07-14 15:07:16,376 - ERROR - /recent error: 2003: Can't connect to MySQL server on 'localhost:3306' (10061 No connection could be made because the target machine actively refused it)
Traceback (most recent call last):
  File "C:\Users\varsz\AppData\Local\Programs\Python\Python313\Lib\site-packages\mysql\connector\network.py", line 509, in open_connection
    self.sock.connect(sockaddr)
    ~~~~~~~~~~~~~~~~~^^^^^^^^^^
ConnectionRefusedError: [WinError 10061] No connection could be made because the target machine actively refused it

During handling of the above exception, another exception occurred:

Traceback (most recent call last):
  File "C:\laragon\www\Drone-Dashboard-Website\serverWithForwardV2.py", line 245, in recent_route
    conn = connect_database()
  File "C:\laragon\www\Drone-Dashboard-Website\serverWithForwardV2.py", line 101, in connect_database
    return mysql.connector.connect(
           ~~~~~~~~~~~~~~~~~~~~~~~^
        host=DB_CONFIG["host"],
        ^^^^^^^^^^^^^^^^^^^^^^^
    ...<2 lines>...
        database=DB_CONFIG["database"],
        ^^^^^^^^^^^^^^^^^^^^^^^^^^^^^^^
    )
    ^
  File "C:\Users\varsz\AppData\Local\Programs\Python\Python313\Lib\site-packages\mysql\connector\__init__.py", line 179, in connect
    return MySQLConnection(*args, **kwargs)
  File "C:\Users\varsz\AppData\Local\Programs\Python\Python313\Lib\site-packages\mysql\connector\connection.py", line 95, in __init__
    self.connect(**kwargs)
    ~~~~~~~~~~~~^^^^^^^^^^
  File "C:\Users\varsz\AppData\Local\Programs\Python\Python313\Lib\site-packages\mysql\connector\abstracts.py", line 716, in connect
    self._open_connection()
    ~~~~~~~~~~~~~~~~~~~~~^^
  File "C:\Users\varsz\AppData\Local\Programs\Python\Python313\Lib\site-packages\mysql\connector\connection.py", line 206, in _open_connection
    self._socket.open_connection()
    ~~~~~~~~~~~~~~~~~~~~~~~~~~~~^^
  File "C:\Users\varsz\AppData\Local\Programs\Python\Python313\Lib\site-packages\mysql\connector\network.py", line 511, in open_connection
    raise errors.InterfaceError(
        errno=2003, values=(self.get_address(), _strioerror(err)))
mysql.connector.errors.InterfaceError: 2003: Can't connect to MySQL server on 'localhost:3306' (10061 No connection could be made because the target machine actively refused it)
2026-07-14 15:07:19,368 - ERROR - /recent error: 2003: Can't connect to MySQL server on 'localhost:3306' (10061 No connection could be made because the target machine actively refused it)
Traceback (most recent call last):
  File "C:\Users\varsz\AppData\Local\Programs\Python\Python313\Lib\site-packages\mysql\connector\network.py", line 509, in open_connection
    self.sock.connect(sockaddr)
    ~~~~~~~~~~~~~~~~~^^^^^^^^^^
ConnectionRefusedError: [WinError 10061] No connection could be made because the target machine actively refused it

During handling of the above exception, another exception occurred:

Traceback (most recent call last):
  File "C:\laragon\www\Drone-Dashboard-Website\serverWithForwardV2.py", line 245, in recent_route
    conn = connect_database()
  File "C:\laragon\www\Drone-Dashboard-Website\serverWithForwardV2.py", line 101, in connect_database
    return mysql.connector.connect(
           ~~~~~~~~~~~~~~~~~~~~~~~^
        host=DB_CONFIG["host"],
        ^^^^^^^^^^^^^^^^^^^^^^^
    ...<2 lines>...
        database=DB_CONFIG["database"],
        ^^^^^^^^^^^^^^^^^^^^^^^^^^^^^^^
    )
    ^
  File "C:\Users\varsz\AppData\Local\Programs\Python\Python313\Lib\site-packages\mysql\connector\__init__.py", line 179, in connect
    return MySQLConnection(*args, **kwargs)
  File "C:\Users\varsz\AppData\Local\Programs\Python\Python313\Lib\site-packages\mysql\connector\connection.py", line 95, in __init__
    self.connect(**kwargs)
    ~~~~~~~~~~~~^^^^^^^^^^
  File "C:\Users\varsz\AppData\Local\Programs\Python\Python313\Lib\site-packages\mysql\connector\abstracts.py", line 716, in connect
    self._open_connection()
    ~~~~~~~~~~~~~~~~~~~~~^^
  File "C:\Users\varsz\AppData\Local\Programs\Python\Python313\Lib\site-packages\mysql\connector\connection.py", line 206, in _open_connection
    self._socket.open_connection()
    ~~~~~~~~~~~~~~~~~~~~~~~~~~~~^^
  File "C:\Users\varsz\AppData\Local\Programs\Python\Python313\Lib\site-packages\mysql\connector\network.py", line 511, in open_connection
    raise errors.InterfaceError(
        errno=2003, values=(self.get_address(), _strioerror(err)))
mysql.connector.errors.InterfaceError: 2003: Can't connect to MySQL server on 'localhost:3306' (10061 No connection could be made because the target machine actively refused it)
2026-07-14 15:30:11,603 - INFO - Cancel requested; command queue cleared
2026-07-14 15:30:11,746 - INFO - Cancel requested; command queue cleared
2026-07-14 15:30:11,874 - INFO - Cancel requested; command queue cleared
2026-07-14 15:30:12,019 - INFO - Cancel requested; command queue cleared
2026-07-14 15:30:12,162 - INFO - Cancel requested; command queue cleared
2026-07-14 15:30:12,306 - INFO - Cancel requested; command queue cleared
2026-07-14 15:30:12,513 - INFO - Cancel requested; command queue cleared
2026-07-14 15:30:14,054 - INFO - Cancel requested; command queue cleared
2026-07-14 15:30:14,196 - INFO - Cancel requested; command queue cleared
2026-07-14 15:30:14,324 - INFO - Cancel requested; command queue cleared
2026-07-14 15:30:14,517 - INFO - Cancel requested; command queue cleared
2026-07-14 15:30:58,985 - INFO - Database initialized
2026-07-14 15:35:20,571 - INFO - Cancel requested; command queue cleared
2026-07-14 15:35:20,811 - INFO - Cancel requested; command queue cleared
2026-07-14 15:35:20,922 - INFO - Cancel requested; command queue cleared
2026-07-14 15:35:21,049 - INFO - Cancel requested; command queue cleared
2026-07-14 15:35:21,177 - INFO - Cancel requested; command queue cleared
2026-07-14 15:35:21,304 - INFO - Cancel requested; command queue cleared
2026-07-14 15:35:21,431 - INFO - Cancel requested; command queue cleared
2026-07-14 15:35:21,558 - INFO - Cancel requested; command queue cleared
2026-07-14 15:35:21,686 - INFO - Cancel requested; command queue cleared
2026-07-14 15:35:21,813 - INFO - Cancel requested; command queue cleared
2026-07-14 15:35:21,940 - INFO - Cancel requested; command queue cleared
2026-07-14 15:35:22,056 - INFO - Cancel requested; command queue cleared
2026-07-14 15:35:22,182 - INFO - Cancel requested; command queue cleared
2026-07-14 15:35:22,323 - INFO - Cancel requested; command queue cleared
2026-07-14 15:35:22,450 - INFO - Cancel requested; command queue cleared
2026-07-14 15:35:22,577 - INFO - Cancel requested; command queue cleared
2026-07-14 15:35:22,688 - INFO - Cancel requested; command queue cleared
2026-07-14 15:35:22,815 - INFO - Cancel requested; command queue cleared
2026-07-14 15:35:22,942 - INFO - Cancel requested; command queue cleared
2026-07-14 15:35:23,069 - INFO - Cancel requested; command queue cleared
2026-07-14 15:35:23,183 - INFO - Cancel requested; command queue cleared
2026-07-14 15:35:23,324 - INFO - Cancel requested; command queue cleared
2026-07-14 15:35:23,440 - INFO - Cancel requested; command queue cleared
2026-07-14 15:35:23,563 - INFO - Cancel requested; command queue cleared
2026-07-14 15:46:15,124 - INFO - Database initialized
